{"type":"FeatureCollection","features":[{"type":"Feature","properties":{"n":1,"a":"wes"},"geometry":{"type":"LineString","coordinates":[[-122.7518,45.4064],[-122.7525,45.4155],[-122.7534,45.4169],[-122.7562,45.4196],[-122.7567,45.4201],[-122.7602,45.4228],[-122.7653,45.4267],[-122.7684,45.4291]]}},{"type":"Feature","properties":{"n":1,"a":"wes"},"geometry":{"type":"LineString","coordinates":[[-122.7684,45.4291],[-122.7675,45.4283]]}},{"type":"Feature","properties":{"n":1,"a":"wes"},"geometry":{"type":"LineString","coordinates":[[-122.775,45.3103],[-122.7752,45.3151]]}},{"type":"Feature","properties":{"n":1,"a":"wes"},"geometry":{"type":"LineString","coordinates":[[-122.7753,45.3105],[-122.7753,45.3114],[-122.7753,45.3137],[-122.7753,45.315],[-122.7752,45.3154]]}},{"type":"Feature","properties":{"n":1,"a":"wes"},"geometry":{"type":"LineString","coordinates":[[-122.7753,45.4327],[-122.7791,45.4347],[-122.7815,45.4388],[-122.7861,45.4481],[-122.7873,45.4514],[-122.7871,45.4576],[-122.787,45.4595],[-122.7866,45.471],[-122.7881,45.4736],[-122.7964,45.4833],[-122.7968,45.4838],[-122.7985,45.4857],[-122.8006,45.4868],[-122.8017,45.4902],[-122.8009,45.4909]]}},{"type":"Feature","properties":{"n":1,"a":"wes"},"geometry":{"type":"LineString","coordinates":[[-122.7753,45.4327],[-122.7697,45.4301],[-122.7684,45.4291]]}},{"type":"Feature","properties":{"n":1,"a":"wes"},"geometry":{"type":"LineString","coordinates":[[-122.7518,45.4064],[-122.7524,45.4147],[-122.7532,45.4166],[-122.7675,45.4283]]}},{"type":"Feature","properties":{"n":1,"a":"wes"},"geometry":{"type":"LineString","coordinates":[[-122.7752,45.3154],[-122.7756,45.318],[-122.7768,45.3201],[-122.7841,45.3283],[-122.7888,45.3315],[-122.7892,45.3318],[-122.7922,45.3344],[-122.7948,45.3407],[-122.7952,45.3432],[-122.7944,45.3463],[-122.794,45.3492],[-122.7953,45.3533],[-122.7952,45.3547],[-122.7871,45.3702],[-122.786,45.3719],[-122.7842,45.3736],[-122.7778,45.3768],[-122.7698,45.3781],[-122.7671,45.3784],[-122.7653,45.3795],[-122.7645,45.3809],[-122.7644,45.3836],[-122.7645,45.3958],[-122.7641,45.3971],[-122.762,45.3989],[-122.7541,45.4025],[-122.7522,45.4043],[-122.7518,45.4064]]}},{"type":"Feature","properties":{"n":1,"a":"wes"},"geometry":{"type":"LineString","coordinates":[[-122.7753,45.4327],[-122.7715,45.4312],[-122.7675,45.4283]]}},{"type":"Feature","properties":{"n":1,"a":"wes"},"geometry":{"type":"LineString","coordinates":[[-122.7752,45.3151],[-122.7752,45.3154]]}},{"type":"Feature","properties":{"n":1,"a":"wes"},"geometry":{"type":"LineString","coordinates":[[-122.7752,45.3133],[-122.7752,45.3151]]}},{"type":"Feature","properties":{"n":1,"a":"amtrak"},"geometry":{"type":"LineString","coordinates":[[-121.4788,38.5862],[-121.4762,38.5861],[-121.475,38.5883],[-121.474,38.5918],[-121.4704,38.6],[-121.468,38.6056],[-121.4666,38.6093],[-121.4664,38.6129],[-121.4708,38.6369],[-121.4743,38.655],[-121.4806,38.6883],[-121.4895,38.7349],[-121.4969,38.7742],[-121.5062,38.8229],[-121.5096,38.8408],[-121.5227,38.9096],[-121.5346,38.9719],[-121.5508,39.0558],[-121.5549,39.0767],[-121.5605,39.1057],[-121.5623,39.1114],[-121.5662,39.1159],[-121.594,39.1349],[-121.5984,39.1379],[-121.5993,39.139],[-121.6004,39.1448],[-121.6003,39.1467],[-121.5995,39.148],[-121.5927,39.1552],[-121.5922,39.1557],[-121.5915,39.1573],[-121.5929,39.1589],[-121.5965,39.1608],[-121.6011,39.1624],[-121.6064,39.1634],[-121.6126,39.1636],[-121.6173,39.1638],[-121.6208,39.1655],[-121.622,39.1671],[-121.6249,39.175],[-121.6336,39.1985],[-121.6518,39.2478],[-121.6653,39.2843],[-121.6729,39.3051],[-121.6749,39.3105],[-121.6836,39.3339],[-121.6905,39.3527],[-121.6938,39.3616],[-121.7109,39.4077],[-121.7135,39.4147],[-121.7257,39.4478],[-121.7417,39.4909],[-121.742,39.4916],[-121.7425,39.4928],[-121.7511,39.5162],[-121.7642,39.5515],[-121.7707,39.5689],[-121.8,39.6476],[-121.8172,39.6937],[-121.819,39.6973],[-121.8216,39.7008],[-121.8417,39.7192],[-121.8528,39.729],[-121.8617,39.7348],[-121.9419,39.7693],[-121.9511,39.7748],[-121.9579,39.7806],[-121.9614,39.7846],[-121.9661,39.7914],[-121.979,39.8115],[-122.0253,39.8838],[-122.0464,39.9166],[-122.0555,39.934],[-122.1029,40.0259],[-122.105,40.0283],[-122.1081,40.0295],[-122.1295,40.0276],[-122.1327,40.0283],[-122.1352,40.0302],[-122.1355,40.0306],[-122.1509,40.053],[-122.1621,40.0694],[-122.1705,40.0817],[-122.1912,40.1118],[-122.2058,40.1332],[-122.2127,40.1433],[-122.2177,40.1504],[-122.2219,40.1562],[-122.2347,40.171],[-122.2413,40.1787],[-122.2421,40.1801],[-122.2421,40.1823],[-122.2402,40.1871],[-122.2398,40.1895],[-122.2402,40.1923],[-122.2415,40.1949],[-122.2459,40.2031],[-122.2476,40.2051],[-122.2499,40.2068],[-122.2597,40.2118],[-122.2615,40.2134],[-122.2624,40.2153],[-122.2628,40.2201],[-122.2655,40.2272],[-122.2698,40.2329],[-122.2724,40.2347],[-122.2827,40.2388],[-122.3025,40.2467],[-122.306,40.2492],[-122.3082,40.2526],[-122.3114,40.2569],[-122.3123,40.259],[-122.3124,40.2637],[-122.3113,40.2751],[-122.3121,40.2783],[-122.3141,40.282],[-122.323,40.2902],[-122.3252,40.294],[-122.3282,40.3147],[-122.3277,40.3201],[-122.3264,40.3243],[-122.3164,40.3494],[-122.3141,40.3547],[-122.3112,40.3581],[-122.2858,40.3771],[-122.2778,40.383],[-122.2733,40.3857],[-122.2467,40.4011],[-122.2452,40.4029],[-122.2445,40.4051],[-122.2447,40.407],[-122.2459,40.4094],[-122.2499,40.4154],[-122.2674,40.4275],[-122.2731,40.4315],[-122.2843,40.4391],[-122.2907,40.4435],[-122.3252,40.467],[-122.343,40.4792],[-122.3753,40.5014],[-122.3773,40.5034],[-122.3788,40.5058],[-122.3802,40.5122],[-122.3844,40.5363],[-122.3848,40.5384],[-122.3874,40.5531],[-122.3883,40.5582],[-122.3885,40.5595],[-122.3887,40.5604],[-122.391,40.5738],[-122.3911,40.5741],[-122.3931,40.5838],[-122.3949,40.5865],[-122.3976,40.5891],[-122.398,40.5894],[-122.3997,40.592],[-122.3993,40.595],[-122.3981,40.5965],[-122.3903,40.6027],[-122.389,40.6044],[-122.3883,40.6065],[-122.3887,40.6179],[-122.3895,40.6197],[-122.3916,40.6222],[-122.395,40.6261],[-122.3964,40.6285],[-122.3981,40.6328],[-122.3981,40.6362],[-122.3972,40.64],[-122.3937,40.6441],[-122.3926,40.6461],[-122.3925,40.6509],[-122.3926,40.6516],[-122.3946,40.6701],[-122.3944,40.6723],[-122.393,40.6748],[-122.3906,40.6768],[-122.3875,40.678],[-122.3843,40.6784],[-122.3802,40.679],[-122.3771,40.6803],[-122.3749,40.6823],[-122.3722,40.6858],[-122.3694,40.6878],[-122.366,40.6899],[-122.364,40.6921],[-122.3607,40.7027],[-122.3589,40.7053],[-122.3565,40.707],[-122.3503,40.7096],[-122.3436,40.7113],[-122.3407,40.7121],[-122.3393,40.713],[-122.3384,40.7143],[-122.337,40.7187],[-122.3312,40.7226],[-122.3272,40.7345],[-122.3262,40.7369],[-122.3228,40.7415],[-122.3196,40.7548],[-122.3186,40.7658],[-122.3203,40.7726],[-122.3201,40.7749],[-122.318,40.7778],[-122.3126,40.7828],[-122.3115,40.7855],[-122.312,40.7881],[-122.3131,40.7898],[-122.3163,40.7921],[-122.3205,40.7939],[-122.3222,40.7956],[-122.3246,40.8115],[-122.3267,40.8148],[-122.3282,40.8177],[-122.3273,40.8226],[-122.328,40.8248],[-122.3296,40.826],[-122.3316,40.8266],[-122.334,40.8265],[-122.3366,40.8255],[-122.3395,40.8239],[-122.3421,40.8233],[-122.3445,40.8236],[-122.3466,40.8247],[-122.3481,40.8273],[-122.3473,40.8312],[-122.3474,40.8332],[-122.3492,40.8365],[-122.3574,40.8452],[-122.3592,40.8461],[-122.3646,40.8469],[-122.3695,40.8504],[-122.381,40.8617],[-122.3852,40.8645],[-122.3892,40.868],[-122.3903,40.8697],[-122.3903,40.8777],[-122.3898,40.8797],[-122.386,40.8841],[-122.3826,40.8864],[-122.3803,40.8876],[-122.3783,40.8897],[-122.3741,40.8986],[-122.3748,40.9012],[-122.3805,40.9076],[-122.3817,40.9096],[-122.3819,40.9135],[-122.3831,40.915],[-122.3867,40.9171],[-122.3934,40.9176],[-122.3962,40.9188],[-122.4014,40.9243],[-122.407,40.9279],[-122.4106,40.9353],[-122.4129,40.9377],[-122.4153,40.9382],[-122.4184,40.9377],[-122.4195,40.9381],[-122.4201,40.9393],[-122.4217,40.942],[-122.4254,40.9445],[-122.4275,40.9445],[-122.4305,40.9425],[-122.4319,40.9423],[-122.434,40.9428],[-122.4358,40.9448],[-122.4357,40.9464],[-122.4322,40.9506],[-122.4324,40.9533],[-122.4313,40.9559],[-122.432,40.9572],[-122.4342,40.9584],[-122.4354,40.9605],[-122.4393,40.9621],[-122.4392,40.9637],[-122.4372,40.9649],[-122.4347,40.966],[-122.4334,40.9689],[-122.4298,40.9722],[-122.4299,40.9741],[-122.4316,40.9754],[-122.4321,40.9763],[-122.4318,40.9772],[-122.4304,40.9779],[-122.429,40.9791],[-122.429,40.9815],[-122.4281,40.9853],[-122.4248,40.9874],[-122.4238,40.9907],[-122.4211,40.9914],[-122.4178,40.9902],[-122.4161,40.9904],[-122.4147,40.9921],[-122.4153,40.9941],[-122.4149,40.9951],[-122.4138,40.9956],[-122.4099,40.9962],[-122.4089,40.9968],[-122.4085,40.9977],[-122.4092,40.9991],[-122.4091,41],[-122.4066,41.0014],[-122.4061,41.0023],[-122.4067,41.0055],[-122.4069,41.0094],[-122.4077,41.0113],[-122.4107,41.0134],[-122.4113,41.0144],[-122.4105,41.0158],[-122.4082,41.0159],[-122.4034,41.016],[-122.3997,41.0195],[-122.3972,41.0204],[-122.3963,41.0212],[-122.3958,41.0237],[-122.3937,41.0257],[-122.3913,41.0293],[-122.3917,41.0305],[-122.3944,41.0316],[-122.3951,41.0327],[-122.3931,41.0362],[-122.3928,41.0377],[-122.3932,41.0395],[-122.3924,41.0422],[-122.39,41.0443],[-122.3891,41.046],[-122.3878,41.0465],[-122.3848,41.0463],[-122.3826,41.0478],[-122.3793,41.0489],[-122.3776,41.0506],[-122.3783,41.053],[-122.3777,41.0545],[-122.3735,41.0552],[-122.3699,41.0574],[-122.3691,41.0585],[-122.3686,41.0613],[-122.3674,41.0624],[-122.3661,41.0627],[-122.3622,41.0623],[-122.3605,41.0639],[-122.3553,41.0714],[-122.3548,41.0764],[-122.3528,41.0777],[-122.3511,41.0803],[-122.3502,41.0835],[-122.3513,41.0854],[-122.3509,41.0873],[-122.3521,41.0891],[-122.3519,41.0902],[-122.3509,41.0909],[-122.3479,41.0914],[-122.3461,41.0924],[-122.3444,41.0948],[-122.3442,41.098],[-122.3435,41.099],[-122.3359,41.104],[-122.3339,41.1059],[-122.3318,41.1065],[-122.3297,41.1073],[-122.3255,41.1111],[-122.3254,41.112],[-122.3272,41.1179],[-122.3269,41.119],[-122.326,41.1201],[-122.3237,41.123],[-122.3228,41.1248],[-122.322,41.1284],[-122.3203,41.131],[-122.3199,41.1331],[-122.321,41.1349],[-122.3209,41.1359],[-122.3163,41.1411],[-122.3152,41.1437],[-122.3158,41.1469],[-122.3149,41.1482],[-122.3128,41.1492],[-122.3055,41.1507],[-122.3016,41.1501],[-122.2976,41.1518],[-122.2935,41.1516],[-122.2915,41.1522],[-122.2909,41.1533],[-122.2917,41.1578],[-122.2941,41.1594],[-122.2947,41.1604],[-122.2968,41.1672],[-122.2969,41.1698],[-122.294,41.1742],[-122.2917,41.1756],[-122.2882,41.1772],[-122.2859,41.1798],[-122.2847,41.1816],[-122.2849,41.1838],[-122.2858,41.1869],[-122.2848,41.1894],[-122.2793,41.1953],[-122.2743,41.1997],[-122.2737,41.2018],[-122.2734,41.2033],[-122.2718,41.2055],[-122.2718,41.2085],[-122.2703,41.2114],[-122.27,41.2127],[-122.2719,41.2156],[-122.2725,41.2177],[-122.2734,41.2195],[-122.277,41.22],[-122.2794,41.2215],[-122.28,41.2256],[-122.2782,41.2282],[-122.2792,41.2301],[-122.2795,41.2329],[-122.2778,41.2346],[-122.2767,41.2367],[-122.2728,41.2373],[-122.2698,41.2383],[-122.2689,41.2408],[-122.2672,41.2425],[-122.2663,41.2463],[-122.2674,41.2473],[-122.2711,41.2475],[-122.273,41.2483],[-122.2738,41.2513],[-122.2764,41.2527],[-122.2769,41.2552],[-122.2795,41.2566],[-122.2814,41.2585],[-122.2838,41.259],[-122.285,41.2597],[-122.2855,41.2615],[-122.2872,41.2633],[-122.2919,41.2653],[-122.2964,41.2655],[-122.2997,41.2671],[-122.3024,41.2667],[-122.3038,41.2673],[-122.3036,41.2686],[-122.3011,41.2691],[-122.2964,41.2667],[-122.2925,41.2672],[-122.2899,41.2668],[-122.2852,41.2625],[-122.2804,41.2596],[-122.279,41.2583],[-122.2756,41.2565],[-122.2713,41.2527],[-122.2676,41.2519],[-122.2665,41.2526],[-122.2662,41.2535],[-122.2676,41.2548],[-122.2715,41.2553],[-122.2737,41.2558],[-122.2765,41.2587],[-122.2767,41.2642],[-122.2779,41.2677],[-122.2827,41.2706],[-122.2852,41.2742],[-122.3006,41.2779],[-122.3041,41.2798],[-122.3075,41.2815],[-122.3131,41.2826],[-122.315,41.2847],[-122.3144,41.2881],[-122.3114,41.2913],[-122.3084,41.2988],[-122.3093,41.3009],[-122.3124,41.3031],[-122.3145,41.3055],[-122.3148,41.3069],[-122.3141,41.3124],[-122.3156,41.3152],[-122.3182,41.3173],[-122.3202,41.3199],[-122.3225,41.3246],[-122.3227,41.3259],[-122.3228,41.3273],[-122.3241,41.3286],[-122.3296,41.3298],[-122.3366,41.3331],[-122.339,41.3345],[-122.3429,41.3386],[-122.3456,41.3403],[-122.3485,41.3411],[-122.3575,41.3422],[-122.3641,41.3451],[-122.3719,41.3479],[-122.3748,41.3507],[-122.3812,41.3549],[-122.3849,41.3597],[-122.3854,41.3618],[-122.3844,41.3687],[-122.3838,41.3705],[-122.3821,41.3722],[-122.3751,41.3762],[-122.3738,41.378],[-122.3733,41.3799],[-122.3721,41.383],[-122.3695,41.3853],[-122.363,41.3893],[-122.3599,41.395],[-122.3592,41.3965],[-122.3538,41.4078],[-122.3494,41.4111],[-122.3473,41.4133],[-122.3472,41.4181],[-122.3446,41.4248],[-122.3424,41.4258],[-122.3376,41.4251],[-122.3358,41.4254],[-122.3344,41.4262],[-122.3323,41.429],[-122.3326,41.4306],[-122.3348,41.4334],[-122.3349,41.4348],[-122.3342,41.4358],[-122.3303,41.4383],[-122.3302,41.4415],[-122.3285,41.4437],[-122.3282,41.4451],[-122.3321,41.4559],[-122.3352,41.4588],[-122.3353,41.4604],[-122.3259,41.467],[-122.3206,41.4678],[-122.3187,41.4694],[-122.3139,41.4775],[-122.3139,41.4791],[-122.3151,41.4819],[-122.3152,41.4839],[-122.3148,41.4857],[-122.3137,41.4869],[-122.3056,41.4902],[-122.2993,41.4934],[-122.2985,41.4944],[-122.2981,41.4965],[-122.2968,41.4991],[-122.2944,41.5012],[-122.2908,41.503],[-122.2889,41.5058],[-122.2877,41.5066],[-122.2862,41.5067],[-122.2821,41.5054],[-122.2801,41.5054],[-122.2721,41.5073],[-122.2635,41.5115],[-122.2527,41.5144],[-122.2493,41.5141],[-122.2386,41.5103],[-122.2368,41.5104],[-122.2332,41.5119],[-122.2282,41.5117],[-122.2262,41.5131],[-122.2237,41.5179],[-122.218,41.5212],[-122.2077,41.5294],[-122.2,41.5354],[-122.191,41.5377],[-122.1889,41.5387],[-122.1868,41.5407],[-122.1855,41.5438],[-122.1844,41.5466],[-122.1821,41.5499],[-122.1829,41.5579],[-122.1834,41.5599],[-122.1876,41.5666],[-122.1889,41.57],[-122.1862,41.5751],[-122.1846,41.5859],[-122.1861,41.5942],[-122.1908,41.605],[-122.1935,41.6181],[-122.192,41.6252],[-122.1937,41.6287],[-122.1938,41.6304],[-122.1925,41.6325],[-122.1896,41.6349],[-122.1812,41.6397],[-122.1732,41.6401],[-122.1701,41.6409],[-122.1662,41.6416],[-122.1616,41.6405],[-122.1594,41.6405],[-122.1548,41.6423],[-122.1524,41.6427],[-122.1502,41.6422],[-122.1463,41.6405],[-122.1443,41.6403],[-122.1388,41.6419],[-122.1318,41.6422],[-122.129,41.6431],[-122.1268,41.6444],[-122.1253,41.6461],[-122.1223,41.6507],[-122.1209,41.6518],[-122.1189,41.6523],[-122.1155,41.6518],[-122.1086,41.648],[-122.104,41.648],[-122.1018,41.6488],[-122.1002,41.6502],[-122.0914,41.6652],[-122.0891,41.6676],[-122.0869,41.6691],[-122.0822,41.671],[-122.0769,41.6717],[-122.0711,41.671],[-122.0658,41.6688],[-122.0509,41.6616],[-122.0461,41.6599],[-122.0335,41.6583],[-122.0159,41.6528],[-122.0137,41.6511],[-122.0108,41.6448],[-122.0097,41.6432],[-122.0071,41.642],[-122.0042,41.642],[-121.9689,41.6455],[-121.9649,41.6462],[-121.9629,41.6478],[-121.9623,41.6495],[-121.9626,41.6554],[-121.9622,41.657],[-121.9606,41.6589],[-121.9567,41.6608],[-121.9544,41.6627],[-121.9503,41.6703],[-121.951,41.6726],[-121.9545,41.6763],[-121.9623,41.6827],[-121.9662,41.6837],[-121.9758,41.6842],[-121.9811,41.6839],[-121.9838,41.6846],[-121.9857,41.6866],[-121.9868,41.6923],[-121.9884,41.6947],[-121.99,41.6969],[-121.9901,41.6987],[-121.9895,41.7],[-121.9849,41.7049],[-121.9844,41.7068],[-121.9846,41.7087],[-121.9857,41.7106],[-121.999,41.7267],[-122.0003,41.7299],[-121.9984,41.7501],[-122,41.7778],[-122.0012,41.7987],[-122.0032,41.8311],[-122.003,41.8341],[-122.002,41.837],[-121.9966,41.8453],[-121.9876,41.8587],[-121.9496,41.9151],[-121.9267,41.9492],[-121.9163,41.9646],[-121.9104,41.9734],[-121.9099,41.9757],[-121.9109,41.9783],[-121.9166,41.9825],[-121.9188,41.9863],[-121.9189,41.9878],[-121.918,41.9905],[-121.9188,41.9938],[-121.9182,41.9956],[-121.9169,41.9969],[-121.9153,41.9976],[-121.8911,42.0033],[-121.8889,42.005],[-121.8879,42.0074],[-121.8882,42.0093],[-121.8907,42.0143],[-121.8908,42.016],[-121.8903,42.0177],[-121.8793,42.0285],[-121.8729,42.0395],[-121.8621,42.0522],[-121.8524,42.064],[-121.8276,42.1246],[-121.8253,42.1286],[-121.8219,42.1327],[-121.784,42.1747],[-121.7754,42.1841],[-121.772,42.1878],[-121.7708,42.1908],[-121.7708,42.1962],[-121.7709,42.1967],[-121.7709,42.1978],[-121.7711,42.2093],[-121.7712,42.2143],[-121.7712,42.2156],[-121.7717,42.2259],[-121.7739,42.2294],[-121.7833,42.2426],[-121.7888,42.2458],[-121.7974,42.2491],[-121.8004,42.2512],[-121.8017,42.2541],[-121.8032,42.2583],[-121.8103,42.2631],[-121.811,42.2644],[-121.8116,42.2678],[-121.814,42.2701],[-121.8158,42.2715],[-121.8166,42.2734],[-121.8154,42.2789],[-121.8165,42.2874],[-121.8177,42.2974],[-121.8185,42.3292],[-121.8194,42.3321],[-121.8213,42.3342],[-121.826,42.3392],[-121.8292,42.3436],[-121.8292,42.3459],[-121.8272,42.3506],[-121.8145,42.3812],[-121.8142,42.3837],[-121.8147,42.3858],[-121.8256,42.4023],[-121.8394,42.4153],[-121.85,42.423],[-121.8577,42.4308],[-121.8631,42.4336],[-121.8653,42.4353],[-121.8675,42.439],[-121.8684,42.4447],[-121.8698,42.4554],[-121.8716,42.4629],[-121.8848,42.5165],[-121.8848,42.5187],[-121.8832,42.5219],[-121.878,42.5303],[-121.8769,42.5333],[-121.8747,42.5541],[-121.8752,42.5604],[-121.8761,42.5621],[-121.8789,42.5651],[-121.8793,42.5671],[-121.8778,42.5693],[-121.8736,42.5708],[-121.8686,42.5725],[-121.8681,42.5727],[-121.8654,42.5747],[-121.8623,42.579],[-121.8597,42.5831],[-121.8589,42.5854],[-121.8571,42.5968],[-121.8567,42.6012],[-121.8588,42.6121],[-121.8577,42.6146],[-121.8556,42.6158],[-121.8479,42.6176],[-121.8455,42.619],[-121.8421,42.6219],[-121.8402,42.6228],[-121.8368,42.6231],[-121.8296,42.6216],[-121.8263,42.6226],[-121.8245,42.6245],[-121.8242,42.6262],[-121.8247,42.6277],[-121.8286,42.6308],[-121.8295,42.6325],[-121.8295,42.634],[-121.828,42.6368],[-121.8278,42.6382],[-121.8283,42.6396],[-121.8307,42.6422],[-121.8314,42.6436],[-121.8311,42.6501],[-121.8295,42.6536],[-121.8175,42.6655],[-121.816,42.6687],[-121.816,42.672],[-121.817,42.6777],[-121.8191,42.6836],[-121.8176,42.6902],[-121.8184,42.6927],[-121.8191,42.6945],[-121.8186,42.6991],[-121.8208,42.7027],[-121.8211,42.704],[-121.8203,42.7089],[-121.8246,42.7183],[-121.8256,42.7258],[-121.8254,42.7279],[-121.823,42.7356],[-121.8233,42.7388],[-121.8238,42.7399],[-121.8305,42.7529],[-121.8319,42.7561],[-121.8344,42.7821],[-121.8337,42.7878],[-121.8314,42.7953],[-121.8259,42.8131],[-121.8195,42.8332],[-121.8186,42.8387],[-121.8185,42.9274],[-121.8185,42.9304],[-121.8178,42.9383],[-121.8171,42.9464],[-121.8119,43.004],[-121.8114,43.0098],[-121.8072,43.0564],[-121.8065,43.064],[-121.8056,43.0746],[-121.8018,43.1149],[-121.7961,43.135],[-121.7909,43.1527],[-121.7878,43.1625],[-121.7801,43.1783],[-121.7775,43.2054],[-121.778,43.2099],[-121.7797,43.2136],[-121.7814,43.2168],[-121.7884,43.2304],[-121.7905,43.2351],[-121.7925,43.2447],[-121.8014,43.2683],[-121.803,43.2792],[-121.8107,43.2959],[-121.811,43.2984],[-121.8102,43.3045],[-121.813,43.3112],[-121.8165,43.322],[-121.8165,43.3253],[-121.815,43.3307],[-121.8076,43.3389],[-121.8051,43.3445],[-121.8053,43.3479],[-121.8091,43.3547],[-121.8121,43.3599],[-121.8154,43.3637],[-121.8256,43.369],[-121.8378,43.3751],[-121.8445,43.3815],[-121.8563,43.3895],[-121.8583,43.3913],[-121.8592,43.3931],[-121.8593,43.3949],[-121.8574,43.3991],[-121.8571,43.4013],[-121.8592,43.4054],[-121.864,43.4099],[-121.8686,43.4117],[-121.8756,43.4116],[-121.8797,43.4128],[-121.9071,43.4335],[-121.9113,43.4355],[-121.9167,43.4365],[-121.9292,43.4359],[-121.9477,43.4381],[-121.9497,43.4392],[-121.9514,43.4413],[-121.9516,43.4432],[-121.951,43.4461],[-121.9464,43.4651],[-121.9424,43.4817],[-121.9422,43.485],[-121.9434,43.4894],[-121.9477,43.4959],[-121.9496,43.4983],[-121.9523,43.5006],[-121.9723,43.5119],[-121.9746,43.5144],[-121.9763,43.518],[-121.9762,43.5197],[-121.9756,43.521],[-121.9742,43.5223],[-121.9566,43.5337],[-121.9556,43.5349],[-121.9551,43.5367],[-121.9553,43.538],[-121.9564,43.5398],[-121.9658,43.548],[-121.968,43.5488],[-121.9733,43.549],[-121.9777,43.5499],[-121.9865,43.5527],[-121.9895,43.5542],[-121.9922,43.5576],[-121.9986,43.5599],[-122.0045,43.5645],[-122.0075,43.5649],[-122.0132,43.5634],[-122.0154,43.5634],[-122.0183,43.5645],[-122.0206,43.5679],[-122.0218,43.5699],[-122.0238,43.572],[-122.0281,43.575],[-122.0351,43.5758],[-122.0439,43.58],[-122.0465,43.581],[-122.051,43.5832],[-122.0522,43.5843],[-122.0527,43.5862],[-122.052,43.5895],[-122.0536,43.5934],[-122.0558,43.5988],[-122.0566,43.5994],[-122.0578,43.5998],[-122.0609,43.5993],[-122.0655,43.5994],[-122.0681,43.6011],[-122.0723,43.6026],[-122.0737,43.6039],[-122.0757,43.6055],[-122.078,43.6062],[-122.0801,43.606],[-122.0835,43.6049],[-122.0857,43.6051],[-122.0869,43.6057],[-122.09,43.6089],[-122.0943,43.6112],[-122.0973,43.6115],[-122.1007,43.6106],[-122.1157,43.6053],[-122.124,43.604],[-122.1311,43.6047],[-122.1381,43.6074],[-122.1399,43.607],[-122.1422,43.6054],[-122.1442,43.6052],[-122.1457,43.606],[-122.1486,43.6093],[-122.1503,43.6135],[-122.15,43.6165],[-122.1517,43.6186],[-122.1528,43.621],[-122.1611,43.6252],[-122.1631,43.6254],[-122.1653,43.6248],[-122.1685,43.6235],[-122.1727,43.625],[-122.184,43.6253],[-122.1883,43.6257],[-122.1909,43.6278],[-122.1944,43.6294],[-122.1966,43.6293],[-122.2022,43.6266],[-122.2038,43.6263],[-122.2057,43.6272],[-122.2069,43.6298],[-122.2081,43.6307],[-122.2115,43.631],[-122.2178,43.6305],[-122.2203,43.6329],[-122.2231,43.6343],[-122.2253,43.6379],[-122.2293,43.6404],[-122.2343,43.6416],[-122.2352,43.6428],[-122.2354,43.6447],[-122.2362,43.6457],[-122.2374,43.6461],[-122.2409,43.6454],[-122.2423,43.6458],[-122.2431,43.6468],[-122.2428,43.6485],[-122.2425,43.6501],[-122.2462,43.6545],[-122.2468,43.6569],[-122.2513,43.6601],[-122.2524,43.662],[-122.2537,43.6636],[-122.2552,43.6642],[-122.2622,43.6653],[-122.2653,43.6663],[-122.2728,43.6665],[-122.2766,43.6698],[-122.2809,43.6722],[-122.2811,43.6765],[-122.2818,43.6774],[-122.2838,43.6778],[-122.287,43.677],[-122.2905,43.6762],[-122.2953,43.677],[-122.2963,43.6777],[-122.297,43.6796],[-122.298,43.6806],[-122.3029,43.6811],[-122.3064,43.6837],[-122.3099,43.6847],[-122.3127,43.6862],[-122.3148,43.6876],[-122.3174,43.6907],[-122.3174,43.6923],[-122.3162,43.6938],[-122.3135,43.6948],[-122.3114,43.6946],[-122.3081,43.6928],[-122.3079,43.6917],[-122.3087,43.6895],[-122.3079,43.6878],[-122.3067,43.687],[-122.2964,43.6853],[-122.2929,43.6854],[-122.2914,43.6845],[-122.29,43.6814],[-122.2873,43.6794],[-122.2845,43.6793],[-122.2815,43.6804],[-122.28,43.6805],[-122.2774,43.6789],[-122.2765,43.6762],[-122.2753,43.6751],[-122.267,43.6747],[-122.2633,43.6733],[-122.2613,43.6704],[-122.2567,43.6684],[-122.2533,43.6688],[-122.2477,43.671],[-122.2459,43.671],[-122.2444,43.6701],[-122.2424,43.6668],[-122.2422,43.6633],[-122.2414,43.661],[-122.2385,43.6575],[-122.2343,43.6562],[-122.2327,43.6546],[-122.2298,43.6533],[-122.2279,43.6513],[-122.2261,43.6509],[-122.2234,43.6516],[-122.2183,43.652],[-122.2173,43.6528],[-122.2169,43.6541],[-122.2172,43.6549],[-122.2186,43.6559],[-122.2275,43.661],[-122.2291,43.6626],[-122.2298,43.6653],[-122.229,43.6671],[-122.2275,43.6688],[-122.226,43.6712],[-122.2261,43.6737],[-122.2321,43.6809],[-122.2374,43.6823],[-122.2409,43.6842],[-122.2444,43.6851],[-122.2467,43.6869],[-122.2496,43.688],[-122.2518,43.6899],[-122.2553,43.6906],[-122.2604,43.693],[-122.2715,43.6996],[-122.2751,43.7013],[-122.2771,43.7042],[-122.2787,43.7053],[-122.2816,43.7068],[-122.2863,43.7076],[-122.288,43.7089],[-122.2892,43.7102],[-122.2908,43.7109],[-122.2996,43.712],[-122.3045,43.7116],[-122.3092,43.713],[-122.3124,43.7133],[-122.3173,43.7138],[-122.32,43.7161],[-122.3311,43.7215],[-122.3406,43.7226],[-122.3439,43.7241],[-122.3589,43.7272],[-122.3611,43.7287],[-122.3633,43.7292],[-122.3751,43.7306],[-122.3856,43.7332],[-122.3901,43.7329],[-122.3925,43.7327],[-122.4043,43.7338],[-122.4108,43.7339],[-122.4188,43.7326],[-122.4216,43.7326],[-122.4253,43.7309],[-122.4278,43.7304],[-122.4357,43.731],[-122.4381,43.7319],[-122.439,43.7332],[-122.4389,43.7369],[-122.4394,43.7382],[-122.4414,43.7405],[-122.4415,43.7419],[-122.4405,43.7442],[-122.4393,43.7449],[-122.4305,43.7465],[-122.4297,43.7475],[-122.4296,43.7487],[-122.4314,43.7503],[-122.4337,43.7503],[-122.4441,43.7482],[-122.449,43.7481],[-122.4539,43.7466],[-122.4569,43.7463],[-122.4576,43.7464],[-122.4776,43.7471],[-122.4817,43.7483],[-122.4849,43.7505],[-122.4866,43.7525],[-122.4892,43.7573],[-122.4917,43.7592],[-122.4957,43.76],[-122.5039,43.759],[-122.5078,43.7585],[-122.5155,43.7601],[-122.5189,43.76],[-122.5233,43.76],[-122.526,43.7617],[-122.5296,43.7672],[-122.5295,43.7691],[-122.5279,43.7714],[-122.5257,43.7755],[-122.5231,43.7782],[-122.5225,43.7803],[-122.5229,43.7815],[-122.5242,43.7828],[-122.5265,43.7844],[-122.5295,43.7855],[-122.5319,43.7866],[-122.5354,43.7908],[-122.5376,43.7923],[-122.5414,43.7934],[-122.5468,43.7934],[-122.551,43.7949],[-122.5552,43.7957],[-122.5568,43.7966],[-122.5581,43.7979],[-122.5584,43.7993],[-122.5574,43.8038],[-122.5575,43.8057],[-122.5586,43.8071],[-122.5598,43.8079],[-122.5633,43.8088],[-122.5691,43.8093],[-122.5762,43.8126],[-122.5827,43.8144],[-122.5901,43.8157],[-122.595,43.8164],[-122.5991,43.819],[-122.6043,43.8216],[-122.6093,43.823],[-122.619,43.825],[-122.6222,43.8265],[-122.6233,43.8285],[-122.6236,43.8326],[-122.6258,43.8364],[-122.6266,43.8419],[-122.6283,43.8435],[-122.6342,43.8473],[-122.637,43.8489],[-122.6399,43.8497],[-122.6427,43.8499],[-122.6491,43.8491],[-122.6521,43.8498],[-122.6543,43.8509],[-122.658,43.8521],[-122.6646,43.8527],[-122.6725,43.8572],[-122.6756,43.8584],[-122.6798,43.8613],[-122.6851,43.8636],[-122.6869,43.8652],[-122.6885,43.869],[-122.6897,43.8701],[-122.7064,43.8803],[-122.7121,43.8832],[-122.7171,43.8868],[-122.723,43.8898],[-122.7302,43.8905],[-122.7326,43.8911],[-122.7345,43.8924],[-122.7382,43.8969],[-122.7395,43.8986],[-122.7411,43.9034],[-122.7427,43.9053],[-122.746,43.9076],[-122.75,43.9084],[-122.7567,43.9088],[-122.7635,43.9079],[-122.7658,43.9073],[-122.7719,43.9046],[-122.7752,43.9041],[-122.7838,43.9048],[-122.7919,43.9068],[-122.7985,43.9093],[-122.8016,43.9098],[-122.8037,43.9096],[-122.8101,43.9077],[-122.8131,43.9073],[-122.8232,43.9068],[-122.8272,43.9081],[-122.8295,43.9107],[-122.8294,43.9149],[-122.83,43.9165],[-122.832,43.9186],[-122.8365,43.9206],[-122.8382,43.922],[-122.845,43.9331],[-122.8482,43.9347],[-122.8577,43.9358],[-122.8603,43.9367],[-122.8739,43.949],[-122.8767,43.9524],[-122.8815,43.9654],[-122.8879,43.9828],[-122.8892,43.9844],[-122.8919,43.9868],[-122.8969,43.9889],[-122.8994,43.9921],[-122.9025,43.9966],[-122.9048,43.9996],[-122.9091,44.0023],[-122.9115,44.0056],[-122.9156,44.0084],[-122.92,44.0125],[-122.9212,44.0144],[-122.9234,44.0185],[-122.9317,44.0283],[-122.9348,44.0326],[-122.9367,44.0342],[-122.9468,44.0376],[-122.9507,44.0395],[-122.9613,44.0391],[-122.9811,44.0405],[-122.9889,44.041],[-122.9908,44.0412],[-122.9944,44.0414],[-123.0125,44.0438],[-123.0184,44.0446],[-123.019,44.0448],[-123.0204,44.0448],[-123.0224,44.0444],[-123.0227,44.0443],[-123.0237,44.0439],[-123.0343,44.0402],[-123.0377,44.039],[-123.0406,44.0385],[-123.0428,44.039],[-123.0444,44.0399],[-123.0449,44.0403],[-123.0523,44.044],[-123.0593,44.0461],[-123.0639,44.048],[-123.0682,44.0494],[-123.0763,44.0495],[-123.0796,44.05],[-123.0901,44.055],[-123.0984,44.0562],[-123.1045,44.0569],[-123.1097,44.0584],[-123.1196,44.064],[-123.1429,44.0786],[-123.1475,44.0821],[-123.1499,44.0856],[-123.1674,44.1192],[-123.1951,44.1724],[-123.1976,44.1772],[-123.1993,44.182],[-123.2001,44.1972],[-123.2009,44.2135],[-123.2011,44.2175],[-123.2012,44.2187],[-123.2017,44.2283],[-123.2002,44.2318],[-123.1981,44.2336],[-123.1761,44.2472],[-123.1709,44.2506],[-123.1682,44.2541],[-123.1676,44.2565],[-123.1677,44.2658],[-123.1677,44.2725],[-123.1674,44.276],[-123.1659,44.2794],[-123.1641,44.2814],[-123.1582,44.2861],[-123.1381,44.3021],[-123.1118,44.3231],[-123.1089,44.3268],[-123.1082,44.33],[-123.1082,44.3683],[-123.1082,44.381],[-123.1082,44.386],[-123.1083,44.4403],[-123.1083,44.4574],[-123.1083,44.4619],[-123.1083,44.5376],[-123.1083,44.5559],[-123.1084,44.5788],[-123.1084,44.6007],[-123.1084,44.6192],[-123.1084,44.6198],[-123.108,44.6227],[-123.1069,44.6255],[-123.1033,44.6298],[-123.0999,44.6321],[-123.0967,44.6336],[-123.0963,44.6337],[-123.0927,44.635],[-123.0922,44.6352],[-123.0912,44.6355],[-123.0723,44.6419],[-123.0699,44.6432],[-123.0676,44.6456],[-123.0627,44.6592],[-123.0619,44.6613],[-123.0607,44.6648],[-123.0601,44.6663],[-123.0595,44.6681],[-123.0539,44.6839],[-123.0538,44.6892],[-123.0544,44.6955],[-123.0541,44.6983],[-123.0523,44.7014],[-123.0497,44.7034],[-123.0459,44.705],[-123.0138,44.7148],[-123.0105,44.7157],[-123.0081,44.7173],[-123.0069,44.7193],[-123.0067,44.7215],[-123.0062,44.7259],[-123.0038,44.7297],[-122.9996,44.7327],[-122.9943,44.7345],[-122.989,44.7348],[-122.9546,44.7334],[-122.9492,44.7345],[-122.9463,44.7362],[-122.9445,44.7382],[-122.9416,44.7492],[-122.9373,44.7663],[-122.9371,44.769],[-122.9375,44.7717],[-122.9515,44.833],[-122.9537,44.8426],[-122.9548,44.8469],[-122.9567,44.8501],[-122.9754,44.8694],[-122.9836,44.8837],[-122.986,44.8876],[-122.9888,44.8904],[-123.004,44.8995],[-123.0154,44.9066],[-123.0185,44.9085],[-123.0227,44.9115],[-123.024,44.9126],[-123.0262,44.9153],[-123.0276,44.9185],[-123.028,44.9211],[-123.0279,44.9274],[-123.0279,44.9324],[-123.0277,44.9356],[-123.022,44.9473],[-123.0203,44.9491],[-123.0142,44.9598],[-123.0133,44.9613],[-123.0111,44.9651],[-123.0055,44.9749],[-123.0022,44.9814],[-122.9826,45.0225],[-122.9584,45.0507],[-122.9576,45.0516],[-122.9316,45.0816],[-122.8955,45.1109],[-122.8754,45.1271],[-122.8651,45.1354],[-122.8529,45.1453],[-122.8414,45.1545],[-122.8059,45.1831],[-122.7788,45.2049],[-122.7702,45.2121],[-122.7643,45.2219],[-122.7619,45.2248],[-122.7587,45.228],[-122.7573,45.2313],[-122.7561,45.2327],[-122.7532,45.235],[-122.7483,45.2373],[-122.7446,45.239],[-122.7361,45.2414],[-122.7201,45.2516],[-122.7144,45.2548],[-122.6996,45.2601],[-122.6808,45.2669],[-122.675,45.2704],[-122.6639,45.2823],[-122.6617,45.2861],[-122.6585,45.2888],[-122.657,45.2944],[-122.6574,45.2959],[-122.6617,45.3009],[-122.6629,45.3029],[-122.6633,45.3056],[-122.6593,45.3168],[-122.659,45.322],[-122.658,45.3262],[-122.6537,45.3314],[-122.6475,45.3365],[-122.6234,45.3477],[-122.6186,45.3487],[-122.6057,45.3586],[-122.602,45.3609],[-122.5998,45.3629],[-122.5954,45.3668],[-122.5906,45.3708],[-122.5854,45.3741],[-122.5835,45.376],[-122.5762,45.3852],[-122.5755,45.387],[-122.5751,45.3909],[-122.5743,45.3925],[-122.5689,45.397],[-122.5679,45.3986],[-122.5673,45.4007],[-122.5659,45.4082],[-122.566,45.4118],[-122.5668,45.4145],[-122.5708,45.4217],[-122.5724,45.4241],[-122.5747,45.4255],[-122.5885,45.4286],[-122.6078,45.4352],[-122.6286,45.4452],[-122.6316,45.447],[-122.6334,45.449],[-122.6361,45.4591],[-122.6366,45.4615],[-122.6376,45.4659],[-122.6415,45.4826],[-122.644,45.4928],[-122.6451,45.4952],[-122.6482,45.4994],[-122.6499,45.5012],[-122.6525,45.5026],[-122.6592,45.5063],[-122.6596,45.5066],[-122.6632,45.5087],[-122.6648,45.5108],[-122.6649,45.5238],[-122.6649,45.5262],[-122.6658,45.5275],[-122.6661,45.5277],[-122.668,45.5281],[-122.6709,45.5269],[-122.6733,45.5275],[-122.6763,45.5294],[-122.6799,45.5324],[-122.6829,45.5344],[-122.6919,45.5389],[-122.6954,45.5411],[-122.7019,45.5451],[-122.7064,45.5479],[-122.7108,45.5502],[-122.7249,45.5554],[-122.7259,45.5557],[-122.7365,45.5573],[-122.7414,45.5606],[-122.7424,45.5613],[-122.7435,45.5622],[-122.7443,45.5628],[-122.7472,45.565],[-122.7508,45.5675],[-122.7522,45.5695],[-122.7522,45.5721],[-122.7505,45.5742],[-122.7413,45.5818],[-122.7364,45.5859],[-122.733,45.5886],[-122.7265,45.594],[-122.7261,45.5943],[-122.7197,45.5996],[-122.711,45.6068],[-122.7102,45.6074],[-122.7064,45.6106],[-122.7044,45.6123],[-122.6911,45.6247],[-122.6878,45.6279]]}},{"type":"Feature","properties":{"n":1,"a":"amtrak"},"geometry":{"type":"LineString","coordinates":[[-122.032,37.5248],[-122.0334,37.5255],[-122.0359,37.5266],[-122.0362,37.5268],[-122.0389,37.5285],[-122.0521,37.5394],[-122.0534,37.541],[-122.0624,37.5839],[-122.0639,37.5862],[-122.0736,37.596],[-122.0817,37.6032],[-122.1003,37.6194],[-122.1114,37.629],[-122.1138,37.6312],[-122.1214,37.6393],[-122.1303,37.6489],[-122.1377,37.6568],[-122.1472,37.6671],[-122.1621,37.6831],[-122.1679,37.6916],[-122.1788,37.708],[-122.1838,37.7163],[-122.1839,37.7165],[-122.1853,37.7215],[-122.1856,37.723],[-122.1853,37.7247],[-122.1794,37.7341],[-122.1794,37.7356],[-122.1804,37.7367]]}},{"type":"Feature","properties":{"n":1,"a":"amtrak"},"geometry":{"type":"LineString","coordinates":[[-121.5686,37.009],[-121.5671,37.0059],[-121.5642,36.9994],[-121.5623,36.9956],[-121.5592,36.9909],[-121.5567,36.9879],[-121.5526,36.9838],[-121.5447,36.977],[-121.5428,36.9751],[-121.5422,36.9727],[-121.545,36.9579],[-121.5491,36.9361],[-121.548,36.9288],[-121.548,36.9278],[-121.5479,36.921],[-121.5488,36.9189],[-121.5501,36.9176],[-121.5555,36.9146],[-121.5588,36.9108],[-121.5606,36.9043],[-121.5607,36.8995],[-121.562,36.898],[-121.5636,36.8976],[-121.5769,36.8985],[-121.5855,36.9017],[-121.5917,36.902],[-121.5987,36.9012],[-121.6017,36.9014],[-121.6113,36.9047],[-121.6183,36.9093],[-121.6233,36.9095],[-121.6278,36.9113],[-121.6294,36.9107],[-121.6307,36.9091],[-121.6329,36.9062],[-121.6341,36.9038],[-121.6345,36.8993],[-121.6355,36.8963],[-121.6367,36.8944],[-121.6381,36.8933],[-121.6435,36.8921],[-121.6481,36.8915],[-121.6554,36.8911],[-121.6958,36.8987],[-121.7103,36.9013],[-121.7166,36.901],[-121.7398,36.8965],[-121.7444,36.8948],[-121.7459,36.8933],[-121.7468,36.8912],[-121.7469,36.8885],[-121.7464,36.8827],[-121.7467,36.8791],[-121.7455,36.8745],[-121.7461,36.8697],[-121.7477,36.8668],[-121.7546,36.8603],[-121.7572,36.852],[-121.7566,36.85],[-121.753,36.8447],[-121.751,36.8435],[-121.7434,36.8406],[-121.7398,36.8369],[-121.7387,36.8341],[-121.7386,36.8316],[-121.7412,36.8236],[-121.7468,36.8084],[-121.7485,36.8039],[-121.7531,36.7978],[-121.7546,36.7951],[-121.7546,36.7929],[-121.746,36.7648],[-121.7435,36.7568],[-121.7404,36.7465],[-121.7375,36.7373],[-121.7347,36.7323],[-121.7167,36.7134],[-121.7,36.6968],[-121.6949,36.6935],[-121.688,36.6904],[-121.6538,36.6784],[-121.6496,36.6765],[-121.6469,36.6741],[-121.6388,36.665],[-121.6324,36.66],[-121.6317,36.6595],[-121.6185,36.6498],[-121.5862,36.6262],[-121.5807,36.6223],[-121.563,36.6094],[-121.5517,36.601],[-121.5208,36.5711],[-121.5025,36.5536],[-121.4859,36.5398],[-121.4614,36.5195],[-121.4429,36.5042],[-121.4182,36.4838],[-121.3963,36.4695],[-121.37,36.4526],[-121.3387,36.4324],[-121.322,36.4216],[-121.3168,36.4194],[-121.2993,36.4137],[-121.2666,36.4068],[-121.2611,36.4042],[-121.2537,36.3992],[-121.2516,36.3949],[-121.2495,36.392],[-121.2483,36.3868],[-121.245,36.3825],[-121.2411,36.3787],[-121.239,36.3716],[-121.2329,36.3634],[-121.2298,36.3616],[-121.2233,36.3603],[-121.2108,36.354],[-121.2041,36.3507],[-121.2029,36.3495],[-121.1988,36.3381],[-121.1893,36.3334],[-121.1878,36.3317],[-121.182,36.3217],[-121.1711,36.3138],[-121.156,36.296],[-121.153,36.2881],[-121.1484,36.2781],[-121.1458,36.2694],[-121.1386,36.2504],[-121.1302,36.2281],[-121.1268,36.2195],[-121.1201,36.2109],[-121.1197,36.2104],[-121.1139,36.2039],[-121.1091,36.2009],[-121.0723,36.1891],[-121.0655,36.1868],[-121.0636,36.1851],[-121.0606,36.1807],[-121.0589,36.171],[-121.0468,36.157],[-121.0305,36.1336],[-121.0286,36.1318],[-121.0256,36.1302],[-121.0187,36.1284],[-121.0085,36.1243],[-121.0046,36.1219],[-121.0026,36.1197],[-120.9966,36.1104],[-120.993,36.1073],[-120.9882,36.1053],[-120.9792,36.1043],[-120.9755,36.1031],[-120.9513,36.0869],[-120.9449,36.0807],[-120.9243,36.0587],[-120.9183,36.0469],[-120.9096,36.0337],[-120.9052,36.027],[-120.8992,36.018],[-120.882,35.9916],[-120.879,35.9854],[-120.8791,35.9803],[-120.8787,35.9786],[-120.8674,35.9609],[-120.8621,35.9503],[-120.8619,35.9487],[-120.8628,35.9433],[-120.8644,35.939],[-120.8646,35.9352],[-120.864,35.9329],[-120.8609,35.9266],[-120.8586,35.9237],[-120.8445,35.9166],[-120.8395,35.9116],[-120.8345,35.8996],[-120.8341,35.8939],[-120.8349,35.8868],[-120.8339,35.8834],[-120.8322,35.8803],[-120.831,35.8795],[-120.8277,35.8787],[-120.8242,35.876],[-120.8143,35.8706],[-120.8032,35.8649],[-120.7966,35.8634],[-120.7899,35.8626],[-120.7714,35.8624],[-120.7687,35.8617],[-120.7647,35.859],[-120.7583,35.8533],[-120.7541,35.8486],[-120.753,35.8462],[-120.7511,35.8376],[-120.7496,35.8288],[-120.7501,35.8267],[-120.7531,35.8209],[-120.7534,35.8186],[-120.7512,35.8107],[-120.7449,35.8017],[-120.7333,35.7936],[-120.7311,35.7912],[-120.729,35.7884],[-120.7249,35.7831],[-120.7213,35.7807],[-120.7162,35.7782],[-120.7094,35.7741],[-120.6983,35.7663],[-120.6959,35.7641],[-120.6948,35.7602],[-120.6954,35.7533],[-120.6969,35.7438],[-120.7008,35.7356],[-120.7011,35.7337],[-120.7004,35.7291],[-120.6975,35.724],[-120.6962,35.7197],[-120.6923,35.7122],[-120.692,35.7102],[-120.6929,35.7054],[-120.6919,35.6965],[-120.6925,35.6922],[-120.6962,35.6819],[-120.6941,35.6764],[-120.6936,35.673],[-120.6939,35.6692],[-120.6962,35.6631],[-120.6965,35.6586],[-120.6958,35.6562],[-120.6915,35.651],[-120.6899,35.6473],[-120.6887,35.6327],[-120.6877,35.6281],[-120.6878,35.6188],[-120.6879,35.6184],[-120.6901,35.6138],[-120.6905,35.6099],[-120.6919,35.6059],[-120.6927,35.5909],[-120.692,35.5878],[-120.6893,35.5843],[-120.6877,35.5811],[-120.6881,35.5763],[-120.6891,35.5745],[-120.6916,35.5731],[-120.6926,35.572],[-120.6947,35.5658],[-120.6951,35.5605],[-120.6963,35.5581],[-120.6997,35.5524],[-120.7044,35.5484],[-120.7061,35.5465],[-120.7085,35.5432],[-120.7106,35.5392],[-120.71,35.5339],[-120.7083,35.5309],[-120.7057,35.5291],[-120.6998,35.5271],[-120.6795,35.515],[-120.6742,35.5131],[-120.6685,35.5089],[-120.6638,35.502],[-120.659,35.4993],[-120.6506,35.4953],[-120.6474,35.4888],[-120.6425,35.4777],[-120.6408,35.4761],[-120.6362,35.474],[-120.6335,35.4722],[-120.6286,35.4612],[-120.624,35.4567],[-120.6223,35.4535],[-120.6173,35.4507],[-120.6153,35.4476],[-120.6123,35.445],[-120.6077,35.437],[-120.6042,35.4305],[-120.604,35.4261],[-120.6041,35.417],[-120.605,35.4126],[-120.6051,35.408],[-120.6051,35.4078],[-120.6052,35.402],[-120.6043,35.3945],[-120.6049,35.3927],[-120.6179,35.3854],[-120.6252,35.3835],[-120.6298,35.3822],[-120.631,35.3792],[-120.6327,35.3774],[-120.6334,35.375],[-120.6392,35.3724],[-120.64,35.3716],[-120.6405,35.3681],[-120.6377,35.3646],[-120.6366,35.3576],[-120.6352,35.3517],[-120.6337,35.3411],[-120.6339,35.3396],[-120.637,35.3372],[-120.6365,35.3341],[-120.6332,35.3321],[-120.6322,35.3301],[-120.6304,35.3285],[-120.6292,35.3265],[-120.6273,35.3252],[-120.6257,35.3218],[-120.6262,35.3208],[-120.6277,35.3205],[-120.632,35.322],[-120.6335,35.3235],[-120.6366,35.3262],[-120.6434,35.3309],[-120.6486,35.333],[-120.6504,35.3331],[-120.6529,35.3334],[-120.6547,35.3347],[-120.6551,35.3363],[-120.654,35.3395],[-120.6554,35.3411],[-120.6567,35.3414],[-120.658,35.3409],[-120.6593,35.3389],[-120.6612,35.3381],[-120.6621,35.3361],[-120.6647,35.3339],[-120.6663,35.3339],[-120.6687,35.3355],[-120.6716,35.3347],[-120.6737,35.3352],[-120.6752,35.3349],[-120.6776,35.3332],[-120.678,35.3298],[-120.6786,35.3253],[-120.6796,35.3242],[-120.6811,35.3235],[-120.6823,35.3236],[-120.684,35.3248],[-120.688,35.3289],[-120.6898,35.3302],[-120.6912,35.3304],[-120.6926,35.3294],[-120.6924,35.328],[-120.689,35.3268],[-120.6876,35.3244],[-120.6841,35.3232],[-120.6823,35.322],[-120.6799,35.319],[-120.6786,35.3152],[-120.6769,35.3136],[-120.6739,35.3112],[-120.67,35.3095],[-120.6688,35.3082],[-120.6652,35.2962],[-120.653,35.2826],[-120.6531,35.28],[-120.6533,35.2789],[-120.6554,35.2748],[-120.6553,35.2732],[-120.6515,35.2676],[-120.6475,35.265],[-120.6453,35.2623],[-120.638,35.2532],[-120.6333,35.2477],[-120.6281,35.2436],[-120.6211,35.2381],[-120.6194,35.2357],[-120.6192,35.2329],[-120.6209,35.228],[-120.6203,35.2213],[-120.6176,35.2139],[-120.6155,35.2021],[-120.6107,35.1946],[-120.6103,35.1926],[-120.6116,35.1873],[-120.6127,35.1863],[-120.6156,35.1851],[-120.6169,35.1835],[-120.6177,35.1795],[-120.6238,35.1684],[-120.6255,35.1667],[-120.6331,35.1624],[-120.633,35.1611],[-120.6312,35.1588],[-120.6309,35.1543],[-120.6313,35.153],[-120.633,35.1507],[-120.6332,35.1488],[-120.6316,35.1284],[-120.6311,35.1255],[-120.6291,35.1211],[-120.624,35.1101],[-120.6216,35.1057],[-120.6171,35.1015],[-120.5958,35.0862],[-120.5926,35.0823],[-120.5918,35.0799],[-120.5918,35.0774],[-120.5927,35.076],[-120.5952,35.0742],[-120.5963,35.0707],[-120.5982,35.068],[-120.5967,35.0558],[-120.5939,35.0357],[-120.593,35.033],[-120.5916,35.0303],[-120.586,35.0213],[-120.5823,35.0153],[-120.5667,34.9896],[-120.5657,34.9843],[-120.5673,34.9774],[-120.5686,34.9733],[-120.5714,34.9686],[-120.5719,34.9679],[-120.5731,34.9653],[-120.5734,34.962],[-120.5736,34.9564],[-120.5739,34.9453],[-120.5732,34.9414],[-120.5717,34.9382],[-120.5683,34.9331],[-120.5629,34.9283],[-120.5623,34.9247],[-120.5637,34.9192],[-120.5628,34.9176],[-120.56,34.9151],[-120.5498,34.9065],[-120.5409,34.8989],[-120.5337,34.8935],[-120.5182,34.884],[-120.5155,34.8816],[-120.5141,34.8769],[-120.5141,34.8755],[-120.5165,34.8714],[-120.522,34.868],[-120.5226,34.8668],[-120.5226,34.8632],[-120.5232,34.8617],[-120.5231,34.8603],[-120.5204,34.8575],[-120.5199,34.8562],[-120.522,34.8516],[-120.5216,34.8484],[-120.5195,34.8424],[-120.5193,34.8406],[-120.5208,34.8386],[-120.5237,34.8378],[-120.5286,34.8369],[-120.5333,34.8359],[-120.5374,34.8331],[-120.5426,34.8314],[-120.546,34.8288],[-120.5508,34.8276],[-120.5599,34.8303],[-120.5661,34.8338],[-120.5759,34.8378],[-120.5797,34.8386],[-120.5844,34.838],[-120.5884,34.8382],[-120.5906,34.8371],[-120.5963,34.8156],[-120.598,34.811],[-120.6061,34.7993],[-120.6106,34.7923],[-120.6132,34.7731],[-120.6127,34.7713],[-120.6098,34.7673],[-120.6084,34.7622],[-120.6084,34.76],[-120.6094,34.7578],[-120.612,34.7527],[-120.6136,34.7495],[-120.6149,34.7456],[-120.6137,34.7427],[-120.6115,34.7394],[-120.608,34.7369],[-120.6066,34.7352],[-120.6047,34.73],[-120.6037,34.7227],[-120.6029,34.7213],[-120.6002,34.719],[-120.5996,34.7177],[-120.596,34.6996],[-120.5967,34.6975],[-120.6008,34.6906],[-120.6012,34.6899],[-120.6051,34.6828],[-120.6062,34.6785],[-120.6056,34.6742],[-120.6046,34.6686],[-120.6054,34.6663],[-120.607,34.6646],[-120.6141,34.6582],[-120.6153,34.6502],[-120.6231,34.6381],[-120.6251,34.6325],[-120.6274,34.6282],[-120.6309,34.6221],[-120.6352,34.6102],[-120.6378,34.6023],[-120.638,34.5947],[-120.6388,34.5896],[-120.642,34.5855],[-120.6424,34.5835],[-120.64,34.5789],[-120.639,34.5741],[-120.6354,34.5695],[-120.6331,34.5649],[-120.6307,34.563],[-120.6263,34.5614],[-120.6128,34.5598],[-120.607,34.5602],[-120.5977,34.5597],[-120.5891,34.561],[-120.5846,34.5607],[-120.5806,34.5592],[-120.5541,34.5445],[-120.551,34.5431],[-120.5388,34.5394],[-120.5355,34.5379],[-120.5233,34.5316],[-120.5196,34.5287],[-120.5133,34.5265],[-120.5006,34.5146],[-120.4991,34.511],[-120.4992,34.5066],[-120.493,34.4954],[-120.4896,34.4917],[-120.4873,34.4875],[-120.4807,34.4832],[-120.4773,34.4799],[-120.4679,34.467],[-120.4597,34.4559],[-120.4547,34.4527],[-120.4528,34.4517],[-120.4505,34.4515],[-120.4375,34.4528],[-120.4221,34.4532],[-120.4151,34.454],[-120.4024,34.4566],[-120.387,34.456],[-120.3808,34.4574],[-120.3714,34.4581],[-120.3542,34.4596],[-120.3446,34.4591],[-120.3328,34.4634],[-120.3202,34.464],[-120.3052,34.4705],[-120.2986,34.4715],[-120.2931,34.4718],[-120.2776,34.4678],[-120.2731,34.4692],[-120.2603,34.4682],[-120.2536,34.4684],[-120.2402,34.4693],[-120.2305,34.4713],[-120.2253,34.4713],[-120.211,34.4713],[-120.1684,34.4712],[-120.1548,34.4735],[-120.1446,34.474],[-120.136,34.4737],[-120.1279,34.4724],[-120.1198,34.4718],[-120.1054,34.4655],[-120.1009,34.4643],[-120.0975,34.4626],[-120.0901,34.461],[-120.0839,34.4614],[-120.0757,34.4609],[-120.0741,34.4616],[-120.0719,34.4642],[-120.0698,34.4648],[-120.0645,34.4627],[-120.0591,34.4619],[-120.0522,34.4624],[-120.0391,34.464],[-120.0346,34.4638],[-120.0148,34.462],[-120.0041,34.4605],[-119.9672,34.4431],[-119.9518,34.4388],[-119.921,34.4357],[-119.9092,34.4317],[-119.8846,34.4318],[-119.8771,34.4324],[-119.8603,34.436],[-119.8516,34.437],[-119.8475,34.4374],[-119.8374,34.4384],[-119.8118,34.4409],[-119.7758,34.4416],[-119.7553,34.4376],[-119.7517,34.436],[-119.7472,34.4325],[-119.7404,34.4288],[-119.7365,34.4278],[-119.7286,34.4267],[-119.7232,34.4258],[-119.7187,34.4238],[-119.7021,34.4119],[-119.6995,34.4116],[-119.6927,34.4135],[-119.6854,34.4155],[-119.673,34.419],[-119.661,34.4224],[-119.6584,34.4227],[-119.6437,34.4193],[-119.6397,34.4188],[-119.6169,34.4212],[-119.6124,34.4211],[-119.6068,34.4202],[-119.6012,34.4207],[-119.5952,34.4192],[-119.5858,34.4164],[-119.5794,34.4153],[-119.5755,34.4153],[-119.567,34.4164],[-119.5605,34.4157],[-119.5588,34.4148],[-119.5485,34.4063],[-119.5471,34.4058],[-119.5404,34.4055],[-119.5373,34.4048],[-119.5262,34.3996],[-119.5231,34.3967],[-119.5176,34.3901],[-119.5158,34.3889],[-119.5026,34.3856],[-119.4939,34.3849],[-119.4818,34.3798],[-119.478,34.3771],[-119.475,34.3763],[-119.4685,34.3765],[-119.4603,34.3746],[-119.4571,34.3726],[-119.4546,34.3703],[-119.448,34.363],[-119.4432,34.3578],[-119.4414,34.3568],[-119.4329,34.3569],[-119.4305,34.3561],[-119.4252,34.3519],[-119.4176,34.3444],[-119.4118,34.3388],[-119.4041,34.3338],[-119.4002,34.331],[-119.3917,34.3204],[-119.3904,34.3192],[-119.3876,34.3188],[-119.3758,34.3216],[-119.3711,34.3206],[-119.3642,34.3165],[-119.3488,34.3046],[-119.3457,34.3015],[-119.3382,34.2922],[-119.3359,34.2902],[-119.3208,34.2838],[-119.3111,34.2772],[-119.3007,34.277],[-119.2894,34.277],[-119.2868,34.2764],[-119.2828,34.2752],[-119.2746,34.2726],[-119.2683,34.2678],[-119.2537,34.2609],[-119.2257,34.2479],[-119.2233,34.2476],[-119.2129,34.2492],[-119.2092,34.2495],[-119.2063,34.2491],[-119.2005,34.2466]]}},{"type":"Feature","properties":{"n":1,"a":"amtrak"},"geometry":{"type":"LineString","coordinates":[[-111.6288,40.2023],[-111.6244,40.1939],[-111.6181,40.1813],[-111.6179,40.1618],[-111.6164,40.1593],[-111.6069,40.1522],[-111.6054,40.15],[-111.6049,40.1478],[-111.6051,40.1454],[-111.6059,40.1436],[-111.615,40.1316],[-111.6154,40.1301],[-111.6152,40.1282],[-111.5922,40.0948],[-111.5907,40.0908],[-111.59,40.0849],[-111.5888,40.0825],[-111.5794,40.0734],[-111.5782,40.0724],[-111.5762,40.0703],[-111.574,40.0657],[-111.5702,40.0626],[-111.5673,40.0595],[-111.5605,40.056],[-111.551,40.0543],[-111.5487,40.053],[-111.5476,40.0507],[-111.5485,40.0475],[-111.5484,40.0461],[-111.5452,40.0424],[-111.537,40.0389],[-111.5278,40.036],[-111.5173,40.0333],[-111.5116,40.0295],[-111.5045,40.0277],[-111.503,40.0262],[-111.4947,40.014],[-111.4938,40.0117],[-111.4944,40.0091],[-111.4942,40.0053],[-111.4958,40.0017],[-111.4951,39.9994],[-111.4942,39.9985],[-111.4917,39.9974],[-111.4895,39.9975],[-111.4843,39.9988],[-111.4788,39.9974],[-111.4737,39.9944],[-111.4714,39.9939],[-111.4516,39.9942],[-111.4451,39.9957],[-111.4313,39.9955],[-111.4176,39.9973],[-111.4056,39.9965],[-111.4035,39.9959],[-111.4011,39.994],[-111.3956,39.9918],[-111.3888,39.9918],[-111.385,39.9912],[-111.3788,39.9909],[-111.3748,39.9891],[-111.3706,39.9891],[-111.3605,39.9843],[-111.3578,39.9816],[-111.3549,39.9803],[-111.3515,39.9789],[-111.3241,39.9675],[-111.3202,39.9653],[-111.3181,39.965],[-111.3124,39.9659],[-111.31,39.9654],[-111.3075,39.9633],[-111.3026,39.958],[-111.299,39.9554],[-111.2885,39.9518],[-111.2853,39.9515],[-111.2728,39.9516],[-111.2709,39.9521],[-111.2675,39.954],[-111.2611,39.9531],[-111.2488,39.9564],[-111.231,39.9551],[-111.228,39.9547],[-111.226,39.9535],[-111.2227,39.9521],[-111.2166,39.9514],[-111.2127,39.9489],[-111.206,39.9479],[-111.2026,39.9454],[-111.1979,39.9445],[-111.1973,39.9433],[-111.1979,39.9411],[-111.1963,39.9374],[-111.198,39.9325],[-111.1971,39.931],[-111.1849,39.9296],[-111.1804,39.9299],[-111.1674,39.932],[-111.1656,39.9315],[-111.1649,39.9302],[-111.1657,39.9289],[-111.1761,39.926],[-111.1814,39.925],[-111.1878,39.9223],[-111.1884,39.9213],[-111.1886,39.9189],[-111.1913,39.9174],[-111.1921,39.9163],[-111.1916,39.9149],[-111.1897,39.9143],[-111.188,39.9151],[-111.1858,39.9207],[-111.1842,39.9218],[-111.1717,39.9235],[-111.1674,39.9227],[-111.1627,39.9242],[-111.1563,39.9237],[-111.1553,39.9231],[-111.1536,39.9211],[-111.1514,39.9208],[-111.1501,39.9218],[-111.1493,39.9246],[-111.1503,39.9274],[-111.1498,39.9289],[-111.1483,39.9297],[-111.1434,39.9304],[-111.1394,39.93],[-111.1362,39.9307],[-111.1329,39.93],[-111.1235,39.9311],[-111.1182,39.9323],[-111.1092,39.9318],[-111.0993,39.9329],[-111.0956,39.9323],[-111.0871,39.9286],[-111.0837,39.9272],[-111.083,39.927],[-111.0684,39.9209],[-111.0668,39.9192],[-111.0645,39.9145],[-111.0568,39.8997],[-111.0529,39.8934],[-111.0501,39.8863],[-111.0488,39.8843],[-111.0382,39.876],[-111.026,39.8603],[-111.0138,39.8493],[-111.0089,39.8442],[-111.0076,39.84],[-111.0057,39.8386],[-111.0028,39.8388],[-111.0017,39.8395],[-111.0004,39.8414],[-110.9967,39.8441],[-110.9935,39.8445],[-110.9914,39.8438],[-110.988,39.8415],[-110.9832,39.8403],[-110.9791,39.8384],[-110.9757,39.8379],[-110.9711,39.8352],[-110.9681,39.8349],[-110.9636,39.837],[-110.9607,39.8368],[-110.9578,39.8349],[-110.9543,39.8337],[-110.9535,39.8325],[-110.9532,39.8299],[-110.9519,39.8278],[-110.9504,39.8267],[-110.9484,39.8265],[-110.9456,39.8266],[-110.944,39.826],[-110.9435,39.8251],[-110.9436,39.8236],[-110.9432,39.8225],[-110.9414,39.8212],[-110.9402,39.8192],[-110.9375,39.8178],[-110.9372,39.8143],[-110.9375,39.8136],[-110.9393,39.8116],[-110.942,39.8079],[-110.9424,39.806],[-110.9415,39.8048],[-110.9373,39.8021],[-110.9348,39.8016],[-110.9319,39.8035],[-110.9284,39.8033],[-110.9251,39.8044],[-110.9235,39.8041],[-110.9226,39.8035],[-110.9221,39.8025],[-110.9224,39.8016],[-110.9245,39.8001],[-110.9255,39.7984],[-110.9271,39.7971],[-110.9306,39.7958],[-110.9311,39.795],[-110.9309,39.7933],[-110.9306,39.7914],[-110.9288,39.7898],[-110.9267,39.7859],[-110.9213,39.7834],[-110.9154,39.7776],[-110.9121,39.7762],[-110.9108,39.7736],[-110.9079,39.7723],[-110.9069,39.7695],[-110.9029,39.7649],[-110.9018,39.7644],[-110.896,39.7637],[-110.8902,39.7597],[-110.887,39.7536],[-110.8846,39.7508],[-110.8843,39.7482],[-110.8827,39.747],[-110.8812,39.746],[-110.8799,39.7442],[-110.8749,39.7405],[-110.8743,39.7386],[-110.874,39.7373],[-110.8721,39.7348],[-110.87,39.7325],[-110.8658,39.7292],[-110.8653,39.7284],[-110.8668,39.7251],[-110.865,39.7227],[-110.8647,39.7214],[-110.8681,39.7166],[-110.8683,39.7154],[-110.8676,39.7139],[-110.8663,39.7108],[-110.8684,39.7082],[-110.8685,39.7069],[-110.8649,39.7025],[-110.8651,39.6992],[-110.8645,39.6965],[-110.8636,39.6956],[-110.8604,39.6941],[-110.8559,39.6916],[-110.8539,39.6886],[-110.8535,39.6831],[-110.8557,39.6795],[-110.8583,39.6758],[-110.8593,39.6731],[-110.8589,39.67],[-110.8553,39.665],[-110.8563,39.6613],[-110.8552,39.6524],[-110.8559,39.6505],[-110.8589,39.6472],[-110.8594,39.645],[-110.8571,39.6393],[-110.8547,39.6367],[-110.8381,39.622],[-110.8322,39.6172],[-110.8234,39.6071],[-110.8203,39.6022],[-110.8183,39.6008],[-110.8166,39.6],[-110.7942,39.5888],[-110.7905,39.5858],[-110.7875,39.5813],[-110.7845,39.5748],[-110.7818,39.5712],[-110.7704,39.5625],[-110.7653,39.5589],[-110.7454,39.5445],[-110.7413,39.5429],[-110.7186,39.5368],[-110.7181,39.5367],[-110.7087,39.5338],[-110.6977,39.5232],[-110.6865,39.5169],[-110.6837,39.515],[-110.679,39.5092],[-110.665,39.5024],[-110.6597,39.4985],[-110.6564,39.4972],[-110.6489,39.4963],[-110.6449,39.4945],[-110.6423,39.4917],[-110.6384,39.4841],[-110.629,39.476],[-110.6266,39.4747],[-110.6196,39.473],[-110.6149,39.4698],[-110.6015,39.4596],[-110.5892,39.4537],[-110.5857,39.4531],[-110.5768,39.4539],[-110.5628,39.4609],[-110.5595,39.4616],[-110.5562,39.4614],[-110.5537,39.4607],[-110.5466,39.4572],[-110.5364,39.4504],[-110.5241,39.4417],[-110.5231,39.4402],[-110.5223,39.4372],[-110.5209,39.4356],[-110.5063,39.4277],[-110.5016,39.4243],[-110.4956,39.4215],[-110.489,39.4169],[-110.4832,39.4116],[-110.4741,39.4061],[-110.4726,39.404],[-110.4696,39.4013],[-110.4679,39.4005],[-110.4633,39.3999],[-110.4585,39.3976],[-110.4566,39.3957],[-110.456,39.3935],[-110.4552,39.3881],[-110.454,39.3861],[-110.4435,39.3797],[-110.4384,39.3769],[-110.437,39.3766],[-110.4352,39.377],[-110.4309,39.3791],[-110.4279,39.3791],[-110.4259,39.378],[-110.4235,39.3748],[-110.422,39.3735],[-110.4195,39.3724],[-110.4174,39.3721],[-110.415,39.3724],[-110.4132,39.3732],[-110.4099,39.3774],[-110.4087,39.3783],[-110.4071,39.3786],[-110.405,39.3781],[-110.3849,39.3499],[-110.384,39.3476],[-110.3841,39.3448],[-110.3883,39.3263],[-110.3889,39.3233],[-110.3879,39.3208],[-110.3862,39.3193],[-110.3812,39.3166],[-110.3796,39.3143],[-110.3755,39.2893],[-110.375,39.2822],[-110.374,39.2803],[-110.372,39.2789],[-110.3623,39.269],[-110.3595,39.2676],[-110.3549,39.2666],[-110.3516,39.2658],[-110.3484,39.2639],[-110.3427,39.2578],[-110.3409,39.2536],[-110.341,39.2509],[-110.3418,39.2485],[-110.3491,39.2364],[-110.357,39.2075],[-110.3566,39.205],[-110.355,39.2021],[-110.3479,39.1966],[-110.3463,39.1949],[-110.3449,39.1921],[-110.3445,39.1894],[-110.3434,39.1712],[-110.3425,39.1575],[-110.3431,39.1469],[-110.3426,39.1436],[-110.3405,39.1392],[-110.3334,39.1313],[-110.3315,39.1282],[-110.3216,39.097],[-110.3166,39.0792],[-110.3073,39.0429],[-110.3031,39.0314],[-110.3003,39.0278],[-110.2857,39.0153],[-110.2743,39.0057],[-110.2685,39.0031],[-110.2413,38.9957],[-110.236,38.9955],[-110.2216,38.9974],[-110.1926,38.993],[-110.1769,38.9933],[-110.1686,38.9931],[-110.1658,38.9921],[-110.162,38.9897],[-110.1573,38.9866],[-110.1531,38.9854],[-110.1498,38.9848],[-110.137,38.9825],[-110.1309,38.9824],[-110.1248,38.9838],[-110.1154,38.9876],[-110.1107,38.9879],[-110.1062,38.9865],[-110.1059,38.9863],[-110.099,38.9828],[-110.0925,38.9794],[-110.0899,38.9785],[-110.0765,38.9786],[-110.0709,38.9775],[-110.0437,38.963],[-110.0397,38.9611],[-110.0303,38.958],[-110.0261,38.958],[-110.0164,38.9601],[-110.0098,38.9614],[-110.0052,38.9617],[-109.9999,38.9609],[-109.9959,38.9595],[-109.9813,38.9509],[-109.9773,38.9461],[-109.9693,38.9425],[-109.9603,38.9318],[-109.9578,38.9299],[-109.9546,38.9287],[-109.9355,38.9247],[-109.9301,38.9236],[-109.9267,38.9238],[-109.9144,38.9283],[-109.8986,38.9344],[-109.8921,38.9361],[-109.8657,38.9379],[-109.8526,38.9366],[-109.843,38.939],[-109.8327,38.9399],[-109.8285,38.9414],[-109.8236,38.9422],[-109.8203,38.9436],[-109.8046,38.9511],[-109.8035,38.9516],[-109.802,38.9523],[-109.7811,38.9621],[-109.7707,38.9632],[-109.7587,38.9666],[-109.7434,38.9676],[-109.7398,38.9684],[-109.7326,38.971],[-109.7268,38.9719],[-109.7201,38.972],[-109.7048,38.9702],[-109.7024,38.9696],[-109.7005,38.9683],[-109.6968,38.965],[-109.694,38.9595],[-109.6908,38.9572],[-109.6881,38.9564],[-109.6859,38.9564],[-109.6838,38.9574],[-109.6822,38.9596],[-109.68,38.9629],[-109.677,38.9641],[-109.666,38.9639],[-109.6613,38.9622],[-109.6575,38.9613],[-109.6495,38.9622],[-109.6481,38.9628],[-109.6451,38.9656],[-109.6412,38.967],[-109.6203,38.9605],[-109.6175,38.9605],[-109.6101,38.9621],[-109.5981,38.9642],[-109.5811,38.9626],[-109.5419,38.9605],[-109.5392,38.9599],[-109.5269,38.9551],[-109.5158,38.9522],[-109.4955,38.947],[-109.478,38.9417],[-109.4549,38.9364],[-109.4376,38.9358],[-109.4354,38.9363],[-109.4316,38.9384],[-109.4284,38.9389],[-109.419,38.94],[-109.4077,38.9469],[-109.4053,38.9484],[-109.4023,38.949],[-109.3993,38.9485],[-109.3932,38.9457],[-109.3873,38.9446],[-109.3676,38.9455],[-109.363,38.9463],[-109.3592,38.9479],[-109.3561,38.9503],[-109.3474,38.961],[-109.3451,38.9632],[-109.3413,38.9655],[-109.3365,38.9671],[-109.3112,38.9732],[-109.3039,38.9749],[-109.2997,38.9754],[-109.2851,38.9737],[-109.2825,38.9739],[-109.2806,38.9746],[-109.2784,38.9771],[-109.2774,38.9834],[-109.2759,38.9863],[-109.2683,38.9931],[-109.2637,39.0006],[-109.253,39.0103],[-109.2511,39.0119],[-109.2485,39.0132],[-109.2268,39.0205],[-109.2233,39.0217],[-109.221,39.0231],[-109.2102,39.0332],[-109.2087,39.0355],[-109.2075,39.0407],[-109.2061,39.0432],[-109.1905,39.0585],[-109.1837,39.0673],[-109.1796,39.0752],[-109.1772,39.0773],[-109.1747,39.0784],[-109.1718,39.0787],[-109.1561,39.077],[-109.1533,39.0763],[-109.1483,39.0738],[-109.1439,39.0734],[-109.1408,39.0742],[-109.1251,39.0813],[-109.1182,39.0826],[-109.1148,39.0832],[-109.1114,39.0849],[-109.1075,39.0877],[-109.1036,39.0908],[-109.0935,39.1001],[-109.0906,39.102],[-109.0882,39.1034],[-109.087,39.1047],[-109.0866,39.1062],[-109.0868,39.1097],[-109.0857,39.112],[-109.0807,39.1176],[-109.0757,39.1209],[-109.071,39.1224],[-109.0649,39.1229],[-109.06,39.1221],[-109.0515,39.1195],[-109.0511,39.1194],[-109.0448,39.1184],[-109.0395,39.1194],[-109.0347,39.122],[-109.0316,39.1257],[-109.0246,39.1369],[-109.0229,39.1386],[-109.0169,39.141],[-109.0056,39.1415],[-109.0019,39.1432],[-108.9992,39.1475],[-108.9974,39.1549],[-108.9957,39.1568],[-108.9927,39.1576],[-108.9856,39.1566],[-108.9794,39.157],[-108.9614,39.1583],[-108.9581,39.1593],[-108.957,39.1603],[-108.9564,39.1617],[-108.9566,39.1634],[-108.9603,39.1704],[-108.9604,39.1723],[-108.9597,39.1738],[-108.9581,39.1752],[-108.9565,39.1758],[-108.944,39.1761],[-108.9401,39.1777],[-108.9373,39.1809],[-108.9365,39.1825],[-108.9358,39.1874],[-108.9362,39.1943],[-108.936,39.1973],[-108.9353,39.2],[-108.934,39.2024],[-108.9317,39.205],[-108.9262,39.2088],[-108.9238,39.2095],[-108.9204,39.2098],[-108.9155,39.2099],[-108.9082,39.2139],[-108.9024,39.2147],[-108.8882,39.2241],[-108.8855,39.225],[-108.8817,39.2253],[-108.8747,39.226],[-108.8706,39.2255],[-108.8676,39.2242],[-108.8563,39.2174],[-108.8459,39.2114],[-108.8266,39.2052],[-108.8096,39.194],[-108.7859,39.1819],[-108.7761,39.1769],[-108.7651,39.1712],[-108.7471,39.162],[-108.7349,39.1558],[-108.7298,39.1532],[-108.7263,39.1514],[-108.7258,39.1511],[-108.7065,39.1412],[-108.675,39.1251],[-108.6343,39.1042],[-108.6051,39.0892],[-108.5915,39.0822],[-108.5891,39.0803],[-108.5886,39.0799],[-108.5765,39.069],[-108.5742,39.0669],[-108.5705,39.064],[-108.5662,39.0609],[-108.5647,39.0606],[-108.5627,39.061],[-108.5559,39.0626]]}},{"type":"Feature","properties":{"n":1,"a":"amtrak"},"geometry":{"type":"LineString","coordinates":[[-121.0444,38.9434],[-121.0408,38.9458],[-121.0372,38.95],[-121.0286,38.9547],[-121.0214,38.9602],[-121.0128,38.9716],[-121.0023,38.9771],[-121.0009,38.9791],[-120.9987,38.9852],[-120.9891,38.9941],[-120.9877,38.9962],[-120.9859,39.0012],[-120.9837,39.0037],[-120.9754,39.0155],[-120.975,39.0171],[-120.9753,39.0202],[-120.9749,39.0216],[-120.9692,39.0259],[-120.9666,39.0317],[-120.9667,39.034],[-120.9683,39.0381],[-120.9723,39.0456],[-120.9728,39.0479],[-120.9713,39.0539],[-120.9718,39.0587],[-120.9684,39.0678],[-120.9693,39.0735],[-120.9691,39.0749],[-120.9645,39.0831],[-120.9622,39.0871],[-120.958,39.0922],[-120.9533,39.0994],[-120.9499,39.1044],[-120.9479,39.1073],[-120.9483,39.1121],[-120.9463,39.1166],[-120.9445,39.1226],[-120.9438,39.1234],[-120.9416,39.1238],[-120.9383,39.1223],[-120.9371,39.117],[-120.9374,39.1152],[-120.9364,39.1138],[-120.9343,39.1124],[-120.9314,39.1126],[-120.93,39.1145],[-120.9307,39.1166],[-120.9311,39.1192],[-120.9309,39.1249],[-120.9304,39.1257],[-120.9277,39.1269],[-120.9247,39.129],[-120.9203,39.1286],[-120.9146,39.1292],[-120.9133,39.1301],[-120.9113,39.1329],[-120.9073,39.1351],[-120.9041,39.1355],[-120.9024,39.1362],[-120.9003,39.1392],[-120.8974,39.1415],[-120.8967,39.1438],[-120.8972,39.1464],[-120.8965,39.1494],[-120.8925,39.1521],[-120.8898,39.153],[-120.8883,39.1541],[-120.8877,39.1551],[-120.8875,39.1575],[-120.8865,39.1585],[-120.885,39.1588],[-120.881,39.1581],[-120.8792,39.1588],[-120.8778,39.1601],[-120.877,39.1635],[-120.8773,39.1668],[-120.8785,39.1689],[-120.8779,39.1704],[-120.8761,39.1713],[-120.8729,39.1713],[-120.8711,39.1733],[-120.8677,39.175],[-120.8665,39.1749],[-120.8641,39.1736],[-120.861,39.1738],[-120.8599,39.1748],[-120.8598,39.1771],[-120.8593,39.1784],[-120.8573,39.1803],[-120.8473,39.1866],[-120.8409,39.1891],[-120.835,39.1896],[-120.8332,39.1905],[-120.8316,39.1946],[-120.8335,39.2006],[-120.832,39.203],[-120.8312,39.2057],[-120.8283,39.2077],[-120.8267,39.2075],[-120.8229,39.2056],[-120.8207,39.2059],[-120.8163,39.2079],[-120.8137,39.2079],[-120.812,39.2072],[-120.8104,39.2049],[-120.8092,39.2042],[-120.799,39.204],[-120.7962,39.2046],[-120.7943,39.2037],[-120.794,39.2023],[-120.7957,39.1992],[-120.7949,39.1977],[-120.7934,39.1972],[-120.7898,39.1974],[-120.7858,39.1949],[-120.7814,39.195],[-120.7788,39.1974],[-120.7755,39.1984],[-120.7727,39.1985],[-120.7701,39.2],[-120.7639,39.1993],[-120.761,39.2014],[-120.7602,39.2028],[-120.7606,39.2043],[-120.7633,39.2083],[-120.7638,39.2108],[-120.7629,39.2122],[-120.7582,39.2156],[-120.7576,39.217],[-120.7577,39.2193],[-120.7577,39.2217],[-120.757,39.2229],[-120.7518,39.2245],[-120.7507,39.2255],[-120.7508,39.2288],[-120.7514,39.2307],[-120.7498,39.2338],[-120.7452,39.2344],[-120.7432,39.2365],[-120.7419,39.2371],[-120.7351,39.2366],[-120.7334,39.2369],[-120.7326,39.2378],[-120.7323,39.2405],[-120.7316,39.2414],[-120.7299,39.2419],[-120.7268,39.2415],[-120.7251,39.2423],[-120.724,39.2444],[-120.7242,39.2464],[-120.7239,39.2473],[-120.722,39.2492],[-120.719,39.2503],[-120.718,39.2537],[-120.7152,39.2548],[-120.7136,39.2569],[-120.7124,39.2573],[-120.7108,39.257],[-120.7099,39.2556],[-120.7134,39.2501],[-120.7132,39.2489],[-120.7122,39.2481],[-120.7107,39.2478],[-120.7092,39.2483],[-120.7079,39.2507],[-120.7066,39.2517],[-120.7018,39.2518],[-120.7004,39.2523],[-120.6996,39.2533],[-120.6994,39.2544],[-120.7017,39.2583],[-120.7011,39.2606],[-120.7009,39.2646],[-120.6996,39.2658],[-120.6975,39.2661],[-120.6956,39.2667],[-120.6943,39.2689],[-120.6929,39.2702],[-120.6887,39.2739],[-120.6878,39.2786],[-120.6853,39.282],[-120.6839,39.2833],[-120.6805,39.2853],[-120.6789,39.2877],[-120.6765,39.2892],[-120.6742,39.2936],[-120.6732,39.2953],[-120.6729,39.2976],[-120.6705,39.2997],[-120.664,39.3019],[-120.6619,39.3038],[-120.6585,39.3053],[-120.6479,39.3084],[-120.6405,39.3115],[-120.6384,39.3131],[-120.6305,39.3154],[-120.6248,39.3188],[-120.6177,39.319],[-120.6124,39.3198],[-120.6011,39.3229],[-120.5979,39.3249],[-120.594,39.3253],[-120.5891,39.3288],[-120.5875,39.3294],[-120.5863,39.3292],[-120.5833,39.3274],[-120.5784,39.3266],[-120.5719,39.3245],[-120.5638,39.3156],[-120.5604,39.3126],[-120.557,39.3119],[-120.5549,39.3106],[-120.5513,39.3102],[-120.5507,39.3092],[-120.5507,39.3074],[-120.5495,39.3024],[-120.5481,39.3016],[-120.5442,39.3017],[-120.5402,39.3024],[-120.5346,39.3017],[-120.533,39.3011],[-120.5322,39.2996],[-120.532,39.2976],[-120.5305,39.2965],[-120.5246,39.2964],[-120.5207,39.2975],[-120.5131,39.2986],[-120.5101,39.2997],[-120.5082,39.301],[-120.5076,39.3037],[-120.5059,39.3058],[-120.5023,39.3077],[-120.497,39.3073],[-120.4917,39.3059],[-120.4849,39.3059],[-120.4816,39.3065],[-120.4773,39.3062],[-120.4718,39.3077],[-120.4653,39.3116],[-120.4638,39.3115],[-120.4616,39.3102],[-120.4576,39.3088],[-120.4527,39.3048],[-120.4507,39.3045],[-120.4459,39.3068],[-120.4432,39.3102],[-120.4355,39.3114],[-120.4281,39.3162],[-120.4184,39.3204],[-120.4158,39.3221],[-120.414,39.3225],[-120.4052,39.3209],[-120.3961,39.3228],[-120.3929,39.3239],[-120.3887,39.3243],[-120.3862,39.3241],[-120.3824,39.3225],[-120.3794,39.3225],[-120.3704,39.323],[-120.3654,39.3203],[-120.3577,39.3173],[-120.3557,39.3164],[-120.3512,39.3157],[-120.3462,39.3137],[-120.3409,39.3105],[-120.3369,39.3094],[-120.2951,39.3],[-120.2923,39.3002],[-120.2905,39.3022],[-120.2894,39.3032],[-120.2864,39.3046],[-120.2847,39.3078],[-120.2832,39.309],[-120.2797,39.3101],[-120.2769,39.3117],[-120.273,39.3113],[-120.2694,39.3117],[-120.2674,39.3117],[-120.2641,39.3135],[-120.2598,39.3144],[-120.2565,39.316],[-120.2543,39.316],[-120.2453,39.3152],[-120.2441,39.3142],[-120.2442,39.3129],[-120.2469,39.3111],[-120.2499,39.3061],[-120.2527,39.3031],[-120.2624,39.3],[-120.2722,39.2947],[-120.2726,39.2939],[-120.2724,39.2928],[-120.2705,39.292],[-120.249,39.2996],[-120.2412,39.3079],[-120.2362,39.3114],[-120.2317,39.3128],[-120.2291,39.3152],[-120.2232,39.3162],[-120.2145,39.319],[-120.212,39.3189],[-120.2081,39.3177],[-120.2052,39.318],[-120.1987,39.3203],[-120.1962,39.3223],[-120.1891,39.3262],[-120.1838,39.3278],[-120.1671,39.3322],[-120.1668,39.3323],[-120.1633,39.3331],[-120.1503,39.3342],[-120.1376,39.3391],[-120.1298,39.3427],[-120.1248,39.347],[-120.122,39.3485],[-120.1212,39.3494],[-120.121,39.3506],[-120.1217,39.3519],[-120.1253,39.3536],[-120.1264,39.3551],[-120.1261,39.3594],[-120.125,39.3616],[-120.1233,39.3625],[-120.1206,39.3627],[-120.1139,39.3609],[-120.1124,39.3613],[-120.1111,39.3624],[-120.1107,39.3639],[-120.1113,39.3652],[-120.116,39.3681],[-120.117,39.3692],[-120.1172,39.3704],[-120.1165,39.3718],[-120.1123,39.3747],[-120.1082,39.375],[-120.1062,39.3758],[-120.1032,39.3791],[-120.0998,39.3809],[-120.0956,39.3845],[-120.0939,39.3853],[-120.0872,39.386],[-120.084,39.3855],[-120.0751,39.3796],[-120.0741,39.3781],[-120.0732,39.3732],[-120.074,39.3687],[-120.0731,39.3675],[-120.072,39.3669],[-120.0692,39.367],[-120.0661,39.3691],[-120.0631,39.37],[-120.0581,39.3694],[-120.0525,39.3702],[-120.0491,39.3683],[-120.047,39.368],[-120.0395,39.3694],[-120.0332,39.3722],[-120.0292,39.3746],[-120.0261,39.3754],[-120.0225,39.377],[-120.0204,39.3784],[-120.0196,39.3798],[-120.0196,39.3816],[-120.023,39.3871],[-120.0225,39.3904],[-120.0239,39.3946],[-120.0229,39.3965],[-120.0217,39.3978],[-120.0214,39.3991],[-120.0222,39.4019],[-120.0242,39.4045],[-120.0252,39.4087],[-120.0254,39.4134],[-120.027,39.4168],[-120.0332,39.4227],[-120.0339,39.4249],[-120.0334,39.4272],[-120.0318,39.4295],[-120.0266,39.432],[-120.0236,39.4354],[-120.0211,39.4369],[-120.0174,39.4394],[-120.0121,39.4411],[-120.0104,39.4432],[-120.0093,39.4461],[-120.0065,39.4495],[-120.0062,39.4507],[-120.0084,39.4556],[-120.0085,39.4571],[-120.0063,39.4618],[-120.0027,39.4667],[-120.0005,39.4702],[-119.996,39.4737],[-119.9947,39.4773],[-119.9942,39.4804],[-119.9916,39.4832],[-119.9911,39.4848],[-119.9921,39.4943],[-119.9941,39.503],[-119.9927,39.5138],[-119.9918,39.5155],[-119.9907,39.5166],[-119.9856,39.5186],[-119.9787,39.5197],[-119.9628,39.518],[-119.9577,39.516],[-119.9505,39.511],[-119.9349,39.5077],[-119.9322,39.508],[-119.93,39.509],[-119.9276,39.5109],[-119.9249,39.5144],[-119.9228,39.5156],[-119.9191,39.5154],[-119.9083,39.5123],[-119.9052,39.5094],[-119.9015,39.5086],[-119.8974,39.5082],[-119.8865,39.5074],[-119.876,39.5107],[-119.8712,39.5105],[-119.8548,39.513],[-119.8511,39.5148],[-119.848,39.519],[-119.8433,39.5208],[-119.8307,39.5252],[-119.8115,39.5289],[-119.7984,39.5314],[-119.7966,39.5318],[-119.7953,39.532],[-119.7943,39.5322],[-119.7826,39.534],[-119.7764,39.534],[-119.7692,39.5333],[-119.7687,39.5332],[-119.768,39.5331],[-119.7568,39.532],[-119.7338,39.5296],[-119.7329,39.5295],[-119.7321,39.5294],[-119.7064,39.5267],[-119.6994,39.5252],[-119.6933,39.5233],[-119.689,39.5214],[-119.686,39.5187],[-119.6826,39.5155],[-119.6789,39.5131],[-119.6746,39.5115],[-119.6683,39.5104],[-119.664,39.5098],[-119.6588,39.51],[-119.6487,39.5116],[-119.6439,39.5131],[-119.6411,39.5134],[-119.6381,39.5135],[-119.626,39.5154],[-119.623,39.5167],[-119.62,39.5194],[-119.6164,39.5227],[-119.6087,39.5281],[-119.5909,39.545],[-119.5864,39.547],[-119.5794,39.548],[-119.5696,39.5493],[-119.5575,39.5528],[-119.5562,39.5532],[-119.5523,39.5544],[-119.5464,39.5561],[-119.5455,39.5564],[-119.5359,39.5582],[-119.5058,39.5618],[-119.4998,39.562],[-119.4899,39.5625],[-119.4779,39.5651],[-119.4754,39.5661],[-119.4735,39.5675],[-119.4719,39.5698],[-119.4715,39.5716],[-119.4716,39.5765],[-119.4683,39.584],[-119.4661,39.5858],[-119.4583,39.589],[-119.4542,39.5896],[-119.4444,39.5887],[-119.4274,39.5885],[-119.4144,39.5909],[-119.4089,39.5906],[-119.4058,39.5903],[-119.3975,39.5882],[-119.3887,39.5885],[-119.3804,39.5889],[-119.3752,39.5895],[-119.3672,39.5914],[-119.3582,39.5936],[-119.3491,39.5948],[-119.3401,39.5959],[-119.3341,39.5984],[-119.3292,39.5995],[-119.2974,39.6138],[-119.2926,39.6166],[-119.2903,39.6171],[-119.287,39.6167],[-119.2661,39.6126],[-119.2532,39.6101],[-119.2479,39.609],[-119.2297,39.6055],[-119.2123,39.6021],[-119.2069,39.6015],[-119.1138,39.5932],[-119.1068,39.5915],[-119.1016,39.5886],[-119.0927,39.5828],[-119.0899,39.5803],[-119.0873,39.5762],[-119.0842,39.5705],[-119.0825,39.5679],[-119.0805,39.566],[-119.0777,39.5644],[-119.0742,39.5633],[-119.0694,39.5631],[-119.0513,39.565],[-119.0479,39.5653],[-119.0343,39.5667],[-119.0275,39.5682],[-119.0221,39.5701],[-119.0173,39.5724],[-118.9853,39.5917],[-118.9665,39.603],[-118.9131,39.6352],[-118.8983,39.6441],[-118.8491,39.6737],[-118.8202,39.691],[-118.7906,39.7092],[-118.7874,39.712],[-118.784,39.7162],[-118.7803,39.7235],[-118.778,39.7305],[-118.7759,39.7367],[-118.7715,39.7498],[-118.7705,39.755],[-118.7721,39.7799],[-118.7744,39.8079],[-118.7778,39.8503],[-118.7775,39.8546],[-118.7765,39.8588],[-118.7724,39.8722],[-118.7701,39.8792],[-118.7679,39.8826],[-118.7469,39.9003],[-118.7288,39.9153],[-118.7221,39.9208],[-118.6962,39.9422],[-118.6933,39.9458],[-118.6912,39.9504],[-118.6888,39.9563],[-118.6879,39.9585],[-118.6847,39.9664],[-118.6836,39.9707],[-118.6778,39.9985],[-118.6777,39.9988],[-118.6752,40.0102],[-118.6713,40.0218],[-118.6684,40.0298],[-118.6604,40.04],[-118.659,40.0431],[-118.6571,40.05],[-118.654,40.0545],[-118.6408,40.067],[-118.6342,40.0721],[-118.6264,40.0765],[-118.5835,40.0947],[-118.5505,40.1089],[-118.5153,40.1289],[-118.5087,40.1329],[-118.5052,40.1361],[-118.4674,40.1876],[-118.4622,40.1939],[-118.4364,40.2183],[-118.429,40.2233],[-118.4206,40.2267],[-118.4107,40.2304],[-118.4046,40.2339],[-118.3996,40.2381],[-118.3899,40.2487],[-118.3841,40.255],[-118.3745,40.2657],[-118.3691,40.2758],[-118.3602,40.2861],[-118.3561,40.2947],[-118.3536,40.2985],[-118.323,40.3341],[-118.3147,40.3442],[-118.3114,40.3516],[-118.3027,40.3893],[-118.2878,40.4549],[-118.2875,40.4579],[-118.2879,40.4606],[-118.2974,40.4835],[-118.2981,40.4876],[-118.2975,40.4915],[-118.2911,40.5117],[-118.2897,40.524],[-118.2863,40.5387],[-118.2833,40.5521],[-118.2807,40.5624],[-118.2766,40.5708],[-118.2486,40.6069],[-118.2447,40.6113],[-118.2147,40.6366],[-118.2083,40.6411],[-118.2007,40.6452],[-118.1775,40.6532],[-118.1714,40.6552],[-118.1434,40.6644],[-118.1261,40.6698],[-118.0908,40.6774],[-118.0769,40.6804],[-118.0708,40.683],[-118.0677,40.6855],[-118.0653,40.6883],[-118.0551,40.707],[-118.0456,40.7187],[-118.0348,40.7381],[-118.0327,40.7437],[-118.0225,40.7836],[-118.0195,40.7943],[-118.0175,40.7982],[-118.014,40.803],[-117.9848,40.8418],[-117.9801,40.8463],[-117.9648,40.8578],[-117.9326,40.8818],[-117.9259,40.8857],[-117.919,40.8883],[-117.9111,40.8899],[-117.8911,40.8902],[-117.8851,40.8909],[-117.8783,40.8926],[-117.7662,40.9303],[-117.7609,40.9331],[-117.7572,40.9359],[-117.7485,40.947],[-117.7433,40.9539],[-117.7351,40.9649],[-117.7297,40.9723],[-117.722,40.9808],[-117.6984,41.0059],[-117.6922,41.0109],[-117.6917,41.0113],[-117.6773,41.021],[-117.6743,41.0224],[-117.6713,41.023],[-117.6505,41.0242],[-117.6374,41.025],[-117.6216,41.0284],[-117.6097,41.0285],[-117.5974,41.0261],[-117.5887,41.0272],[-117.586,41.0266],[-117.5798,41.0232],[-117.5647,41.0211],[-117.5579,41.0185],[-117.5545,41.0163],[-117.5023,40.9652],[-117.497,40.9608],[-117.4922,40.9578],[-117.4887,40.9562],[-117.4854,40.9556],[-117.4569,40.9569],[-117.4414,40.9581],[-117.4141,40.965],[-117.4095,40.9672],[-117.405,40.9703],[-117.3978,40.9763],[-117.3932,40.9787],[-117.3887,40.98],[-117.3715,40.9822],[-117.3657,40.9841],[-117.362,40.9864],[-117.3425,41.0019],[-117.3392,41.0033],[-117.3356,41.0037],[-117.3305,41.0025],[-117.3249,40.9988],[-117.282,40.9535],[-117.2681,40.9388],[-117.1735,40.8384],[-117.1438,40.807],[-117.1258,40.7927],[-117.0736,40.7519],[-117.0532,40.7358],[-117.0186,40.7087],[-116.9526,40.6569],[-116.9389,40.6462],[-116.9353,40.6433],[-116.9165,40.6285],[-116.9093,40.623],[-116.9039,40.62],[-116.8977,40.6176],[-116.8907,40.616],[-116.8213,40.6118],[-116.8105,40.6125],[-116.8045,40.6139],[-116.7992,40.6158],[-116.7941,40.6184],[-116.7894,40.6216],[-116.7848,40.6261],[-116.7677,40.6468],[-116.7597,40.6542],[-116.7532,40.6577],[-116.7252,40.6689],[-116.716,40.6723],[-116.707,40.674],[-116.6757,40.6742],[-116.6476,40.6741],[-116.6389,40.6748],[-116.633,40.6762],[-116.5971,40.6871],[-116.5936,40.6881],[-116.5709,40.695],[-116.5685,40.6957],[-116.5601,40.6979],[-116.5363,40.702],[-116.5204,40.7004],[-116.5171,40.6989],[-116.5158,40.6972],[-116.5105,40.686],[-116.5078,40.6773],[-116.4985,40.6458],[-116.4861,40.6041],[-116.4846,40.6003],[-116.4829,40.5981],[-116.4794,40.5947],[-116.4616,40.5791],[-116.4561,40.5757],[-116.4516,40.5738],[-116.445,40.5728],[-116.4022,40.572],[-116.3779,40.5715],[-116.3598,40.5677],[-116.3548,40.5674],[-116.3509,40.5682],[-116.3248,40.5779],[-116.3168,40.58],[-116.3078,40.5804],[-116.3045,40.5794],[-116.3007,40.5765],[-116.2984,40.5756],[-116.2905,40.5758],[-116.2882,40.5762],[-116.283,40.5788],[-116.2749,40.5802],[-116.2695,40.5823]]}},{"type":"Feature","properties":{"n":1,"a":"amtrak"},"geometry":{"type":"LineString","coordinates":[[-111.6512,40.223],[-111.6546,40.2247],[-111.6586,40.2254],[-111.654,40.2247],[-111.6483,40.2216],[-111.6362,40.2106],[-111.6358,40.2102],[-111.6305,40.205],[-111.6288,40.2023]]}},{"type":"Feature","properties":{"n":1,"a":"amtrak"},"geometry":{"type":"LineString","coordinates":[[-118.2229,34.0627],[-118.2213,34.0628],[-118.2159,34.0633],[-118.2129,34.0638],[-118.2121,34.064]]}},{"type":"Feature","properties":{"n":1,"a":"amtrak"},"geometry":{"type":"LineString","coordinates":[[-122.1169,38.0255],[-122.116,38.0256],[-122.1155,38.0256],[-122.1146,38.0257],[-122.1141,38.0257],[-122.1012,38.0263],[-122.0961,38.0269],[-122.0789,38.0317],[-122.0783,38.0319],[-122.066,38.0354],[-122.0343,38.0443],[-122.0286,38.0459],[-122.0228,38.0469],[-122.0214,38.0473],[-122.0158,38.0489],[-122.0131,38.0491],[-121.9931,38.0442],[-121.9906,38.0443],[-121.9862,38.0455],[-121.984,38.0454],[-121.9714,38.0413],[-121.9261,38.0297],[-121.9229,38.0289],[-121.913,38.027],[-121.9051,38.0265],[-121.8989,38.0265],[-121.8911,38.0265],[-121.8879,38.0265],[-121.8824,38.0264],[-121.8789,38.0258],[-121.8775,38.0254],[-121.868,38.0233],[-121.8549,38.0204],[-121.8542,38.0203],[-121.8539,38.0202],[-121.8477,38.0191],[-121.8307,38.019],[-121.8156,38.0178],[-121.7972,38.0143],[-121.7856,38.0118],[-121.779,38.0111],[-121.7731,38.0111],[-121.7641,38.0109],[-121.7571,38.0099],[-121.7504,38.009],[-121.7417,38.0077],[-121.7309,38.0042],[-121.7171,37.9996],[-121.6986,37.9931],[-121.6821,37.9824],[-121.6608,37.9671],[-121.6245,37.941],[-121.6219,37.9402],[-121.616,37.94],[-121.5776,37.94],[-121.5639,37.9399],[-121.5609,37.9399],[-121.5306,37.9399],[-121.5114,37.9392],[-121.4271,37.9343],[-121.3748,37.9341],[-121.3553,37.9342],[-121.3401,37.9362],[-121.3052,37.9418],[-121.3033,37.9421],[-121.2963,37.9433],[-121.2856,37.9451],[-121.2774,37.9465],[-121.2768,37.9466],[-121.2739,37.9471]]}},{"type":"Feature","properties":{"n":1,"a":"amtrak"},"geometry":{"type":"LineString","coordinates":[[-112.1988,40.7271],[-112.1894,40.7287],[-112.1852,40.7307],[-112.1825,40.7334],[-112.1773,40.742],[-112.1697,40.7542],[-112.1631,40.76],[-112.1562,40.7658],[-112.1522,40.7684],[-112.1471,40.7696],[-112.1281,40.7698],[-112.1175,40.7693],[-112.1053,40.7693],[-112.0971,40.7689],[-112.0933,40.7677],[-112.0902,40.7657],[-112.0838,40.7568],[-112.08,40.7539],[-112.074,40.7522],[-112.0356,40.7507],[-112.0314,40.7509],[-112.0271,40.7516],[-112.0158,40.7535],[-111.9696,40.7611],[-111.965,40.761],[-111.9568,40.7592],[-111.9533,40.7594],[-111.9501,40.7602],[-111.9448,40.7621],[-111.9418,40.7631],[-111.9316,40.7667],[-111.9225,40.7683],[-111.9167,40.7693],[-111.9138,40.7691],[-111.9122,40.7684],[-111.9102,40.7643]]}},{"type":"Feature","properties":{"n":1,"a":"amtrak"},"geometry":{"type":"LineString","coordinates":[[-116.0867,40.7205],[-116.0859,40.7207],[-116.0856,40.7207],[-116.0847,40.721]]}},{"type":"Feature","properties":{"n":1,"a":"amtrak"},"geometry":{"type":"LineString","coordinates":[[-117.0168,34.9034],[-117.0161,34.9033],[-117.0126,34.9029],[-117.0086,34.9022],[-117.0048,34.9004],[-117.0029,34.8986],[-116.9996,34.893],[-116.9973,34.8905],[-116.9932,34.8877],[-116.9884,34.8859],[-116.9689,34.8809],[-116.9627,34.8804],[-116.9578,34.8799],[-116.9487,34.8777],[-116.9394,34.8734],[-116.9299,34.8686],[-116.9246,34.867],[-116.9067,34.8661],[-116.8823,34.8625],[-116.8603,34.8591],[-116.8425,34.8564],[-116.7721,34.8455],[-116.7052,34.8353],[-116.7026,34.8349],[-116.679,34.8318],[-116.6772,34.8316],[-116.4903,34.8066],[-116.4556,34.8041],[-116.4523,34.8039],[-116.4403,34.8031],[-116.4296,34.8031],[-116.4147,34.8009],[-116.4092,34.7995],[-116.4023,34.7989],[-116.3997,34.7976],[-116.3945,34.7938],[-116.3778,34.7846],[-116.3759,34.783],[-116.3743,34.7806],[-116.3719,34.7772],[-116.3646,34.7688],[-116.3636,34.7677],[-116.3577,34.7614],[-116.3456,34.7534],[-116.334,34.7458],[-116.309,34.7252],[-116.304,34.7204],[-116.3025,34.7195],[-116.3002,34.719],[-116.2969,34.7195],[-116.2817,34.7267],[-116.2635,34.7277],[-116.2537,34.7268],[-116.2423,34.722],[-116.2353,34.7204],[-116.2181,34.719],[-116.2059,34.7165],[-116.2033,34.7166],[-116.1965,34.7182],[-116.1849,34.7188],[-116.1794,34.7209],[-116.1774,34.7208],[-116.1689,34.7177],[-116.167,34.7178],[-116.1642,34.719],[-116.159,34.7213],[-116.155,34.7228],[-116.1415,34.7241],[-116.1034,34.7213],[-116.0922,34.7227],[-116.0851,34.7259],[-116.0824,34.7264],[-116.0785,34.7254],[-116.0749,34.7226],[-116.0717,34.7199],[-116.0604,34.7128],[-116.0582,34.7103],[-116.0534,34.7024],[-116.0502,34.6978],[-116.0421,34.6921],[-116.0157,34.683],[-116.0137,34.6813],[-116.013,34.6782],[-116.0132,34.6749],[-116.0162,34.6698],[-116.0173,34.6666],[-116.0175,34.663],[-116.0168,34.6601],[-116.0067,34.6375],[-116.0045,34.6356],[-115.9943,34.6311],[-115.9897,34.6289],[-115.9813,34.6236],[-115.976,34.6172],[-115.9713,34.6126],[-115.9653,34.6082],[-115.9569,34.6035],[-115.9532,34.6029],[-115.9452,34.6038],[-115.9421,34.6036],[-115.9285,34.5968],[-115.9228,34.5946],[-115.9123,34.5934],[-115.8972,34.5892],[-115.8883,34.5885],[-115.8792,34.5871],[-115.8781,34.5868],[-115.87,34.5849],[-115.8663,34.584],[-115.7541,34.5567],[-115.7355,34.5522],[-115.6917,34.5415],[-115.6821,34.5391],[-115.6467,34.5307],[-115.5253,34.5212],[-115.521,34.5209],[-115.5109,34.5201],[-115.5101,34.52],[-115.5087,34.5199],[-115.501,34.5193],[-115.4886,34.5184],[-115.4768,34.5175],[-115.4733,34.5177],[-115.4693,34.5186],[-115.4608,34.5219],[-115.4492,34.5288],[-115.4364,34.539],[-115.4275,34.5435],[-115.4244,34.5455],[-115.4138,34.5549],[-115.4047,34.5639],[-115.3834,34.581],[-115.3567,34.6209],[-115.3551,34.6234],[-115.3547,34.6239],[-115.3431,34.6385],[-115.3401,34.6423],[-115.3226,34.6687],[-115.311,34.6831],[-115.2998,34.6915],[-115.2817,34.7021],[-115.2507,34.7278],[-115.2407,34.7361],[-115.2372,34.7385],[-115.2287,34.744],[-115.2253,34.7473],[-115.2176,34.758],[-115.2097,34.775],[-115.1949,34.8002],[-115.1836,34.8133],[-115.1737,34.8211],[-115.134,34.8493],[-115.1242,34.8571],[-115.1166,34.8649],[-115.1113,34.8725],[-115.099,34.8866],[-115.0957,34.8922],[-115.0922,34.8982],[-115.0836,34.9066],[-115.0727,34.9148],[-115.066,34.9184],[-115.0616,34.9202],[-115.0539,34.9216],[-114.9625,34.9178],[-114.952,34.9181],[-114.9284,34.9193],[-114.9145,34.9229],[-114.8979,34.9299],[-114.8907,34.9321],[-114.8807,34.9332],[-114.8728,34.9358],[-114.8577,34.9373],[-114.8511,34.9376],[-114.8254,34.9428],[-114.8108,34.9452],[-114.8059,34.9454],[-114.7991,34.944],[-114.7962,34.9426],[-114.7929,34.9402],[-114.782,34.931],[-114.7706,34.917],[-114.769,34.9134],[-114.7672,34.9009],[-114.7615,34.8931],[-114.7575,34.8905],[-114.7491,34.8886],[-114.7437,34.8889],[-114.7353,34.8876],[-114.7275,34.8874],[-114.722,34.8869],[-114.7193,34.8871],[-114.7054,34.8918],[-114.703,34.8916],[-114.6945,34.8891],[-114.6884,34.8857],[-114.6836,34.8787],[-114.6774,34.8745],[-114.6733,34.8682],[-114.6664,34.865],[-114.6514,34.8553],[-114.6396,34.8504],[-114.6362,34.8493],[-114.6233,34.8471],[-114.6158,34.8456],[-114.6097,34.8428],[-114.6023,34.8391],[-114.5915,34.8305],[-114.5832,34.8166],[-114.5802,34.8079],[-114.578,34.804],[-114.5734,34.7961],[-114.5658,34.7771],[-114.5643,34.7742],[-114.5318,34.7382],[-114.5227,34.726],[-114.5183,34.7229],[-114.5132,34.721],[-114.4958,34.7184],[-114.4884,34.7182],[-114.4855,34.7181],[-114.4816,34.7183],[-114.4799,34.719],[-114.4763,34.7226],[-114.4753,34.7247],[-114.4734,34.7283],[-114.4713,34.7306],[-114.4629,34.7354],[-114.457,34.7386],[-114.4501,34.7413],[-114.4388,34.7445],[-114.4031,34.7375],[-114.3755,34.7372],[-114.3058,34.7366],[-114.2861,34.7382],[-114.2708,34.7394],[-114.2636,34.7401],[-114.26,34.7411],[-114.2527,34.7439],[-114.2441,34.7473],[-114.2351,34.7543],[-114.2221,34.7614],[-114.2077,34.7707],[-114.1987,34.7784],[-114.1915,34.787],[-114.1847,34.7969],[-114.1814,34.7997],[-114.1789,34.8011],[-114.1632,34.8087],[-114.1594,34.8122],[-114.1572,34.8162],[-114.1565,34.8191],[-114.1565,34.822],[-114.1603,34.8425],[-114.1589,34.8522],[-114.1575,34.8592],[-114.155,34.872],[-114.1545,34.8743],[-114.1414,34.9409],[-114.1375,34.961],[-114.1216,35.0411],[-114.1169,35.0651],[-114.1166,35.0665],[-114.1166,35.0668],[-114.1157,35.0698],[-114.1139,35.0729],[-114.1058,35.081],[-114.1046,35.0832],[-114.1047,35.0852],[-114.1067,35.0909],[-114.1062,35.0981],[-114.1078,35.1033],[-114.1076,35.1053],[-114.0965,35.1176],[-114.0924,35.1223],[-114.0841,35.1368],[-114.0821,35.1412],[-114.0826,35.1498],[-114.0808,35.1566],[-114.0798,35.1575],[-114.0786,35.1578],[-114.074,35.1563],[-114.0714,35.1566],[-114.0669,35.1611],[-114.0623,35.1626],[-114.0604,35.1641],[-114.0577,35.1674],[-114.0574,35.1692],[-114.0584,35.1718],[-114.0611,35.1741],[-114.0616,35.1753],[-114.0624,35.1787],[-114.0621,35.1857],[-114.0612,35.1872],[-114.0594,35.1883],[-114.0536,35.1882],[-114.048,35.1871],[-114.0444,35.183],[-114.0421,35.1815],[-114.0394,35.1811],[-114.0365,35.1817],[-114.0339,35.1839],[-114.0272,35.197],[-114.0252,35.1997],[-114.0223,35.2025],[-114.0192,35.2055],[-114.0158,35.2088],[-113.9956,35.2293],[-113.9758,35.2498],[-113.9721,35.2537],[-113.9598,35.2665],[-113.8968,35.3318],[-113.8843,35.3448],[-113.8833,35.3458],[-113.8728,35.3567],[-113.8573,35.3728],[-113.8421,35.3924],[-113.8384,35.3964],[-113.8203,35.4124],[-113.8135,35.4157],[-113.8066,35.4172],[-113.8007,35.4173],[-113.7942,35.4161],[-113.7753,35.4089],[-113.7367,35.3868],[-113.7345,35.3848],[-113.7252,35.3729],[-113.7237,35.371],[-113.7222,35.3693],[-113.7184,35.3663],[-113.7105,35.3631],[-113.6993,35.3619],[-113.6908,35.3601],[-113.6876,35.3602],[-113.6846,35.3609],[-113.6736,35.3669],[-113.6696,35.3693],[-113.6675,35.3714],[-113.6589,35.3866],[-113.6557,35.3922],[-113.6538,35.3979],[-113.6466,35.4123],[-113.6467,35.417],[-113.6484,35.4232],[-113.6482,35.4246],[-113.6474,35.4259],[-113.6407,35.4297],[-113.6378,35.4301],[-113.6341,35.4298],[-113.6327,35.4303],[-113.6305,35.4318],[-113.6299,35.4329],[-113.63,35.4339],[-113.6318,35.4369],[-113.6312,35.4387],[-113.6296,35.4394],[-113.6256,35.4397],[-113.6197,35.4415],[-113.6093,35.4487],[-113.6013,35.4562],[-113.5988,35.4579],[-113.594,35.4593],[-113.5834,35.4598],[-113.5709,35.4606],[-113.5598,35.4643],[-113.5454,35.4669],[-113.5251,35.4719],[-113.5144,35.4751],[-113.5114,35.477],[-113.5096,35.479],[-113.5072,35.4826],[-113.4933,35.4991],[-113.4839,35.5039],[-113.4815,35.5039],[-113.4768,35.5024],[-113.4736,35.5029],[-113.4663,35.5069],[-113.4623,35.5123],[-113.4603,35.514],[-113.4457,35.5216],[-113.4409,35.5239],[-113.4337,35.5261],[-113.4245,35.5277],[-113.4094,35.5303],[-113.4072,35.5299],[-113.4053,35.5287],[-113.4034,35.5276],[-113.4015,35.5273],[-113.3976,35.5282],[-113.3947,35.5282],[-113.3858,35.5259],[-113.381,35.5253],[-113.3722,35.5262],[-113.3691,35.5258],[-113.3659,35.5237],[-113.3622,35.5183],[-113.3554,35.5133],[-113.3533,35.5121],[-113.3507,35.5116],[-113.3448,35.5125],[-113.3382,35.5128],[-113.333,35.5138],[-113.3284,35.5135],[-113.3253,35.5141],[-113.3193,35.5157],[-113.3153,35.5165],[-113.3088,35.5161],[-113.3019,35.5166],[-113.2953,35.5143],[-113.293,35.5142],[-113.288,35.5153],[-113.2798,35.5142],[-113.2666,35.5153],[-113.2646,35.5144],[-113.2616,35.5116],[-113.2559,35.5085],[-113.2416,35.5034],[-113.2237,35.4946],[-113.2039,35.495],[-113.2016,35.4955],[-113.1971,35.496],[-113.1931,35.4953],[-113.1898,35.4939],[-113.187,35.4931],[-113.1826,35.4931],[-113.1803,35.4925],[-113.1704,35.4863],[-113.1679,35.4833],[-113.1658,35.4779],[-113.1641,35.4707],[-113.1628,35.4686],[-113.1611,35.4675],[-113.1531,35.4645],[-113.1412,35.4591],[-113.0936,35.4394],[-113.035,35.4073],[-112.9855,35.3799],[-112.9803,35.3748],[-112.9772,35.3686],[-112.9707,35.349],[-112.9692,35.3462],[-112.9669,35.3435],[-112.9622,35.3404],[-112.9578,35.3388],[-112.944,35.3376],[-112.8893,35.3285],[-112.8768,35.3257],[-112.8626,35.3225],[-112.8618,35.3223],[-112.8183,35.3125],[-112.8115,35.3119],[-112.8065,35.3107],[-112.7992,35.3067],[-112.7948,35.3031],[-112.7923,35.302],[-112.7873,35.3014],[-112.7738,35.3019],[-112.7723,35.3011],[-112.7711,35.2999],[-112.7702,35.2969],[-112.7694,35.2956],[-112.7654,35.293],[-112.7633,35.2922],[-112.7338,35.2906],[-112.7149,35.2925],[-112.7067,35.2948],[-112.6817,35.3027],[-112.6727,35.3044],[-112.669,35.3056],[-112.6658,35.3073],[-112.6631,35.3096],[-112.6607,35.3126],[-112.6595,35.3151],[-112.6588,35.3182],[-112.659,35.325],[-112.6586,35.328],[-112.6549,35.3372],[-112.6521,35.3413],[-112.6378,35.3523],[-112.6299,35.3565],[-112.6222,35.3619],[-112.6013,35.3703],[-112.5966,35.371],[-112.5874,35.3709],[-112.5821,35.372],[-112.5787,35.3735],[-112.5712,35.378],[-112.5611,35.381],[-112.5436,35.3887],[-112.5322,35.3913],[-112.528,35.3917],[-112.5235,35.3914],[-112.514,35.3893],[-112.509,35.3891],[-112.5047,35.3898],[-112.5013,35.391],[-112.4924,35.3955],[-112.4855,35.3968],[-112.4732,35.3968],[-112.4701,35.3964],[-112.4654,35.3949],[-112.4583,35.3912],[-112.456,35.3894],[-112.4536,35.3867],[-112.4508,35.3817],[-112.4497,35.3788],[-112.4494,35.3745],[-112.4532,35.3501],[-112.4532,35.347],[-112.4519,35.3427],[-112.4467,35.3346],[-112.4443,35.3256],[-112.4419,35.3217],[-112.4351,35.3153],[-112.4289,35.3115],[-112.4246,35.3098],[-112.4148,35.3072],[-112.4107,35.3068],[-112.4053,35.3074],[-112.3933,35.3118],[-112.3874,35.3124],[-112.3776,35.311],[-112.3733,35.311],[-112.362,35.313],[-112.3576,35.3145],[-112.3546,35.3163],[-112.3514,35.3191],[-112.3468,35.3271],[-112.3437,35.3304],[-112.3341,35.3365],[-112.3278,35.3435],[-112.3254,35.3456],[-112.3218,35.3476],[-112.3177,35.3489],[-112.3046,35.3509],[-112.2997,35.3507],[-112.2958,35.35],[-112.2889,35.3472],[-112.2733,35.3376],[-112.2685,35.3352],[-112.257,35.3318],[-112.2523,35.3294],[-112.2495,35.3271],[-112.2475,35.3244],[-112.2438,35.3143],[-112.242,35.3117],[-112.2397,35.3093],[-112.2353,35.3066],[-112.2269,35.3038],[-112.2235,35.3021],[-112.2202,35.2994],[-112.2148,35.2933],[-112.2113,35.2905],[-112.2066,35.2879],[-112.1954,35.2835],[-112.1927,35.2815],[-112.187,35.2759],[-112.1803,35.272],[-112.1644,35.2626],[-112.1612,35.2592],[-112.1567,35.2523],[-112.153,35.249],[-112.1486,35.2468],[-112.1409,35.2448],[-112.1382,35.2441],[-112.1286,35.2417],[-112.1147,35.2384],[-112.1015,35.2371],[-112.0953,35.2382],[-112.0834,35.2422],[-112.0791,35.2447],[-112.0768,35.2453],[-112.0683,35.245],[-112.0604,35.2469],[-112.0474,35.2454],[-112.0426,35.2459],[-112.0382,35.2457],[-112.0353,35.2447],[-112.0312,35.2415],[-112.0233,35.2329],[-112.0175,35.2307],[-112.0154,35.2304],[-112.0131,35.231],[-112.0093,35.2335],[-112.0008,35.236],[-111.9913,35.2415],[-111.9881,35.2416],[-111.9826,35.2401],[-111.9794,35.2402],[-111.9771,35.2412],[-111.9682,35.2475],[-111.9548,35.2504],[-111.9477,35.2515],[-111.9262,35.2549],[-111.9216,35.255],[-111.9103,35.2514],[-111.8977,35.2504],[-111.8879,35.2455],[-111.8834,35.2441],[-111.8567,35.2423],[-111.8489,35.2402],[-111.8283,35.2341],[-111.8145,35.2299],[-111.7954,35.2209],[-111.7891,35.2165],[-111.7751,35.2117],[-111.7737,35.2105],[-111.7711,35.2064],[-111.7689,35.2041],[-111.7579,35.1988],[-111.747,35.1972],[-111.7381,35.1949],[-111.7356,35.1955],[-111.7275,35.2009],[-111.7197,35.2016],[-111.7144,35.1995],[-111.7097,35.1987],[-111.7087,35.1978],[-111.7064,35.194],[-111.7019,35.1923],[-111.6948,35.1944],[-111.6894,35.1942],[-111.6837,35.1964],[-111.6787,35.1949],[-111.6743,35.1946],[-111.6707,35.1927],[-111.6689,35.1924],[-111.6656,35.1939],[-111.6624,35.196],[-111.6575,35.1977],[-111.6538,35.1981],[-111.6502,35.1974],[-111.6489,35.197],[-111.6403,35.194],[-111.6361,35.1933],[-111.6339,35.1933],[-111.6287,35.1946],[-111.6261,35.1954],[-111.6206,35.1973],[-111.6105,35.2065],[-111.6067,35.2093],[-111.5895,35.2185],[-111.586,35.2201],[-111.5815,35.2212],[-111.5778,35.2215],[-111.573,35.221],[-111.569,35.2203],[-111.5513,35.2177],[-111.5437,35.2184],[-111.5376,35.2178],[-111.5198,35.2134],[-111.513,35.214],[-111.5083,35.2125],[-111.5055,35.2097],[-111.5024,35.2075],[-111.4884,35.2047],[-111.4799,35.2064],[-111.4768,35.2061],[-111.4724,35.2052],[-111.4698,35.2055],[-111.464,35.2096],[-111.4538,35.211],[-111.4464,35.2165],[-111.4446,35.217],[-111.4425,35.2164],[-111.4367,35.2121],[-111.4131,35.2054],[-111.4079,35.2047],[-111.4043,35.203],[-111.3936,35.1972],[-111.3871,35.1946],[-111.3832,35.194],[-111.364,35.195],[-111.3029,35.1944],[-111.2429,35.1918],[-111.1845,35.189],[-111.1801,35.1877],[-111.1248,35.166],[-111.1043,35.1566],[-111.0965,35.1531],[-111.0331,35.1248],[-111.0279,35.1225],[-111.0121,35.1156],[-110.9847,35.1083],[-110.9816,35.1064],[-110.9734,35.0992],[-110.969,35.097],[-110.9595,35.0946],[-110.9486,35.0929],[-110.9152,35.0898],[-110.7506,35.0418],[-110.7429,35.0391],[-110.7255,35.0325],[-110.723,35.0316],[-110.7164,35.0304],[-110.7115,35.0273],[-110.7107,35.0267],[-110.7066,35.025],[-110.6997,35.0224],[-110.6946,35.0205],[-110.6906,35.019],[-110.6839,35.0163],[-110.6566,35.0059],[-110.5726,34.9872],[-110.5604,34.9825],[-110.5395,34.9716],[-110.5362,34.9705],[-110.5307,34.9695],[-110.5289,34.9691],[-110.5207,34.9677],[-110.508,34.9676],[-110.5061,34.9676],[-110.4391,34.9673],[-110.4286,34.9671],[-110.3742,34.9584],[-110.3385,34.9502],[-110.3242,34.9446],[-110.3238,34.9444],[-110.3113,34.9394],[-110.3066,34.9375],[-110.3007,34.935],[-110.2877,34.9279],[-110.2767,34.9219],[-110.273,34.9194],[-110.263,34.9106],[-110.2584,34.907],[-110.2539,34.905],[-110.2494,34.9042],[-110.2387,34.9037],[-110.2115,34.9026],[-110.1982,34.904],[-110.1923,34.9042],[-110.1856,34.9034],[-110.1836,34.9032],[-110.1652,34.901],[-110.1646,34.901],[-110.1639,34.9009],[-110.1597,34.9004],[-110.1568,34.9],[-110.1558,34.8999],[-110.1503,34.8993],[-110.1398,34.8979],[-110.1356,34.8966],[-110.1296,34.8951],[-110.1256,34.8955],[-110.123,34.8963],[-110.1203,34.8978],[-110.1098,34.9064],[-110.1063,34.9085],[-110.0383,34.9386],[-110.0063,34.9525],[-110.0018,34.9533],[-109.9889,34.9536],[-109.9829,34.9551],[-109.9705,34.9613],[-109.9498,34.9666],[-109.9455,34.9673],[-109.913,34.9698],[-109.8485,34.9715],[-109.8439,34.9719],[-109.8289,34.9758],[-109.7902,34.9861],[-109.7653,34.9964],[-109.7534,35.0004],[-109.7468,35.0041],[-109.7136,35.0274],[-109.688,35.0454],[-109.6552,35.0669],[-109.6413,35.076],[-109.6349,35.0799],[-109.6322,35.0813],[-109.6318,35.0815],[-109.6285,35.0832],[-109.62,35.0861],[-109.6092,35.0882],[-109.6061,35.0893],[-109.5853,35.1034],[-109.5783,35.1061],[-109.5655,35.1111],[-109.5445,35.1194],[-109.541,35.1208],[-109.5044,35.1404],[-109.4972,35.145],[-109.494,35.1472],[-109.4884,35.1519],[-109.4835,35.1559],[-109.4705,35.1667],[-109.4584,35.1767],[-109.4554,35.1786],[-109.4458,35.1833],[-109.44,35.1856],[-109.4347,35.1875],[-109.4161,35.1938],[-109.3512,35.2077],[-109.3436,35.2102],[-109.3301,35.2159],[-109.3259,35.2187],[-109.3163,35.225],[-109.311,35.2285],[-109.293,35.2383],[-109.2748,35.2557],[-109.2711,35.2584],[-109.2419,35.2699],[-109.2346,35.2714],[-109.2298,35.272],[-109.2093,35.2739],[-109.1698,35.2762],[-109.1561,35.2825],[-109.1373,35.2895],[-109.1218,35.2958],[-109.106,35.3033],[-109.0959,35.3094],[-109.0735,35.3274],[-109.0696,35.3317],[-109.0615,35.3423],[-109.056,35.3495],[-109.0528,35.3537],[-109.0467,35.3617],[-109.0404,35.37],[-109.0352,35.3774],[-109.0024,35.4115],[-108.9935,35.422],[-108.9893,35.4266],[-108.9867,35.4288],[-108.9689,35.4406],[-108.9596,35.4461],[-108.9366,35.4678],[-108.9087,35.4846],[-108.8975,35.4923],[-108.8925,35.4949],[-108.8846,35.4966],[-108.8729,35.4989],[-108.8297,35.5087],[-108.8023,35.5117],[-108.7918,35.5133],[-108.7514,35.5254],[-108.7402,35.5294],[-108.7349,35.531],[-108.7315,35.5314],[-108.7229,35.5308],[-108.7117,35.5298],[-108.6906,35.5296],[-108.6483,35.5339],[-108.643,35.5342],[-108.6352,35.5339],[-108.6185,35.5331],[-108.6069,35.5327],[-108.5951,35.5289],[-108.5912,35.5277],[-108.5833,35.5255],[-108.5483,35.5153],[-108.5404,35.5131],[-108.5257,35.5088],[-108.5156,35.5047],[-108.4814,35.4981],[-108.4757,35.4979],[-108.4517,35.4986],[-108.4302,35.4992],[-108.4188,35.4995],[-108.4112,35.4994],[-108.4079,35.4987],[-108.4041,35.4972],[-108.3952,35.4914],[-108.3889,35.4851],[-108.3731,35.4686],[-108.3645,35.4597],[-108.3567,35.4493],[-108.3523,35.446],[-108.3246,35.4307],[-108.3127,35.4258],[-108.3023,35.421],[-108.2902,35.4183]]}},{"type":"Feature","properties":{"n":1,"a":"amtrak"},"geometry":{"type":"LineString","coordinates":[[-116.1056,40.7138],[-116.0928,40.7188],[-116.0867,40.7205]]}},{"type":"Feature","properties":{"n":1,"a":"amtrak"},"geometry":{"type":"LineString","coordinates":[[-118.2229,34.0627],[-118.2209,34.0628],[-118.2161,34.0634],[-118.2118,34.0641]]}},{"type":"Feature","properties":{"n":1,"a":"amtrak"},"geometry":{"type":"LineString","coordinates":[[-118.1779,34.0669],[-118.1771,34.0679],[-118.1668,34.0767],[-118.1646,34.0778],[-118.1613,34.0782],[-118.147,34.0797],[-118.138,34.0831],[-118.1063,34.0963],[-118.1003,34.0974],[-118.0935,34.097],[-118.0603,34.0863],[-118.0534,34.084],[-118.0404,34.0795],[-118.0356,34.077],[-118.0308,34.0738],[-118.0222,34.0678],[-118.013,34.0615],[-118.0032,34.0548],[-118.0026,34.0544],[-117.9998,34.0525],[-117.9874,34.0439],[-117.9856,34.0427],[-117.9675,34.0301],[-117.9653,34.0285],[-117.9521,34.018],[-117.947,34.0143],[-117.9417,34.012],[-117.9378,34.0109],[-117.9248,34.0088],[-117.9041,34.0054],[-117.8867,34.0026],[-117.8791,34.0016],[-117.8738,34.0021],[-117.8689,34.0039],[-117.8609,34.0082],[-117.8545,34.0119],[-117.8476,34.0169],[-117.8429,34.0187],[-117.8392,34.0201],[-117.829,34.0273],[-117.8239,34.0331],[-117.8094,34.0519],[-117.8061,34.0553],[-117.8017,34.0573],[-117.7992,34.0577],[-117.7842,34.0581],[-117.7828,34.0582],[-117.7724,34.0584],[-117.7696,34.0585],[-117.7645,34.0586],[-117.7623,34.0587],[-117.7512,34.059],[-117.7359,34.0593],[-117.7194,34.0597],[-117.7065,34.0601],[-117.6846,34.0606],[-117.6582,34.0613],[-117.6496,34.0615],[-117.6449,34.0616],[-117.6384,34.0618],[-117.5922,34.0629],[-117.571,34.0634],[-117.5651,34.0636],[-117.5519,34.0639],[-117.5277,34.0645],[-117.5246,34.0646],[-117.5237,34.0646],[-117.5072,34.065],[-117.4911,34.0654],[-117.4836,34.0656],[-117.4701,34.0659],[-117.4692,34.0659],[-117.4375,34.0667],[-117.435,34.0668],[-117.3966,34.0676],[-117.3937,34.0677],[-117.3711,34.0682],[-117.3609,34.0684],[-117.3547,34.0675],[-117.3511,34.0669],[-117.3471,34.0684],[-117.3442,34.0682],[-117.3383,34.0671],[-117.3333,34.0663],[-117.3302,34.0658],[-117.3281,34.0655],[-117.3263,34.0652],[-117.3095,34.0629],[-117.3087,34.0628],[-117.3045,34.0622],[-117.2812,34.0588],[-117.278,34.0583],[-117.2712,34.0573],[-117.2502,34.0542],[-117.2449,34.0531],[-117.2386,34.0507],[-117.229,34.0458],[-117.2252,34.0438],[-117.2183,34.0362],[-117.212,34.0338],[-117.2075,34.0305],[-117.2002,34.0249],[-117.191,34.0221],[-117.1869,34.02],[-117.1788,34.0117],[-117.173,34.0095],[-117.1701,34.0058],[-117.1677,34.0042],[-117.1626,33.9983],[-117.1606,33.9955],[-117.1587,33.9947],[-117.1547,33.9948],[-117.1529,33.9943],[-117.1518,33.9933],[-117.1496,33.9896],[-117.1414,33.9852],[-117.1385,33.9845],[-117.1321,33.9846],[-117.1243,33.9806],[-117.1174,33.9814],[-117.1152,33.9812],[-117.1136,33.9805],[-117.1099,33.9776],[-117.1022,33.9767],[-117.0956,33.9742],[-117.0899,33.9748],[-117.0872,33.9742],[-117.0758,33.9678],[-117.0526,33.9475],[-117.0474,33.9444],[-117.0396,33.9426],[-117.0245,33.9438],[-117.0045,33.9433],[-117.0024,33.9424],[-117.0006,33.9409],[-116.9977,33.9361],[-116.9961,33.9345],[-116.9902,33.9313],[-116.9785,33.9255],[-116.9758,33.9253],[-116.9729,33.9262],[-116.9696,33.9267],[-116.9312,33.9256],[-116.9196,33.9253],[-116.9125,33.9238],[-116.9084,33.9235],[-116.8709,33.9235],[-116.859,33.9242],[-116.8295,33.9309],[-116.8226,33.9302],[-116.8198,33.9293],[-116.8173,33.9278],[-116.8131,33.9245],[-116.806,33.9196],[-116.7999,33.9172],[-116.7883,33.9158],[-116.7771,33.9172],[-116.7601,33.9198],[-116.7471,33.9208],[-116.737,33.9241],[-116.713,33.9204],[-116.7077,33.9206],[-116.7032,33.9218],[-116.6963,33.9239],[-116.6941,33.924],[-116.6917,33.9232],[-116.6876,33.9199],[-116.6855,33.9189],[-116.6695,33.9174],[-116.6659,33.9166],[-116.6606,33.9142],[-116.6504,33.9066],[-116.6456,33.9048],[-116.636,33.9032],[-116.6242,33.9033],[-116.6145,33.9024],[-116.6058,33.9008],[-116.6028,33.9006],[-116.5809,33.9013],[-116.5591,33.9018],[-116.555,33.9012],[-116.5516,33.9],[-116.5481,33.898],[-116.5414,33.8935],[-116.5361,33.8914],[-116.5289,33.8886],[-116.5122,33.8787],[-116.4912,33.8663],[-116.3994,33.812],[-116.342,33.7779],[-116.32,33.7652],[-116.2846,33.7541],[-116.2689,33.7476],[-116.2348,33.7306],[-116.2147,33.7205],[-116.2086,33.7174],[-116.204,33.7143],[-116.201,33.7116],[-116.1945,33.7043],[-116.1732,33.6799],[-116.1348,33.6358],[-116.1315,33.632],[-116.117,33.6154],[-116.0867,33.5806],[-116.0697,33.561],[-116.0671,33.5582],[-116.0633,33.5557],[-116.0297,33.5404],[-116.0236,33.5382],[-116.0152,33.5368],[-115.9519,33.5327],[-115.9483,33.5318],[-115.9451,33.5304],[-115.94,33.5265],[-115.9301,33.5167],[-115.9275,33.5154],[-115.9221,33.5141],[-115.9185,33.5118],[-115.915,33.5085],[-115.9118,33.5042],[-115.9024,33.4948],[-115.8888,33.4778],[-115.884,33.4731],[-115.8761,33.4679],[-115.8705,33.4644],[-115.864,33.4604],[-115.8477,33.4504],[-115.8435,33.4469],[-115.8363,33.4356],[-115.8306,33.4267],[-115.8267,33.421],[-115.8235,33.4175],[-115.7975,33.3957],[-115.7943,33.3919],[-115.7907,33.3866],[-115.7877,33.3825],[-115.7846,33.3792],[-115.7709,33.3689],[-115.7637,33.3635],[-115.7572,33.3602],[-115.747,33.3569],[-115.742,33.3565],[-115.7371,33.3571],[-115.7326,33.3587],[-115.7087,33.3747],[-115.7054,33.3762],[-115.7014,33.3773],[-115.6972,33.3776],[-115.6924,33.3769],[-115.6697,33.3692],[-115.6431,33.3601],[-115.6386,33.3581],[-115.6349,33.3551],[-115.6049,33.3181],[-115.5889,33.2983],[-115.5628,33.2664],[-115.5581,33.2634],[-115.5403,33.2555],[-115.5396,33.2552],[-115.5141,33.2439],[-115.5132,33.2435],[-115.5057,33.2402],[-115.5031,33.239],[-115.4148,33.1999],[-115.3969,33.1919],[-115.3115,33.1539],[-115.3026,33.1486],[-115.2796,33.1336],[-115.2525,33.116],[-115.1858,33.0726],[-115.1769,33.0668],[-115.0869,33.0081],[-115.0815,33.0046],[-115.0634,32.9927],[-115.0532,32.9859],[-115.0142,32.9551],[-114.985,32.9321],[-114.9638,32.9154],[-114.8978,32.8632],[-114.8766,32.8464],[-114.8389,32.8166],[-114.7973,32.7836],[-114.7761,32.7667],[-114.7569,32.7515],[-114.7534,32.7498],[-114.7422,32.7485],[-114.7321,32.7457],[-114.7229,32.7451],[-114.7196,32.7456],[-114.713,32.7486],[-114.7107,32.7499],[-114.7081,32.7506],[-114.7055,32.7506],[-114.7016,32.7499],[-114.6995,32.7502],[-114.6914,32.7549],[-114.6864,32.7562],[-114.6826,32.7559],[-114.6627,32.7514],[-114.6355,32.7451],[-114.6319,32.7439],[-114.6278,32.7413],[-114.6203,32.7335],[-114.617,32.7312],[-114.6156,32.7299],[-114.6154,32.726],[-114.6153,32.723],[-114.6147,32.7183],[-114.6139,32.7067],[-114.6129,32.7021],[-114.6109,32.6957],[-114.6079,32.692],[-114.603,32.6893],[-114.5953,32.6874],[-114.568,32.6809],[-114.5422,32.6748],[-114.5344,32.6741],[-114.5281,32.6746],[-114.4779,32.6812],[-114.4697,32.6823],[-114.4661,32.6834],[-114.4519,32.6913],[-114.4354,32.7014],[-114.4313,32.7052],[-114.4259,32.7137],[-114.4217,32.7206],[-114.4206,32.7251],[-114.421,32.7278],[-114.4232,32.7358],[-114.425,32.7399],[-114.425,32.7416],[-114.4224,32.7466],[-114.4176,32.7491],[-114.4151,32.7508],[-114.4086,32.7576],[-114.4072,32.7584],[-114.4056,32.7586],[-114.394,32.7567],[-114.3873,32.7545],[-114.3853,32.7543],[-114.3838,32.7551],[-114.3821,32.7577],[-114.3805,32.7589],[-114.374,32.7596],[-114.3643,32.757],[-114.3623,32.7555],[-114.3544,32.748],[-114.3522,32.7431],[-114.3492,32.739],[-114.3491,32.7377],[-114.3508,32.7333],[-114.351,32.7265],[-114.3503,32.7223],[-114.3491,32.7202],[-114.3474,32.719],[-114.3342,32.7129],[-114.3296,32.7085],[-114.3248,32.7051],[-114.316,32.6946],[-114.3122,32.6921],[-114.3044,32.6857],[-114.292,32.6742],[-114.2901,32.6732],[-114.288,32.6728],[-114.2821,32.6728],[-114.2748,32.6698],[-114.272,32.6691],[-114.2574,32.669],[-114.247,32.6649],[-114.2351,32.6627],[-114.2228,32.6592],[-114.2189,32.6586],[-114.215,32.6587],[-114.2019,32.6609],[-114.1774,32.6626],[-114.1722,32.6637],[-114.1597,32.6679],[-114.1526,32.6686],[-114.1358,32.6699],[-114.1231,32.671],[-114.0654,32.6758],[-114.0403,32.6808],[-114.0121,32.6867],[-113.9959,32.6901],[-113.9522,32.6968],[-113.9152,32.7024],[-113.8863,32.7068],[-113.7666,32.7249],[-113.7551,32.7266],[-113.75,32.7266],[-113.7427,32.7288],[-113.7404,32.7288],[-113.7375,32.7277],[-113.734,32.7261],[-113.7316,32.7258],[-113.7206,32.7276],[-113.6371,32.7593],[-113.6094,32.7698],[-113.5406,32.7959],[-113.4839,32.8174],[-113.4792,32.8187],[-113.4717,32.8199],[-113.4438,32.8235],[-113.3337,32.8379],[-113.3311,32.8382],[-113.2738,32.8456],[-113.2639,32.8463],[-113.2575,32.8476],[-113.2512,32.8499],[-113.2461,32.8501],[-113.2413,32.8512],[-113.2356,32.8514],[-113.2336,32.8524],[-113.2301,32.8552],[-113.2279,32.856],[-113.209,32.858],[-113.1455,32.8645],[-113.1386,32.8658],[-113.1324,32.8679],[-113.1122,32.8776],[-113.1082,32.8784],[-113.0986,32.8789],[-113.058,32.8811],[-112.994,32.9018],[-112.9741,32.9082],[-112.9672,32.9096],[-112.8939,32.9193],[-112.8592,32.924],[-112.8571,32.9242],[-112.8211,32.929],[-112.7883,32.9334],[-112.744,32.9412],[-112.7093,32.9473],[-112.7053,32.948],[-112.6879,32.9511],[-112.6104,32.9646],[-112.5827,32.9695],[-112.5251,32.9797],[-112.5205,32.9836],[-112.5193,32.9854],[-112.5191,32.9877],[-112.52,32.9915],[-112.5189,32.9944],[-112.5161,32.9962],[-112.5121,32.9967],[-112.5011,32.9972],[-112.491,33.0016],[-112.4883,33.0017],[-112.4851,33.001],[-112.4794,33.0004],[-112.4727,33.0021],[-112.4697,33.0021],[-112.4636,33.0004],[-112.4567,32.9967],[-112.4478,32.9944],[-112.4385,32.9943],[-112.4258,32.9967],[-112.4005,33.0097],[-112.3534,33.034],[-112.3074,33.0459],[-112.2777,33.0535],[-112.2152,33.0694],[-112.202,33.0712],[-112.19,33.0726],[-112.1614,33.076],[-112.1334,33.0791],[-112.1223,33.0796],[-112.1138,33.0793],[-112.1018,33.0779],[-112.0933,33.0763],[-112.0814,33.0729],[-112.0733,33.0699],[-112.0627,33.0649],[-112.0486,33.0565],[-112.0478,33.056],[-111.996,33.0242],[-111.9633,33.004],[-111.9245,32.9802],[-111.9018,32.9662],[-111.8254,32.919],[-111.798,32.9021],[-111.7912,32.8979],[-111.7824,32.8925],[-111.7753,32.8881],[-111.7713,32.8856],[-111.7707,32.8852],[-111.765,32.8817],[-111.7496,32.8722],[-111.7265,32.8579],[-111.6176,32.7904],[-111.566,32.7584],[-111.5149,32.7266],[-111.5082,32.7223],[-111.5078,32.7221],[-111.4833,32.7068],[-111.3985,32.6539],[-111.3879,32.6466],[-111.3707,32.6316],[-111.3362,32.5906],[-111.3281,32.5808],[-111.3194,32.5705],[-111.3044,32.5526],[-111.2699,32.5114],[-111.2618,32.5017],[-111.2591,32.4984],[-111.2513,32.4891],[-111.2472,32.4853],[-111.1817,32.4384],[-111.1627,32.4248],[-111.1406,32.409],[-111.1382,32.4073],[-111.1241,32.397],[-111.1194,32.3925],[-111.1051,32.3751],[-111.0899,32.3607],[-111.0646,32.3371],[-111.0571,32.3301],[-111.0455,32.3189],[-111.0418,32.3104],[-111.0298,32.2959],[-111.0279,32.2936],[-111.0252,32.2904],[-111.0203,32.2845],[-111.019,32.283],[-110.9986,32.2586],[-110.9871,32.2448],[-110.983,32.2383],[-110.9795,32.2324],[-110.9769,32.2296],[-110.9701,32.2263],[-110.9666,32.2237],[-110.9591,32.2172],[-110.9549,32.2146],[-110.9527,32.2133],[-110.9417,32.2064],[-110.9153,32.1902],[-110.9121,32.1883],[-110.9095,32.1858],[-110.9089,32.184],[-110.9088,32.1812],[-110.9085,32.1676],[-110.9085,32.1634],[-110.9081,32.1592],[-110.9061,32.1567],[-110.8739,32.1386],[-110.85,32.1251],[-110.8299,32.1138],[-110.8124,32.1039],[-110.7618,32.0753]]}},{"type":"Feature","properties":{"n":1,"a":"amtrak"},"geometry":{"type":"LineString","coordinates":[[-116.2695,40.5823],[-116.2685,40.5829]]}},{"type":"Feature","properties":{"n":1,"a":"amtrak"},"geometry":{"type":"LineString","coordinates":[[-106.2027,35.4881],[-106.1984,35.4851],[-106.1931,35.4795],[-106.1901,35.477],[-106.1845,35.4741],[-106.1754,35.4714],[-106.1708,35.4694],[-106.166,35.4658],[-106.162,35.4609],[-106.1599,35.4579],[-106.157,35.455],[-106.15,35.4508],[-106.1436,35.4476],[-106.1382,35.4466],[-106.1345,35.444],[-106.1314,35.4405],[-106.1296,35.4393],[-106.1111,35.4329],[-106.1003,35.4301],[-106.0857,35.4243],[-106.075,35.4188],[-106.0618,35.4119],[-106.0469,35.4043],[-106.0381,35.4015],[-106.0285,35.3959],[-106.0251,35.3948],[-106.0224,35.3946],[-106.0188,35.3949],[-105.9973,35.3981],[-105.9921,35.3998],[-105.9791,35.4076],[-105.9765,35.4095],[-105.9699,35.4159],[-105.9512,35.4266],[-105.9407,35.4367],[-105.9201,35.4475],[-105.9117,35.4548],[-105.9037,35.462],[-105.8939,35.4708],[-105.8849,35.4773],[-105.8807,35.4802],[-105.8762,35.4833],[-105.8733,35.4867],[-105.8608,35.5041],[-105.8567,35.5117],[-105.8562,35.5145],[-105.8513,35.5167],[-105.8448,35.5214],[-105.836,35.526],[-105.8349,35.5272],[-105.8319,35.5331],[-105.8298,35.5363],[-105.8244,35.5474],[-105.8236,35.5498],[-105.8207,35.5521],[-105.8185,35.5553],[-105.8134,35.5582],[-105.8097,35.5587],[-105.807,35.561],[-105.8011,35.5645],[-105.7991,35.5652],[-105.7933,35.5659],[-105.7836,35.5737],[-105.782,35.5763],[-105.7781,35.579],[-105.7739,35.5831],[-105.7716,35.5837],[-105.7695,35.5828],[-105.7668,35.5804],[-105.7646,35.5758],[-105.7621,35.5724],[-105.7575,35.5678],[-105.7534,35.5601],[-105.7515,35.5582],[-105.7482,35.5572],[-105.7418,35.5577],[-105.7401,35.557],[-105.7364,35.5541],[-105.7305,35.5532],[-105.7227,35.553],[-105.7179,35.5513],[-105.7131,35.5505],[-105.7113,35.5497],[-105.7048,35.5427],[-105.7004,35.5398],[-105.698,35.5367],[-105.6954,35.5347],[-105.6916,35.5306],[-105.6906,35.5266],[-105.6799,35.5054],[-105.6773,35.4956],[-105.6752,35.4874],[-105.6738,35.4832],[-105.6713,35.4804],[-105.6594,35.4746],[-105.6549,35.4718],[-105.6523,35.4692],[-105.6486,35.4674],[-105.6454,35.4649],[-105.6424,35.4619],[-105.6403,35.4568],[-105.6386,35.4549],[-105.6218,35.4467],[-105.6149,35.441],[-105.6007,35.4289],[-105.5889,35.4229],[-105.585,35.4223],[-105.5789,35.423],[-105.5724,35.4214],[-105.5644,35.4211],[-105.5581,35.4209],[-105.5543,35.4207],[-105.5496,35.4194],[-105.5456,35.4155],[-105.5419,35.414],[-105.5381,35.4116],[-105.5364,35.411],[-105.534,35.4111],[-105.5286,35.413],[-105.5206,35.4137],[-105.5183,35.4138],[-105.5156,35.4131],[-105.5002,35.4045],[-105.4961,35.402],[-105.4923,35.397],[-105.4805,35.3913],[-105.4686,35.3805],[-105.4579,35.3746],[-105.4427,35.3752],[-105.4384,35.3782],[-105.4369,35.3824],[-105.4328,35.386],[-105.4289,35.3874],[-105.4144,35.3879],[-105.4077,35.3899],[-105.4069,35.3906],[-105.4068,35.3917],[-105.4093,35.3945],[-105.4089,35.3955],[-105.4078,35.3961],[-105.4067,35.396],[-105.4048,35.3945],[-105.4033,35.3942],[-105.4006,35.3946],[-105.399,35.3968],[-105.398,35.3975],[-105.3933,35.3971],[-105.3908,35.3962],[-105.3853,35.3919],[-105.3799,35.3902],[-105.3763,35.3893],[-105.3636,35.3873],[-105.3563,35.3863],[-105.3498,35.3865],[-105.331,35.3905],[-105.3242,35.3895],[-105.3184,35.3898],[-105.3111,35.3887],[-105.3073,35.3894],[-105.3032,35.3913],[-105.299,35.3912],[-105.2971,35.3907],[-105.2933,35.3884],[-105.2874,35.3861],[-105.2847,35.3861],[-105.2805,35.387],[-105.2617,35.3916],[-105.2544,35.3916],[-105.2484,35.3946],[-105.2272,35.4022],[-105.2257,35.4037],[-105.2233,35.4126],[-105.2215,35.4158],[-105.2206,35.4191],[-105.2188,35.427],[-105.2181,35.4318],[-105.22,35.4359],[-105.2188,35.4421],[-105.219,35.444],[-105.2248,35.4569],[-105.2257,35.4637],[-105.2291,35.4727],[-105.2319,35.477],[-105.2321,35.4803],[-105.2347,35.4874],[-105.2384,35.4942],[-105.245,35.4992],[-105.2465,35.5006],[-105.2482,35.5042],[-105.2496,35.5126],[-105.2494,35.5145],[-105.2471,35.5213],[-105.2447,35.5233],[-105.2354,35.5259],[-105.2273,35.5327],[-105.2202,35.5425],[-105.2196,35.5489],[-105.2184,35.5516],[-105.217,35.5532],[-105.2137,35.5555],[-105.213,35.5566],[-105.2152,35.5771],[-105.2151,35.5835],[-105.2149,35.5847],[-105.2147,35.5855],[-105.2134,35.59],[-105.2131,35.5912],[-105.2128,35.5921],[-105.2125,35.5933],[-105.2117,35.5961],[-105.2103,35.6013],[-105.2059,35.6168],[-105.2028,35.6215],[-105.1947,35.632],[-105.1895,35.6376],[-105.1856,35.6432],[-105.1834,35.647],[-105.1821,35.651],[-105.1764,35.6692],[-105.1743,35.6722],[-105.1715,35.6744],[-105.1677,35.6758],[-105.146,35.6791],[-105.111,35.6908],[-105.0919,35.6973],[-105.0892,35.699],[-105.0865,35.7019],[-105.0785,35.7103],[-105.0452,35.732],[-105.0324,35.7407],[-105.0244,35.7473],[-104.9974,35.7726],[-104.992,35.7776],[-104.9869,35.7827],[-104.9837,35.787],[-104.9798,35.7935],[-104.9785,35.795],[-104.9768,35.7956],[-104.97,35.7956],[-104.9628,35.7931],[-104.9591,35.7892],[-104.9563,35.7887],[-104.9543,35.7898],[-104.9515,35.7951],[-104.9502,35.7964],[-104.9481,35.7972],[-104.9423,35.7978],[-104.9361,35.8005],[-104.9345,35.8019],[-104.9334,35.8053],[-104.9321,35.8069],[-104.9301,35.8079],[-104.9245,35.809],[-104.9195,35.8136],[-104.9177,35.8146],[-104.9157,35.8148],[-104.9101,35.8141],[-104.9048,35.8141],[-104.8852,35.8172],[-104.8804,35.8161],[-104.8779,35.8162],[-104.8713,35.8172],[-104.8652,35.8165],[-104.8636,35.8171],[-104.8622,35.8186],[-104.8542,35.8275],[-104.8498,35.8308],[-104.8465,35.8346],[-104.8444,35.8358],[-104.8404,35.8365],[-104.8389,35.8372],[-104.8378,35.8385],[-104.8352,35.8437],[-104.8279,35.8491],[-104.8274,35.8504],[-104.8274,35.8545],[-104.8199,35.8702],[-104.8149,35.8773],[-104.8135,35.8816],[-104.8103,35.8847],[-104.8002,35.8941],[-104.7903,35.9034],[-104.7808,35.9094],[-104.7784,35.9118],[-104.7712,35.9254],[-104.7709,35.928],[-104.7716,35.9346],[-104.7713,35.9375],[-104.7702,35.9409],[-104.7677,35.9449],[-104.7142,36.001],[-104.7096,36.0065],[-104.7039,36.0134],[-104.7013,36.0164],[-104.6966,36.0222],[-104.6953,36.0253],[-104.6886,36.0723],[-104.6859,36.0911],[-104.6851,36.0947],[-104.6809,36.1059],[-104.6803,36.1089],[-104.6806,36.1122],[-104.6828,36.1189],[-104.6833,36.1218],[-104.6821,36.1353],[-104.6756,36.1495],[-104.6567,36.2086],[-104.655,36.212],[-104.6512,36.2167],[-104.6499,36.2183],[-104.6481,36.2205],[-104.6383,36.2327],[-104.6362,36.2363],[-104.6331,36.2523],[-104.6272,36.2687],[-104.6243,36.3099],[-104.6076,36.3473],[-104.6043,36.3507],[-104.5974,36.3542],[-104.5952,36.3559],[-104.5936,36.3583],[-104.5932,36.3614],[-104.5937,36.3633],[-104.5948,36.3652],[-104.5967,36.3676],[-104.5993,36.3715],[-104.5996,36.3752],[-104.598,36.3784],[-104.5936,36.382],[-104.5902,36.3846],[-104.5829,36.3902],[-104.568,36.402],[-104.5608,36.4157],[-104.5567,36.4333],[-104.5564,36.4366],[-104.5608,36.4535],[-104.564,36.4605],[-104.5642,36.4629],[-104.5632,36.4661],[-104.5626,36.4677],[-104.5604,36.4728],[-104.5515,36.4788],[-104.5494,36.4822],[-104.5457,36.4901],[-104.5448,36.4933],[-104.5469,36.5112],[-104.5467,36.5136],[-104.5427,36.5226],[-104.539,36.5329],[-104.5351,36.5683],[-104.5341,36.588],[-104.5328,36.5907],[-104.5088,36.6255],[-104.5012,36.6338],[-104.5002,36.6358],[-104.4987,36.6413],[-104.4968,36.6498],[-104.498,36.6645],[-104.4976,36.6677],[-104.4696,36.7314],[-104.4648,36.7422],[-104.4633,36.7457],[-104.4628,36.7469],[-104.4623,36.7479],[-104.4612,36.7511],[-104.4597,36.7663],[-104.4643,36.7856],[-104.4645,36.7882],[-104.4619,36.7981],[-104.4559,36.811],[-104.4552,36.8136],[-104.4553,36.8161],[-104.4571,36.8239],[-104.4576,36.8301],[-104.4599,36.8371],[-104.4604,36.8399],[-104.4589,36.8557],[-104.4549,36.873],[-104.4533,36.8766],[-104.4481,36.8822],[-104.4463,36.8851],[-104.4441,36.8893],[-104.4426,36.8907],[-104.4402,36.8922],[-104.4397,36.8927],[-104.439,36.8943],[-104.4376,36.9009],[-104.4372,36.9032],[-104.4375,36.9047],[-104.4413,36.9103],[-104.4506,36.919],[-104.4522,36.9208],[-104.4544,36.9251],[-104.4577,36.9268],[-104.4595,36.9293],[-104.4632,36.9317],[-104.4675,36.9353],[-104.4685,36.9369],[-104.4688,36.9405],[-104.4693,36.9421],[-104.4715,36.947],[-104.4739,36.9502],[-104.476,36.9542],[-104.4768,36.9567],[-104.4764,36.9589],[-104.4767,36.9639],[-104.4787,36.9678],[-104.4797,36.97],[-104.4864,36.9774],[-104.4898,36.9787],[-104.4906,36.9794],[-104.4908,36.9828],[-104.4905,36.9854],[-104.487,36.9939],[-104.4868,36.9974],[-104.4885,37],[-104.4893,37.0022],[-104.4886,37.005],[-104.4894,37.0072],[-104.4866,37.011],[-104.4857,37.0144],[-104.4844,37.016],[-104.4844,37.0171],[-104.4853,37.0178],[-104.4885,37.0187],[-104.4922,37.019],[-104.4941,37.0202],[-104.4965,37.02],[-104.4978,37.0205],[-104.4983,37.0215],[-104.4987,37.0256],[-104.5012,37.0277],[-104.5035,37.0321],[-104.5048,37.0336],[-104.5102,37.0377],[-104.5123,37.0404],[-104.5221,37.0475],[-104.523,37.0487],[-104.5241,37.0537],[-104.5238,37.0577],[-104.5254,37.0616],[-104.5244,37.0629],[-104.522,37.0637],[-104.5206,37.0649],[-104.5187,37.0726],[-104.5195,37.0806],[-104.5212,37.0841],[-104.523,37.0859],[-104.5236,37.0872],[-104.5234,37.0885],[-104.5214,37.0926],[-104.5216,37.096],[-104.5241,37.0983],[-104.525,37.1007],[-104.5266,37.1028],[-104.527,37.1042],[-104.5256,37.1103],[-104.5233,37.1163],[-104.5221,37.1219],[-104.5257,37.1301],[-104.5371,37.1399],[-104.5377,37.1452],[-104.542,37.1499],[-104.5422,37.1515],[-104.5414,37.1531],[-104.5358,37.1569],[-104.5271,37.1612],[-104.5177,37.1646],[-104.5132,37.1684],[-104.5068,37.1734],[-104.5062,37.174],[-104.5019,37.1782],[-104.4981,37.1819],[-104.4959,37.1841],[-104.4946,37.1853],[-104.4744,37.2052],[-104.4695,37.2123],[-104.4671,37.2149],[-104.4215,37.244],[-104.3968,37.2654],[-104.3781,37.2817],[-104.3595,37.2979],[-104.3557,37.2998],[-104.3536,37.3001],[-104.3494,37.2989],[-104.3435,37.2998],[-104.3369,37.2993],[-104.333,37.2975],[-104.3309,37.2973],[-104.3229,37.3027],[-104.3204,37.3062],[-104.3192,37.3101],[-104.3177,37.3116],[-104.3161,37.3124],[-104.3126,37.3128],[-104.2938,37.3096],[-104.2915,37.3102],[-104.283,37.3146],[-104.282,37.3159],[-104.279,37.3321],[-104.2777,37.335],[-104.2505,37.3624],[-104.2486,37.365],[-104.2466,37.3696],[-104.2454,37.3723],[-104.2067,37.4588],[-104.1985,37.4808],[-104.1963,37.4835],[-104.1933,37.4855],[-104.1745,37.4929],[-104.1696,37.4955],[-104.1584,37.5065],[-104.1381,37.5253],[-104.1133,37.542],[-104.101,37.5533],[-104.0975,37.5558],[-104.0821,37.5638],[-104.0543,37.5726],[-104.0514,37.574],[-104.049,37.5759],[-104.0469,37.5788],[-104.0431,37.5877],[-104.0301,37.6038],[-104.0277,37.6117],[-104.0246,37.626],[-104.0214,37.6407],[-104.0196,37.644],[-104.0181,37.6458],[-104.014,37.6506],[-104.0103,37.6569],[-104.0051,37.6691],[-104.003,37.6715],[-104.0011,37.6728],[-103.9937,37.6766],[-103.9906,37.6775],[-103.9788,37.6777],[-103.974,37.6789],[-103.9341,37.7],[-103.9226,37.7046],[-103.9001,37.7136],[-103.8952,37.716],[-103.8826,37.7234],[-103.872,37.7346],[-103.8517,37.7518],[-103.836,37.7701],[-103.8265,37.7775],[-103.8227,37.7844],[-103.8206,37.7868],[-103.7842,37.8132],[-103.7697,37.8237],[-103.6522,37.9086],[-103.6128,37.9371],[-103.5947,37.9533],[-103.5923,37.9555],[-103.5809,37.9658],[-103.5643,37.9796],[-103.5594,37.9865],[-103.5579,37.9879],[-103.5558,37.9885],[-103.5547,37.9885],[-103.5519,37.9885],[-103.5508,37.9885],[-103.5337,37.9886],[-103.521,37.988],[-103.5101,37.9885],[-103.5058,37.9896],[-103.4873,38.0018],[-103.4629,38.014],[-103.4319,38.0294],[-103.4095,38.0363],[-103.3987,38.0396],[-103.3948,38.0409],[-103.3815,38.048],[-103.3642,38.0543],[-103.354,38.0568],[-103.2326,38.0632],[-103.2166,38.0633],[-103.2096,38.0632],[-103.178,38.0625],[-103.1292,38.063],[-103.1245,38.0634],[-103.118,38.0657],[-103.1028,38.0757],[-103.0983,38.0772],[-103.0946,38.0778],[-103.0875,38.0774],[-103.0604,38.0698],[-103.0218,38.0589],[-103.0033,38.0509],[-102.9981,38.0493],[-102.9892,38.0478],[-102.9692,38.0479],[-102.9545,38.048],[-102.9478,38.0482],[-102.9405,38.0495],[-102.9068,38.0593],[-102.9013,38.0605],[-102.8943,38.0611],[-102.8697,38.061],[-102.8598,38.0623],[-102.8193,38.0728],[-102.8001,38.0789],[-102.7697,38.0818],[-102.7415,38.0839],[-102.6839,38.0867],[-102.6306,38.0893],[-102.6194,38.0898],[-102.5846,38.0915],[-102.5488,38.0932],[-102.4573,38.0924],[-102.438,38.091],[-102.4266,38.0887],[-102.4116,38.0855],[-102.3434,38.0708],[-102.3139,38.0645],[-102.2991,38.0613],[-102.248,38.0502],[-102.2393,38.05],[-102.2326,38.0506],[-102.2226,38.0547],[-102.2194,38.0555],[-102.2042,38.0549],[-102.197,38.0545],[-102.145,38.0515],[-102.1272,38.0505],[-102.1253,38.0504],[-102.1116,38.0496],[-102.0552,38.0463],[-102.0446,38.0447],[-102.0353,38.0431],[-102.0078,38.0385],[-101.9188,38.0235],[-101.8844,38.0145],[-101.8738,38.0117],[-101.7762,37.9856],[-101.7569,37.9804],[-101.7431,37.9767],[-101.7381,37.9754],[-101.5705,37.9415],[-101.5656,37.9402],[-101.5521,37.9354],[-101.5489,37.9343],[-101.5423,37.9319],[-101.5417,37.9316],[-101.5376,37.9302],[-101.4834,37.9109],[-101.459,37.904],[-101.451,37.9017],[-101.4435,37.8988],[-101.3956,37.8829],[-101.3909,37.882],[-101.3872,37.8822],[-101.3506,37.889],[-101.3431,37.8913],[-101.2641,37.9337],[-101.2528,37.9398],[-101.2501,37.9412],[-101.2211,37.9567],[-101.2144,37.9592],[-101.2077,37.9611],[-101.1789,37.9653],[-101.1374,37.9771],[-101.1282,37.9797],[-101.1226,37.9813],[-101.103,37.9869],[-101.0725,37.9957],[-101.0633,37.9974],[-101.0536,37.9974],[-101.0379,37.9947],[-101.0333,37.9939],[-100.9959,37.9869],[-100.9933,37.9864],[-100.9868,37.9852],[-100.9808,37.9841],[-100.9621,37.9806],[-100.9339,37.9754],[-100.9115,37.9712],[-100.9047,37.9699],[-100.8918,37.9675],[-100.8813,37.9656],[-100.8734,37.9641],[-100.866,37.9627],[-100.8605,37.9617],[-100.8506,37.9598],[-100.8379,37.9575],[-100.8255,37.9545],[-100.8169,37.9504],[-100.8115,37.9474],[-100.8079,37.9454],[-100.7744,37.9267],[-100.7596,37.9185],[-100.728,37.9012],[-100.6833,37.8849],[-100.6789,37.8833],[-100.6729,37.8811],[-100.6649,37.8787],[-100.5737,37.8654],[-100.5457,37.8614],[-100.5291,37.859],[-100.5245,37.8579],[-100.4858,37.8416],[-100.472,37.8365],[-100.4503,37.8261],[-100.4382,37.8206],[-100.4173,37.814],[-100.3999,37.8106],[-100.3567,37.8061],[-100.353,37.8057],[-100.3427,37.8047],[-100.3334,37.8038],[-100.3235,37.8029],[-100.2654,37.7972],[-100.2491,37.7956],[-100.2149,37.7921],[-100.1984,37.7888],[-100.1796,37.7826],[-100.1724,37.7802],[-100.1244,37.7644],[-100.1179,37.7631],[-100.1041,37.7619],[-100.0992,37.7611],[-100.0772,37.7556],[-100.0391,37.7534],[-100.0314,37.753],[-100.0309,37.753],[-100.0223,37.7526],[-100.0163,37.7522],[-100.0122,37.752],[-100.0106,37.7519],[-99.994,37.751],[-99.9895,37.7509],[-99.9825,37.7503],[-99.9744,37.7488],[-99.9674,37.7475],[-99.9626,37.7481],[-99.9586,37.7506],[-99.9565,37.7544],[-99.9531,37.7627],[-99.9507,37.7654],[-99.9476,37.7669],[-99.9364,37.7691],[-99.9211,37.7707],[-99.9144,37.7719],[-99.907,37.7745],[-99.8967,37.7797],[-99.8765,37.7901],[-99.785,37.837],[-99.7692,37.8451],[-99.7515,37.8541],[-99.744,37.8567],[-99.6762,37.8691],[-99.6513,37.8736],[-99.5701,37.8885],[-99.5611,37.8901],[-99.5534,37.8915],[-99.5335,37.8951],[-99.4437,37.9113],[-99.4324,37.9134],[-99.426,37.9152],[-99.4201,37.9179],[-99.414,37.9219],[-99.4094,37.9257],[-99.4058,37.9273],[-99.4032,37.9279],[-99.3782,37.9342],[-99.3739,37.9349],[-99.3573,37.9353],[-99.3345,37.9331],[-99.2586,37.9395],[-99.2578,37.9395],[-99.2493,37.9403],[-99.1239,37.9507],[-99.1036,37.9524],[-99.0961,37.953],[-99.0862,37.9539],[-99.0222,37.9591],[-98.9769,37.9628],[-98.9711,37.9633],[-98.9649,37.9638],[-98.9615,37.9641],[-98.8929,37.9697],[-98.8771,37.971],[-98.8268,37.9754],[-98.7997,37.9818],[-98.7724,37.9928],[-98.7688,37.9942],[-98.7648,37.9947],[-98.744,37.9946],[-98.7353,37.9931],[-98.611,37.9697],[-98.604,37.969],[-98.6033,37.969],[-98.5944,37.9689],[-98.5891,37.9688],[-98.5741,37.9686],[-98.5098,37.959],[-98.5045,37.9584],[-98.4723,37.9585],[-98.4715,37.9585],[-98.4185,37.9587],[-98.4025,37.9616],[-98.3962,37.9629],[-98.3417,37.974],[-98.3083,37.9742],[-98.3021,37.9742],[-98.2987,37.9741],[-98.2355,37.9729],[-98.207,37.9723],[-98.1988,37.9722],[-98.1983,37.9721],[-98.104,37.9702],[-98.0947,37.97],[-98.0897,37.9699],[-98.0886,37.9699],[-98.0851,37.9701],[-98.081,37.9715],[-98.001,38.0153],[-97.988,38.0225],[-97.9724,38.031],[-97.9678,38.0335],[-97.9652,38.0349],[-97.9603,38.0376],[-97.9565,38.0407],[-97.9527,38.0475],[-97.9489,38.0503],[-97.9484,38.0507],[-97.946,38.0523],[-97.9406,38.0559],[-97.9371,38.0565],[-97.9367,38.0565],[-97.9296,38.0557],[-97.9268,38.0553],[-97.9254,38.0551],[-97.9186,38.0543],[-97.918,38.0542],[-97.9123,38.0535],[-97.9058,38.0527],[-97.9014,38.0522],[-97.8998,38.052],[-97.8831,38.0499],[-97.8771,38.0492],[-97.8576,38.0468],[-97.8309,38.0435],[-97.7019,38.0276],[-97.6934,38.0265],[-97.6783,38.0247],[-97.6764,38.0244],[-97.6664,38.0232],[-97.638,38.0196],[-97.5434,38.0077],[-97.5286,38.006],[-97.5192,38.0058],[-97.5184,38.0058],[-97.5063,38.0059],[-97.5004,38.006],[-97.482,38.0065],[-97.4588,38.0104],[-97.3835,38.0231],[-97.3821,38.0233],[-97.3807,38.0236],[-97.3763,38.0255],[-97.3647,38.0349],[-97.3548,38.0408],[-97.3484,38.0445],[-97.3478,38.0448],[-97.3425,38.048],[-97.3375,38.051],[-97.3367,38.0515],[-97.2998,38.0733],[-97.2973,38.0758],[-97.2845,38.0923],[-97.2777,38.0984],[-97.2335,38.1369],[-97.227,38.1445],[-97.2176,38.1512],[-97.2129,38.1533],[-97.2043,38.1551],[-97.1996,38.1546],[-97.1918,38.1505],[-97.1886,38.1494],[-97.1534,38.1454],[-97.1426,38.1449],[-97.1348,38.1449],[-97.1308,38.146],[-97.1134,38.1598],[-97.1114,38.161],[-97.108,38.1632],[-97.1043,38.165],[-97.0996,38.1654],[-97.0785,38.1651],[-97.0739,38.1661],[-97.0633,38.1733],[-97.0562,38.1815],[-97.0534,38.1839],[-97.0331,38.1943],[-97.0211,38.1992],[-97.0097,38.1997],[-97.0033,38.2014],[-96.9855,38.2122],[-96.9517,38.2266],[-96.9418,38.2313],[-96.9348,38.2355],[-96.9291,38.238],[-96.9248,38.2398],[-96.9243,38.2401],[-96.9189,38.2423],[-96.9144,38.2441],[-96.9096,38.2452],[-96.9033,38.2453],[-96.8935,38.245],[-96.8781,38.2445],[-96.8709,38.2454],[-96.8664,38.2469],[-96.8409,38.259],[-96.832,38.2631],[-96.8176,38.2693],[-96.8112,38.2707],[-96.8031,38.2708],[-96.7991,38.2714],[-96.7801,38.2774],[-96.7511,38.2947],[-96.7387,38.3022],[-96.733,38.3056],[-96.7075,38.321],[-96.6937,38.3297],[-96.6484,38.3728],[-96.6428,38.3782],[-96.6312,38.3892],[-96.6228,38.3959],[-96.6185,38.3976],[-96.6145,38.3977],[-96.6132,38.3976],[-96.5984,38.3963],[-96.598,38.3963],[-96.5926,38.3959],[-96.5885,38.3962],[-96.5765,38.3996],[-96.5607,38.3997],[-96.5551,38.3993],[-96.5383,38.394],[-96.5096,38.3845],[-96.5042,38.3838],[-96.4979,38.3843],[-96.4427,38.3898],[-96.4207,38.3955],[-96.4091,38.3985],[-96.3971,38.4017],[-96.3922,38.403],[-96.3838,38.4053],[-96.3799,38.4059],[-96.3548,38.4058],[-96.329,38.4056],[-96.3092,38.4055],[-96.2941,38.4035],[-96.2745,38.4033],[-96.2705,38.4028],[-96.2637,38.4018],[-96.2466,38.4017],[-96.2373,38.4016],[-96.2284,38.4016],[-96.225,38.4015],[-96.2242,38.4015],[-96.2212,38.4015],[-96.2119,38.4015],[-96.2076,38.4014],[-96.183,38.4013],[-96.171,38.4013],[-96.1671,38.4013],[-96.1664,38.4013],[-96.1643,38.4018],[-96.1632,38.4031],[-96.159,38.4104],[-96.1568,38.4123],[-96.1244,38.4238],[-96.1229,38.4254],[-96.1187,38.4336],[-96.1177,38.4349],[-96.0884,38.4563],[-96.0838,38.4594],[-96.077,38.464],[-96.0658,38.4733],[-96.0224,38.4942],[-96.0044,38.5019],[-95.9951,38.5074],[-95.9834,38.5169],[-95.9801,38.5178],[-95.9631,38.5179],[-95.9558,38.5179],[-95.9529,38.5181],[-95.95,38.5189],[-95.921,38.5288],[-95.9133,38.5318],[-95.9109,38.5331],[-95.8993,38.5465],[-95.8928,38.5533],[-95.8894,38.5579],[-95.8839,38.5682],[-95.8776,38.579],[-95.8759,38.5814],[-95.8729,38.5833],[-95.8699,38.5842],[-95.857,38.5861],[-95.8537,38.5879],[-95.8376,38.6179],[-95.832,38.6293],[-95.8302,38.6318],[-95.8242,38.6378],[-95.8222,38.6399],[-95.8187,38.6433],[-95.8174,38.6452],[-95.8168,38.6473],[-95.8165,38.6538],[-95.8165,38.6579],[-95.8254,38.7096],[-95.8268,38.7225],[-95.8269,38.7327],[-95.8289,38.7429],[-95.8301,38.7488],[-95.8295,38.7506],[-95.8282,38.7522],[-95.8226,38.7564],[-95.8206,38.7572],[-95.8021,38.7575],[-95.7881,38.7612],[-95.758,38.7726],[-95.7496,38.7762],[-95.7452,38.7781],[-95.7401,38.7804],[-95.7387,38.7812],[-95.729,38.787],[-95.7211,38.7951],[-95.7195,38.7974],[-95.7166,38.8046],[-95.7152,38.8064],[-95.7131,38.8076],[-95.7062,38.8093],[-95.7034,38.8104],[-95.7006,38.8124],[-95.6974,38.8158],[-95.6952,38.8186],[-95.6943,38.8221],[-95.6924,38.8268],[-95.6923,38.8286],[-95.693,38.8303],[-95.6956,38.8328],[-95.6965,38.8345],[-95.6968,38.8414],[-95.7005,38.8554],[-95.6983,38.8634],[-95.6944,38.8684],[-95.6913,38.87],[-95.6898,38.8711],[-95.6889,38.8725],[-95.6884,38.875],[-95.6887,38.8767],[-95.6956,38.8849],[-95.6971,38.8909],[-95.6998,38.8943],[-95.7003,38.8963],[-95.6999,38.9013],[-95.6989,38.9045],[-95.6996,38.9088],[-95.6975,38.9167],[-95.6925,38.9244],[-95.6883,38.9346],[-95.6875,38.9376],[-95.6876,38.9438],[-95.6876,38.9469],[-95.6877,38.9572],[-95.6878,38.9631],[-95.6878,38.9635],[-95.6895,38.9788],[-95.6894,38.9818],[-95.6816,39.0058],[-95.6746,39.0268],[-95.6691,39.0408],[-95.6689,39.0414],[-95.6674,39.045],[-95.6661,39.0479],[-95.6637,39.0534],[-95.6632,39.0541],[-95.6623,39.0547],[-95.6616,39.0549],[-95.6593,39.0551],[-95.6524,39.0537],[-95.6424,39.0542],[-95.6393,39.0545],[-95.6229,39.0555],[-95.6119,39.0559],[-95.5978,39.0547],[-95.588,39.0529],[-95.582,39.0525],[-95.5734,39.0534],[-95.5667,39.0556],[-95.5606,39.0579],[-95.5539,39.0596],[-95.5485,39.0596],[-95.5389,39.0587],[-95.5016,39.0532],[-95.4968,39.0527],[-95.4918,39.0531],[-95.48,39.0553],[-95.4663,39.059],[-95.4321,39.0613],[-95.4267,39.061],[-95.4104,39.0577],[-95.4074,39.0567],[-95.3984,39.0525],[-95.3941,39.0506],[-95.3896,39.048],[-95.385,39.0463],[-95.3732,39.0401],[-95.356,39.0331],[-95.3506,39.0325],[-95.3371,39.03],[-95.3235,39.0263],[-95.2855,39.0158],[-95.2751,39.0113],[-95.2689,39.0088],[-95.2619,39.0078],[-95.2573,39.0061],[-95.2554,39.0049],[-95.253,39.0023],[-95.2502,38.9975],[-95.242,38.9785],[-95.2407,38.9762],[-95.2396,38.9753],[-95.2381,38.9743],[-95.2337,38.9733],[-95.2319,38.9724],[-95.2279,38.9698],[-95.22,38.9648],[-95.2104,38.9622],[-95.2043,38.958],[-95.2003,38.9563],[-95.1997,38.956],[-95.1836,38.9504],[-95.1803,38.95],[-95.1699,38.9499],[-95.1205,38.9495],[-95.1055,38.9481],[-95.098,38.949],[-95.088,38.9516],[-95.0629,38.9639],[-95.0565,38.9661],[-95.0497,38.9681],[-95.04,38.9723],[-95.0246,38.9769],[-94.9976,38.9805],[-94.9809,38.9815],[-94.965,38.9811],[-94.9604,38.9808],[-94.9411,38.9811],[-94.9356,38.9806],[-94.9256,38.9796],[-94.9226,38.98],[-94.913,38.9859],[-94.908,38.99],[-94.891,39.0086],[-94.87,39.0418],[-94.8621,39.0483],[-94.8587,39.0497],[-94.8566,39.05],[-94.8399,39.05],[-94.8187,39.045],[-94.808,39.04],[-94.8045,39.0403],[-94.7917,39.0435],[-94.7728,39.0494],[-94.7643,39.0542],[-94.7608,39.0563],[-94.7547,39.0599],[-94.737,39.0706],[-94.7234,39.0796],[-94.7155,39.0848],[-94.7109,39.0864],[-94.7079,39.0869],[-94.7063,39.0869],[-94.702,39.0866],[-94.6979,39.086],[-94.6914,39.0824],[-94.6856,39.0809],[-94.6752,39.0805],[-94.6623,39.0771],[-94.6454,39.0731],[-94.6421,39.0725],[-94.6327,39.0727],[-94.6253,39.074],[-94.6212,39.0753]]}},{"type":"Feature","properties":{"n":1,"a":"amtrak"},"geometry":{"type":"LineString","coordinates":[[-96.8081,32.7758],[-96.8077,32.7744],[-96.8067,32.7734],[-96.8045,32.7723],[-96.8034,32.7715],[-96.8023,32.7708],[-96.8012,32.77],[-96.7971,32.7648],[-96.7886,32.7602],[-96.7883,32.7601],[-96.7876,32.7598],[-96.7824,32.7571],[-96.7805,32.7562],[-96.7777,32.7547],[-96.7626,32.7407],[-96.7605,32.7389],[-96.7589,32.7385],[-96.7574,32.7391],[-96.7558,32.7409],[-96.7543,32.7426],[-96.7414,32.7581],[-96.7388,32.7636],[-96.7383,32.7648],[-96.7377,32.7663],[-96.7349,32.7734],[-96.7338,32.7761],[-96.731,32.7775],[-96.7299,32.7776],[-96.7114,32.7794],[-96.7086,32.779],[-96.7051,32.7778],[-96.7,32.7763],[-96.6912,32.7763],[-96.6701,32.7765],[-96.6594,32.7767],[-96.6486,32.7774],[-96.6313,32.7744],[-96.6235,32.772],[-96.6194,32.7704],[-96.6123,32.7689],[-96.597,32.7673],[-96.5545,32.7632],[-96.546,32.7622],[-96.5196,32.7545],[-96.5031,32.7497],[-96.4998,32.7494],[-96.4959,32.7505],[-96.4866,32.756],[-96.4841,32.7567],[-96.4819,32.7567],[-96.478,32.7551],[-96.4723,32.7495],[-96.466,32.7432],[-96.463,32.7416],[-96.4348,32.7406],[-96.4338,32.7406],[-96.318,32.7372],[-96.2818,32.7361],[-96.2747,32.7353],[-96.2738,32.7352],[-96.2574,32.7332],[-96.166,32.722],[-96.1118,32.7154],[-96.0761,32.7128],[-96.0082,32.7079],[-95.9051,32.7005],[-95.8859,32.6979],[-95.8373,32.6914],[-95.8069,32.6828],[-95.7424,32.6741],[-95.7335,32.6729],[-95.7061,32.6723],[-95.5954,32.67],[-95.5946,32.67],[-95.5721,32.6695],[-95.5674,32.6709],[-95.5576,32.6757],[-95.5544,32.6764],[-95.551,32.6761],[-95.5359,32.6728],[-95.5081,32.6665],[-95.4945,32.6634],[-95.4864,32.6616],[-95.4847,32.6612],[-95.4598,32.6556],[-95.4468,32.6521],[-95.422,32.6487],[-95.398,32.6425],[-95.3774,32.6354],[-95.3352,32.6252],[-95.3325,32.6239],[-95.3281,32.6202],[-95.3253,32.6187],[-95.3079,32.6142],[-95.3021,32.6125],[-95.2838,32.6056],[-95.2408,32.5893],[-95.2368,32.5888],[-95.2084,32.5872],[-95.2035,32.5869],[-95.1531,32.584],[-95.1345,32.583],[-95.1103,32.5816],[-95.1093,32.5815],[-95.1087,32.5814],[-95.0791,32.5776],[-95.0707,32.576],[-94.9606,32.5424],[-94.9532,32.5399],[-94.9426,32.5335],[-94.938,32.531],[-94.9091,32.5198],[-94.8745,32.5067],[-94.8473,32.5034],[-94.8314,32.5033],[-94.8216,32.5033],[-94.819,32.5033],[-94.8156,32.5033],[-94.814,32.5033],[-94.8132,32.5033],[-94.8096,32.5033],[-94.7972,32.5033],[-94.7866,32.5033],[-94.7855,32.5033],[-94.781,32.5032],[-94.7756,32.502],[-94.7717,32.5008],[-94.748,32.497],[-94.7384,32.494],[-94.7344,32.4932],[-94.731,32.4936],[-94.7289,32.4941],[-94.7283,32.4942],[-94.7229,32.4954],[-94.7177,32.4966],[-94.7078,32.4988],[-94.702,32.5001],[-94.7,32.5005],[-94.691,32.5023],[-94.671,32.5016],[-94.6632,32.5035],[-94.6585,32.5042],[-94.6495,32.5037],[-94.6427,32.5048],[-94.629,32.5071],[-94.6021,32.5116],[-94.5971,32.5111],[-94.5853,32.5066],[-94.5769,32.5038],[-94.5683,32.5046],[-94.5498,32.507],[-94.5101,32.5085],[-94.5074,32.5089],[-94.5035,32.5105],[-94.5029,32.5108],[-94.4913,32.5158],[-94.4783,32.5157],[-94.4733,32.5153],[-94.4462,32.5091],[-94.4424,32.5088],[-94.4393,32.5093],[-94.4367,32.5104],[-94.4284,32.5169],[-94.4225,32.5218],[-94.417,32.5275],[-94.4128,32.5314],[-94.4041,32.536],[-94.3978,32.5395],[-94.3936,32.5452],[-94.3894,32.5486],[-94.3854,32.5509],[-94.3794,32.551],[-94.375,32.5507],[-94.3697,32.5514],[-94.3678,32.5522],[-94.3673,32.5538],[-94.3672,32.5594],[-94.3662,32.5617],[-94.3652,32.5645],[-94.3662,32.5688],[-94.367,32.5728],[-94.3663,32.5786],[-94.3651,32.5834],[-94.3598,32.5917],[-94.3586,32.5996],[-94.3585,32.6059],[-94.355,32.6143],[-94.3546,32.624],[-94.3574,32.6362],[-94.3574,32.6386],[-94.3534,32.6472],[-94.3506,32.6504],[-94.3474,32.6536],[-94.3464,32.6555],[-94.3426,32.6708],[-94.341,32.6782],[-94.3411,32.685],[-94.3404,32.6921],[-94.3429,32.6997],[-94.347,32.7058],[-94.3482,32.7089],[-94.3538,32.7269],[-94.3571,32.7324],[-94.3586,32.7372],[-94.3563,32.7563],[-94.3561,32.7633],[-94.355,32.7649],[-94.3527,32.7655],[-94.3478,32.7656],[-94.3443,32.7677],[-94.3404,32.771],[-94.3358,32.7831],[-94.3336,32.789],[-94.3323,32.7911],[-94.3178,32.8041],[-94.3133,32.8152],[-94.3038,32.8303],[-94.2998,32.8344],[-94.2947,32.8425],[-94.2927,32.8458],[-94.2887,32.853],[-94.283,32.8606],[-94.2826,32.8629],[-94.2836,32.8662],[-94.2838,32.8687],[-94.2834,32.8705],[-94.2779,32.8804],[-94.2755,32.8847],[-94.2718,32.8953],[-94.2711,32.9034],[-94.2704,32.9065],[-94.2582,32.9299],[-94.2561,32.9349],[-94.2537,32.9373],[-94.2498,32.9398],[-94.2483,32.9425],[-94.247,32.9455],[-94.2439,32.9486],[-94.235,32.962],[-94.216,32.9856],[-94.2064,33.0013],[-94.2046,33.0055],[-94.2014,33.0127],[-94.2005,33.0186],[-94.1938,33.0249],[-94.1904,33.0288],[-94.182,33.047],[-94.1814,33.0501],[-94.1807,33.0673],[-94.1755,33.0882],[-94.1669,33.1111],[-94.1666,33.1119],[-94.1648,33.1167],[-94.1631,33.1207],[-94.1609,33.1237],[-94.1566,33.1295],[-94.1543,33.1347],[-94.1536,33.1377],[-94.1531,33.1466],[-94.1511,33.1503],[-94.1495,33.153],[-94.1491,33.1557],[-94.1512,33.1716],[-94.1521,33.1787],[-94.1518,33.1819],[-94.1505,33.185],[-94.1452,33.1924],[-94.1445,33.1988],[-94.1366,33.2213],[-94.1366,33.2281],[-94.1357,33.2314],[-94.128,33.2474],[-94.1199,33.2613],[-94.1181,33.2634],[-94.1156,33.2649],[-94.1005,33.2708],[-94.0962,33.2724],[-94.0913,33.2749],[-94.0819,33.2842],[-94.0659,33.295],[-94.0616,33.2997],[-94.0576,33.3064],[-94.0561,33.3132],[-94.0561,33.3172],[-94.063,33.3791],[-94.0636,33.3853],[-94.0626,33.389],[-94.0622,33.3899],[-94.0619,33.3906],[-94.0527,33.412],[-94.052,33.4135],[-94.0513,33.415],[-94.05,33.4166],[-94.0484,33.4175],[-94.0482,33.4176],[-94.043,33.4197],[-94.0366,33.4227],[-94.0312,33.4273],[-94.0251,33.4329],[-94.0226,33.4353],[-94.0186,33.439],[-94.0091,33.4478],[-94.0084,33.4484],[-93.9935,33.4623],[-93.9903,33.4647],[-93.9797,33.4702],[-93.9561,33.4867],[-93.9518,33.4922],[-93.9212,33.5232],[-93.9172,33.5272],[-93.9139,33.5295],[-93.876,33.548],[-93.8738,33.5497],[-93.8515,33.572],[-93.8412,33.5872],[-93.8159,33.6103],[-93.8139,33.6121],[-93.8121,33.6135],[-93.8098,33.6152],[-93.8077,33.6161],[-93.8015,33.6166],[-93.7827,33.6167],[-93.7659,33.6169],[-93.7598,33.6174],[-93.7281,33.6248],[-93.638,33.658],[-93.6171,33.6632],[-93.5946,33.6686],[-93.5929,33.669],[-93.5909,33.6695],[-93.5823,33.6715],[-93.5628,33.6762],[-93.5328,33.6834],[-93.5284,33.6852],[-93.4818,33.7219],[-93.4749,33.7275],[-93.4656,33.7348],[-93.4617,33.7379],[-93.4052,33.7828],[-93.3845,33.7992],[-93.3823,33.801],[-93.379,33.8036],[-93.3775,33.8048],[-93.3577,33.8239],[-93.3322,33.8457],[-93.3273,33.8492],[-93.3092,33.8576],[-93.2984,33.8625],[-93.2943,33.8638],[-93.2846,33.8642],[-93.282,33.8647],[-93.2032,33.8892],[-93.1831,33.8955],[-93.1753,33.8991],[-93.1696,33.9032],[-93.1586,33.9143],[-93.1554,33.9176],[-93.1515,33.9215],[-93.1494,33.9237],[-93.1481,33.925],[-93.1247,33.9488],[-93.1189,33.9552],[-93.108,33.9748],[-93.1009,33.9878],[-93.0978,33.9974],[-93.0946,34.0074],[-93.0847,34.0398],[-93.0851,34.0443],[-93.0886,34.0578],[-93.0909,34.0664],[-93.0929,34.0744],[-93.0927,34.0765],[-93.0914,34.079],[-93.0624,34.1055],[-93.06,34.1077],[-93.0558,34.1114],[-93.0505,34.1161],[-93.0417,34.1221],[-92.9945,34.1538],[-92.9921,34.1556],[-92.9891,34.159],[-92.9884,34.1599],[-92.9356,34.223],[-92.9213,34.24],[-92.8585,34.3148],[-92.8397,34.3372],[-92.8325,34.3457],[-92.8281,34.351],[-92.8224,34.3578],[-92.8204,34.3601],[-92.8171,34.3636],[-92.8145,34.3654],[-92.8105,34.3671],[-92.81,34.3672],[-92.8035,34.3682],[-92.7791,34.3698],[-92.7721,34.3699],[-92.7625,34.3691],[-92.7606,34.3697],[-92.7564,34.3725],[-92.7525,34.3744],[-92.7436,34.376],[-92.7386,34.3768],[-92.7348,34.3782],[-92.7248,34.3845],[-92.7227,34.3867],[-92.7197,34.3921],[-92.7183,34.3938],[-92.6861,34.4225],[-92.6685,34.4382],[-92.6534,34.4516],[-92.6508,34.4544],[-92.6493,34.457],[-92.6332,34.4995],[-92.629,34.5107],[-92.6237,34.5244],[-92.6222,34.5267],[-92.6196,34.5291],[-92.5976,34.5476],[-92.592,34.5521],[-92.5886,34.554],[-92.5852,34.5548],[-92.5769,34.5553],[-92.5726,34.5562],[-92.569,34.5578],[-92.5342,34.5797],[-92.5306,34.5819],[-92.5267,34.5834],[-92.5167,34.5849],[-92.5165,34.585],[-92.5127,34.5863],[-92.5028,34.5939],[-92.5005,34.5949],[-92.4866,34.5947],[-92.4841,34.5959],[-92.48,34.5992],[-92.4789,34.6009],[-92.4776,34.6045],[-92.4758,34.6067],[-92.4451,34.6298],[-92.4435,34.6312],[-92.4272,34.6442],[-92.4113,34.6463],[-92.4093,34.6465],[-92.4029,34.6478],[-92.387,34.6565],[-92.3739,34.6638],[-92.3581,34.6747],[-92.3555,34.6769],[-92.3531,34.68],[-92.3457,34.6907],[-92.3435,34.6928],[-92.3284,34.6985],[-92.3245,34.7013],[-92.304,34.7209],[-92.3029,34.7227],[-92.3025,34.7249],[-92.3042,34.7356],[-92.3042,34.739],[-92.3011,34.7446],[-92.2992,34.746],[-92.2925,34.7485],[-92.2837,34.7521],[-92.2833,34.7524],[-92.2801,34.7571],[-92.2794,34.7581],[-92.2765,34.7614],[-92.273,34.7634],[-92.27,34.764],[-92.2663,34.7639],[-92.264,34.7639],[-92.2615,34.7638],[-92.2506,34.7637],[-92.2466,34.7643],[-92.2415,34.7668],[-92.2348,34.7699],[-92.23,34.7707],[-92.2203,34.7718],[-92.2162,34.774],[-92.2115,34.7799],[-92.2074,34.7851],[-92.2025,34.7908],[-92.1784,34.8112],[-92.1484,34.8353],[-92.1393,34.8424],[-92.1228,34.8516],[-92.1204,34.854],[-92.118,34.8568],[-92.11,34.866],[-92.0943,34.8769],[-92.0832,34.8849],[-92.0732,34.8978],[-92.0168,34.9725],[-92.009,34.9793],[-92.0007,34.9833],[-91.998,34.985],[-91.9731,35.007],[-91.9694,35.0108],[-91.9566,35.0241],[-91.9527,35.0272],[-91.9485,35.0298],[-91.9224,35.044],[-91.8936,35.0598],[-91.8857,35.0655],[-91.8809,35.0692],[-91.8637,35.0823],[-91.8533,35.0896],[-91.8247,35.1116],[-91.8225,35.1132],[-91.8094,35.1234],[-91.7134,35.1971],[-91.7038,35.2044],[-91.6705,35.23],[-91.6673,35.2325],[-91.6654,35.2339],[-91.6426,35.2516],[-91.6412,35.2539],[-91.6355,35.2706],[-91.634,35.2722],[-91.6297,35.2744],[-91.5957,35.2913],[-91.5872,35.2966],[-91.5663,35.3096],[-91.5625,35.3128],[-91.549,35.3253],[-91.4666,35.401],[-91.4643,35.4038],[-91.4619,35.4085],[-91.4552,35.422],[-91.4454,35.4341],[-91.4409,35.4396],[-91.4268,35.4567],[-91.4148,35.4665],[-91.4112,35.4696],[-91.4091,35.472],[-91.399,35.4875],[-91.3872,35.5083],[-91.377,35.5263],[-91.3743,35.5311],[-91.3693,35.5399],[-91.3538,35.5668],[-91.3328,35.5831],[-91.329,35.585],[-91.3175,35.5888],[-91.3158,35.5893],[-91.3082,35.5919],[-91.2952,35.5995],[-91.2876,35.604],[-91.2821,35.6079],[-91.2785,35.6113],[-91.2658,35.6237],[-91.2648,35.6259],[-91.2631,35.6336],[-91.2616,35.6383],[-91.2528,35.6511],[-91.1971,35.7315],[-91.193,35.7374],[-91.0942,35.8794],[-91.0885,35.8876],[-91.0787,35.9016],[-91.0264,35.9765],[-90.9931,36.024],[-90.97,36.0571],[-90.9675,36.0596],[-90.9567,36.0674],[-90.9399,36.0796],[-90.8982,36.1097],[-90.8426,36.1498],[-90.8175,36.1679],[-90.8093,36.1738],[-90.8005,36.1801],[-90.728,36.2323],[-90.7232,36.2357],[-90.6798,36.267],[-90.6746,36.2707],[-90.653,36.2862],[-90.6237,36.3073],[-90.5977,36.326],[-90.5928,36.3304],[-90.5909,36.3334],[-90.5899,36.3364],[-90.5882,36.3945],[-90.5868,36.3981],[-90.5802,36.4073],[-90.565,36.4286],[-90.5292,36.4786],[-90.5155,36.4953],[-90.5142,36.4985],[-90.5077,36.5501],[-90.5069,36.5569],[-90.5059,36.5654],[-90.505,36.5756],[-90.5042,36.5811],[-90.4731,36.662],[-90.4675,36.6764],[-90.4663,36.6784],[-90.4422,36.7038],[-90.4093,36.7384],[-90.3976,36.751],[-90.3953,36.7526],[-90.3947,36.7529],[-90.3921,36.7548],[-90.3898,36.7586],[-90.3874,36.7613],[-90.3851,36.7637],[-90.3818,36.7656],[-90.3799,36.7688],[-90.3798,36.7726],[-90.3772,36.7829],[-90.3775,36.7919],[-90.3784,36.7949],[-90.3801,36.7973],[-90.3825,36.7993],[-90.385,36.8005],[-90.3892,36.8017],[-90.391,36.8027],[-90.3941,36.8068],[-90.3988,36.8115],[-90.4053,36.8146],[-90.4147,36.8212],[-90.4166,36.8241],[-90.4185,36.8319],[-90.4208,36.8348],[-90.4233,36.8365],[-90.435,36.8419],[-90.4367,36.8432],[-90.4382,36.8459],[-90.4383,36.85],[-90.4409,36.8612],[-90.4442,36.8749],[-90.4458,36.8789],[-90.4534,36.8853],[-90.4553,36.8885],[-90.4591,36.892],[-90.461,36.8955],[-90.4662,36.9017],[-90.4717,36.9037],[-90.4805,36.9083],[-90.4863,36.9137],[-90.492,36.9181],[-90.4948,36.9214],[-90.4971,36.9221],[-90.5056,36.9229],[-90.5124,36.9268],[-90.5156,36.9295],[-90.5175,36.9333],[-90.5176,36.9353],[-90.5167,36.9474],[-90.5156,36.9515],[-90.5161,36.9528],[-90.5184,36.9552],[-90.5243,36.9577],[-90.5288,36.9609],[-90.5336,36.9623],[-90.5461,36.9699],[-90.5502,36.9705],[-90.5595,36.9695],[-90.5665,36.9702],[-90.5703,36.9712],[-90.5796,36.9742],[-90.6038,36.9854],[-90.6056,36.9873],[-90.6121,36.9981],[-90.6127,37.0009],[-90.6118,37.0062],[-90.612,37.0086],[-90.6147,37.0152],[-90.619,37.0203],[-90.6227,37.0225],[-90.6314,37.025],[-90.6396,37.0289],[-90.6468,37.0302],[-90.6514,37.0316],[-90.6536,37.0327],[-90.6561,37.035],[-90.6599,37.0354],[-90.6616,37.0362],[-90.6697,37.0418],[-90.6724,37.0453],[-90.6739,37.0487],[-90.678,37.0528],[-90.6815,37.0596],[-90.6833,37.0612],[-90.6865,37.0629],[-90.6996,37.0697],[-90.7003,37.0701],[-90.7073,37.0738],[-90.7098,37.0766],[-90.7117,37.0923],[-90.7166,37.1023],[-90.7166,37.1036],[-90.7156,37.1062],[-90.7163,37.1089],[-90.7165,37.1129],[-90.72,37.1178],[-90.7199,37.1193],[-90.7191,37.1207],[-90.709,37.1338],[-90.7063,37.1421],[-90.7045,37.1466],[-90.698,37.154],[-90.6943,37.1589],[-90.6913,37.1632],[-90.6913,37.1653],[-90.6921,37.1665],[-90.6955,37.169],[-90.6964,37.1703],[-90.6972,37.1744],[-90.6993,37.1795],[-90.699,37.1847],[-90.6996,37.1875],[-90.7112,37.206],[-90.715,37.2166],[-90.7147,37.2188],[-90.7129,37.223],[-90.7078,37.2314],[-90.7047,37.2345],[-90.7013,37.2363],[-90.6988,37.2372],[-90.6942,37.2391],[-90.6899,37.2423],[-90.686,37.2457],[-90.6759,37.2545],[-90.669,37.2624],[-90.6677,37.2662],[-90.668,37.2744],[-90.668,37.2813],[-90.6624,37.2992],[-90.662,37.3023],[-90.6627,37.3053],[-90.6685,37.3192],[-90.6696,37.3233],[-90.6695,37.3271],[-90.6689,37.3331],[-90.6731,37.347],[-90.6766,37.3511],[-90.6785,37.3549],[-90.6813,37.3568],[-90.6873,37.3592],[-90.6965,37.3591],[-90.6982,37.359],[-90.7008,37.3594],[-90.7027,37.361],[-90.7029,37.363],[-90.7004,37.3659],[-90.7002,37.3676],[-90.701,37.3691],[-90.7044,37.3718],[-90.7052,37.374],[-90.7046,37.3755],[-90.7035,37.3765],[-90.6999,37.378],[-90.6973,37.3798],[-90.6957,37.3817],[-90.6946,37.3843],[-90.6945,37.3874],[-90.6977,37.4001],[-90.6939,37.4127],[-90.694,37.4147],[-90.6958,37.4223],[-90.694,37.4278],[-90.6937,37.4297],[-90.6942,37.4319],[-90.6973,37.4384],[-90.6975,37.4399],[-90.6965,37.4428],[-90.6905,37.4504],[-90.6872,37.4547],[-90.6862,37.4573],[-90.6862,37.4606],[-90.6873,37.4633],[-90.6897,37.4689],[-90.6898,37.473],[-90.6896,37.4871],[-90.6945,37.5023],[-90.6937,37.5112],[-90.6926,37.5201],[-90.691,37.5242],[-90.6858,37.5325],[-90.6744,37.5442],[-90.6699,37.5475],[-90.6605,37.5505],[-90.6535,37.557],[-90.6447,37.5602],[-90.6419,37.5616],[-90.6385,37.5652],[-90.6351,37.5739],[-90.6284,37.5816],[-90.6249,37.5876],[-90.6242,37.5922],[-90.6239,37.5988],[-90.6249,37.6029],[-90.6266,37.606],[-90.6321,37.6128],[-90.635,37.6174],[-90.6378,37.6296],[-90.6395,37.6337],[-90.6417,37.6369],[-90.6485,37.6431],[-90.6497,37.6449],[-90.6502,37.6469],[-90.6499,37.6485],[-90.6477,37.6515],[-90.6449,37.6539],[-90.6439,37.6566],[-90.6447,37.6592],[-90.6474,37.6622],[-90.6477,37.6624],[-90.6498,37.6652],[-90.6505,37.6686],[-90.6494,37.6717],[-90.6469,37.6743],[-90.6459,37.6751],[-90.6417,37.6789],[-90.6396,37.6825],[-90.6393,37.6861],[-90.6407,37.6909],[-90.6419,37.6958],[-90.642,37.6978],[-90.6421,37.6994],[-90.6427,37.7076],[-90.6419,37.711],[-90.6395,37.7143],[-90.6306,37.7217],[-90.6296,37.7238],[-90.6292,37.7291],[-90.6285,37.7318],[-90.625,37.7367],[-90.623,37.743],[-90.621,37.7523],[-90.6217,37.7595],[-90.6226,37.7634],[-90.6247,37.7669],[-90.6278,37.7709],[-90.6278,37.7711],[-90.6286,37.7727],[-90.6306,37.7785],[-90.6373,37.7867],[-90.6422,37.8016],[-90.6437,37.804],[-90.6461,37.806],[-90.6533,37.8093],[-90.6543,37.8109],[-90.6553,37.8145],[-90.6572,37.8164],[-90.6619,37.8184],[-90.6723,37.8201],[-90.6744,37.8211],[-90.6756,37.8226],[-90.6781,37.8308],[-90.6817,37.841],[-90.6818,37.843],[-90.681,37.8448],[-90.6785,37.852],[-90.6778,37.8557],[-90.6781,37.8575],[-90.6808,37.8632],[-90.6798,37.8693],[-90.6801,37.8712],[-90.6865,37.8797],[-90.6925,37.8829],[-90.6966,37.8867],[-90.7013,37.8893],[-90.7028,37.8908],[-90.7057,37.8964],[-90.7066,37.9106],[-90.7088,37.913],[-90.7183,37.9179],[-90.7215,37.9209],[-90.7228,37.9233],[-90.7241,37.9281],[-90.7266,37.9326],[-90.7269,37.9348],[-90.7263,37.9374],[-90.7236,37.9437],[-90.7235,37.9442],[-90.7208,37.95],[-90.7186,37.9563],[-90.7129,37.9628],[-90.7108,37.9694],[-90.7046,37.9804],[-90.7027,37.9824],[-90.6992,37.9836],[-90.6975,37.984],[-90.6907,37.9858],[-90.6853,37.9894],[-90.683,37.9912],[-90.6688,38.0003],[-90.6662,38.0036],[-90.6627,38.0104],[-90.661,38.0116],[-90.6548,38.0141],[-90.6534,38.0152],[-90.6526,38.0167],[-90.6522,38.02],[-90.6511,38.0215],[-90.649,38.0228],[-90.6469,38.0234],[-90.6416,38.0223],[-90.641,38.0222],[-90.6376,38.0225],[-90.6331,38.0247],[-90.6259,38.0317],[-90.6234,38.035],[-90.6224,38.0382],[-90.6231,38.0458],[-90.6225,38.049],[-90.6207,38.055],[-90.6179,38.0609],[-90.6177,38.063],[-90.619,38.0665],[-90.6247,38.0721],[-90.6257,38.0758],[-90.6253,38.0796],[-90.6232,38.0839],[-90.6175,38.0909],[-90.6157,38.0923],[-90.608,38.0963],[-90.5966,38.1022],[-90.5876,38.1059],[-90.5774,38.1059],[-90.5727,38.1067],[-90.5682,38.1089],[-90.5644,38.1125],[-90.5627,38.1178],[-90.5619,38.1219],[-90.5584,38.1262],[-90.5565,38.1311],[-90.5512,38.1454],[-90.5508,38.1494],[-90.5508,38.1514],[-90.5504,38.1532],[-90.5494,38.1549],[-90.5458,38.1574],[-90.5405,38.1603],[-90.5382,38.1623],[-90.5365,38.1653],[-90.5352,38.1704],[-90.5267,38.1781],[-90.5223,38.1799],[-90.5134,38.1802],[-90.5099,38.1812],[-90.5073,38.1834],[-90.5053,38.1879],[-90.5038,38.1899],[-90.5016,38.1915],[-90.4987,38.1926],[-90.4934,38.1946],[-90.4812,38.1993],[-90.4795,38.2006],[-90.4783,38.2028],[-90.477,38.2062],[-90.4743,38.2085],[-90.4594,38.2128],[-90.4442,38.2171],[-90.4367,38.2212],[-90.4342,38.2238],[-90.4316,38.2289],[-90.4269,38.2331],[-90.4261,38.2349],[-90.4264,38.2368],[-90.4313,38.2443],[-90.4318,38.247],[-90.4241,38.2663],[-90.4197,38.2761],[-90.4178,38.2777],[-90.4134,38.2796],[-90.4039,38.2834],[-90.3883,38.2853],[-90.3818,38.2862],[-90.38,38.2872],[-90.3781,38.2892],[-90.3773,38.291],[-90.3773,38.2944],[-90.375,38.3062],[-90.3761,38.3189],[-90.3748,38.3274],[-90.3758,38.3323],[-90.3753,38.3342],[-90.374,38.3365],[-90.3708,38.3431],[-90.3698,38.3469],[-90.3666,38.3507],[-90.3649,38.3545],[-90.3614,38.3595],[-90.3613,38.3614],[-90.3625,38.3661],[-90.3602,38.3722],[-90.3614,38.3781],[-90.3608,38.3812],[-90.359,38.3861],[-90.3561,38.3895],[-90.3547,38.3922],[-90.3529,38.3943],[-90.3449,38.3974],[-90.3348,38.4008],[-90.3311,38.4023],[-90.3268,38.4056],[-90.3195,38.4135],[-90.3119,38.4206],[-90.3097,38.4235],[-90.2926,38.4523],[-90.2874,38.462],[-90.2857,38.4656],[-90.2831,38.4744],[-90.2831,38.4777],[-90.2825,38.4807],[-90.2794,38.4864],[-90.2752,38.5045],[-90.2716,38.5122],[-90.2704,38.5162],[-90.2699,38.5248],[-90.2699,38.5268],[-90.2698,38.5278],[-90.2697,38.5282],[-90.2696,38.5287],[-90.2695,38.5291],[-90.2693,38.5295],[-90.2656,38.5329],[-90.2652,38.5332],[-90.2649,38.5333],[-90.2641,38.5338],[-90.2638,38.534],[-90.2632,38.5344],[-90.2628,38.5347],[-90.259,38.538],[-90.2573,38.5403],[-90.2576,38.5419],[-90.2598,38.5435],[-90.2653,38.5472],[-90.267,38.5488],[-90.2668,38.5498],[-90.2657,38.5508],[-90.26,38.5569],[-90.2603,38.5667],[-90.2559,38.5755],[-90.2558,38.5771],[-90.2568,38.5806],[-90.2594,38.585],[-90.2597,38.5898],[-90.2615,38.5958],[-90.267,38.6001],[-90.2744,38.6029],[-90.2751,38.6037],[-90.2753,38.6049],[-90.2742,38.6102],[-90.2727,38.6123],[-90.2633,38.6176],[-90.2593,38.6209],[-90.2573,38.6217],[-90.2538,38.622],[-90.2473,38.6242],[-90.2427,38.6271],[-90.2412,38.6284],[-90.2409,38.6286],[-90.2392,38.6295],[-90.2367,38.6296]]}},{"type":"Feature","properties":{"n":1,"a":"amtrak"},"geometry":{"type":"LineString","coordinates":[[-94.5125,39.1053],[-94.5061,39.1086],[-94.4983,39.1108],[-94.4933,39.1115],[-94.4843,39.1138],[-94.4776,39.1136],[-94.4698,39.1147],[-94.4644,39.1167],[-94.4616,39.1179],[-94.4578,39.1205],[-94.4486,39.1239],[-94.4443,39.1252],[-94.4384,39.1271],[-94.4338,39.1301],[-94.4258,39.1359],[-94.4193,39.1431],[-94.4097,39.1523],[-94.4047,39.1544],[-94.3975,39.1552],[-94.3839,39.1566],[-94.3735,39.1565],[-94.369,39.1573],[-94.3663,39.1588],[-94.3618,39.1632],[-94.3545,39.1681],[-94.3483,39.1705],[-94.3215,39.1785],[-94.3028,39.186],[-94.2806,39.1948],[-94.2575,39.2029],[-94.2533,39.2035],[-94.2438,39.203],[-94.2345,39.2035],[-94.2243,39.2057],[-94.2196,39.2051],[-94.2161,39.2034],[-94.2077,39.1958],[-94.2018,39.1894],[-94.198,39.1867],[-94.1952,39.1844],[-94.1911,39.1785],[-94.1875,39.1766],[-94.1851,39.1758],[-94.183,39.1758],[-94.1812,39.1768],[-94.18,39.1788],[-94.1748,39.188],[-94.1732,39.1891],[-94.1713,39.1893],[-94.1104,39.1933],[-94.0628,39.1963],[-94.06,39.1959],[-94.0539,39.1932],[-94.0458,39.1923],[-94.0417,39.1918],[-94.0346,39.1914],[-94.0273,39.193],[-94.0222,39.1966],[-94.0057,39.2064],[-93.9939,39.2112],[-93.9641,39.2219],[-93.9346,39.2325],[-93.9308,39.2338],[-93.9178,39.2385],[-93.8385,39.269]]}},{"type":"Feature","properties":{"n":1,"a":"amtrak"},"geometry":{"type":"LineString","coordinates":[[-105.0007,39.7536],[-104.9954,39.7575],[-104.995,39.7578],[-104.9931,39.7605],[-104.993,39.7634],[-104.9929,39.7641],[-104.9928,39.7644],[-104.9927,39.7649]]}},{"type":"Feature","properties":{"n":1,"a":"amtrak"},"geometry":{"type":"LineString","coordinates":[[-107.0564,39.6453],[-107.0612,39.6546],[-107.063,39.6555],[-107.0683,39.6566],[-107.07,39.6584],[-107.0702,39.6625],[-107.0663,39.6666],[-107.0654,39.6726],[-107.0667,39.6766],[-107.0711,39.6806],[-107.072,39.6824],[-107.0706,39.6924],[-107.0714,39.6971],[-107.0694,39.6988],[-107.0582,39.702],[-107.0562,39.7019],[-107.0513,39.7003],[-107.0493,39.7003],[-107.0472,39.701],[-107.0452,39.703],[-107.0447,39.7074],[-107.0432,39.7095],[-107.0358,39.7129],[-107.0344,39.7146],[-107.0332,39.7178],[-107.032,39.7189],[-107.0243,39.7216],[-107.022,39.7231],[-107.0209,39.7251],[-107.0173,39.7403],[-107.0176,39.7436],[-107.0192,39.7477],[-107.019,39.7497],[-107.0181,39.7509],[-107.0118,39.7565],[-106.999,39.7755],[-106.9928,39.7843],[-106.9899,39.7856],[-106.9806,39.7871],[-106.9792,39.7884],[-106.9777,39.7925],[-106.972,39.7952],[-106.9714,39.7963],[-106.9714,39.7974],[-106.973,39.8005],[-106.9731,39.8017],[-106.9714,39.8044],[-106.9672,39.8086],[-106.9606,39.8092],[-106.9585,39.8109],[-106.9586,39.8126],[-106.9621,39.8166],[-106.9625,39.8183],[-106.9614,39.8197],[-106.9579,39.8211],[-106.9567,39.8221],[-106.9559,39.8274],[-106.955,39.8292],[-106.9525,39.831],[-106.946,39.8331],[-106.9439,39.8385],[-106.9378,39.8435],[-106.9354,39.8469],[-106.9291,39.8496],[-106.9262,39.8543],[-106.922,39.8571],[-106.9155,39.8597],[-106.9096,39.8632],[-106.9059,39.8647],[-106.905,39.8657],[-106.9036,39.8692],[-106.8954,39.874],[-106.8928,39.8746],[-106.8881,39.874],[-106.8809,39.8756],[-106.8796,39.8772],[-106.8797,39.8808],[-106.8779,39.8823],[-106.8759,39.8826],[-106.8685,39.8821],[-106.8636,39.8804],[-106.8605,39.8769],[-106.8577,39.8768],[-106.8568,39.8775],[-106.8563,39.8786],[-106.8565,39.8857],[-106.8519,39.8945],[-106.8503,39.8961],[-106.8482,39.897],[-106.8459,39.8972],[-106.843,39.8966],[-106.8377,39.8921],[-106.835,39.8913],[-106.8224,39.8926],[-106.8185,39.8948],[-106.8128,39.8954],[-106.81,39.8982],[-106.8084,39.8988],[-106.8063,39.8987],[-106.8026,39.897],[-106.8001,39.8973],[-106.7873,39.9042],[-106.7865,39.9058],[-106.7861,39.9126],[-106.7843,39.9144],[-106.7819,39.915],[-106.7788,39.9141],[-106.77,39.9062],[-106.7676,39.9051],[-106.7652,39.9052],[-106.759,39.9071],[-106.7574,39.9067],[-106.7541,39.9049],[-106.7517,39.9047],[-106.7414,39.9091],[-106.7393,39.9094],[-106.7368,39.9085],[-106.7333,39.904],[-106.7298,39.9023],[-106.7263,39.9021],[-106.719,39.9042],[-106.716,39.904],[-106.7137,39.9025],[-106.7107,39.8972],[-106.7042,39.8907],[-106.7012,39.8871],[-106.6965,39.8833],[-106.6921,39.8779],[-106.6896,39.8741],[-106.6893,39.8694],[-106.6883,39.8685],[-106.6855,39.8679],[-106.6827,39.8674],[-106.6807,39.8656],[-106.6786,39.8601],[-106.6779,39.8593],[-106.6714,39.8577],[-106.666,39.8552],[-106.6605,39.8551],[-106.6582,39.855],[-106.6532,39.8558],[-106.6499,39.8583],[-106.6486,39.8587],[-106.6472,39.8584],[-106.644,39.8557],[-106.6419,39.856],[-106.6386,39.8618],[-106.6387,39.8631],[-106.6406,39.8657],[-106.639,39.8702],[-106.6343,39.8741],[-106.6317,39.879],[-106.6266,39.8831],[-106.6239,39.8863],[-106.6195,39.8894],[-106.6161,39.8919],[-106.6113,39.8938],[-106.6109,39.8953],[-106.6125,39.8973],[-106.6125,39.8986],[-106.6119,39.8998],[-106.6097,39.9019],[-106.61,39.905],[-106.6073,39.9081],[-106.605,39.909],[-106.6005,39.9095],[-106.599,39.9123],[-106.5965,39.9137],[-106.5843,39.9132],[-106.5823,39.9137],[-106.5803,39.9149],[-106.5793,39.9164],[-106.579,39.918],[-106.5796,39.9248],[-106.579,39.9288],[-106.5773,39.9319],[-106.5767,39.9348],[-106.5759,39.9365],[-106.5743,39.9381],[-106.5731,39.9406],[-106.5713,39.9425],[-106.5694,39.9434],[-106.5659,39.944],[-106.5621,39.9432],[-106.5603,39.9438],[-106.5578,39.947],[-106.5592,39.9508],[-106.5579,39.9536],[-106.5565,39.9542],[-106.5533,39.9547],[-106.5506,39.9551],[-106.5498,39.9558],[-106.5508,39.96],[-106.5497,39.9615],[-106.5454,39.9612],[-106.5422,39.9603],[-106.5412,39.9609],[-106.5404,39.9633],[-106.5375,39.9647],[-106.5327,39.9683],[-106.5283,39.9681],[-106.5253,39.9673],[-106.5203,39.9689],[-106.5198,39.97],[-106.5199,39.9716],[-106.5223,39.9753],[-106.5223,39.9778],[-106.5205,39.9799],[-106.5198,39.982],[-106.5166,39.984],[-106.5159,39.9862],[-106.5163,39.9883],[-106.5145,39.9899],[-106.5139,39.992],[-106.5096,39.9946],[-106.506,39.9966],[-106.5035,39.9993],[-106.5023,39.9999],[-106.4921,40.0022],[-106.4893,40.0053],[-106.4887,40.0088],[-106.4863,40.011],[-106.4823,40.0125],[-106.4799,40.015],[-106.4762,40.017],[-106.4729,40.0173],[-106.4703,40.0184],[-106.4654,40.0193],[-106.4619,40.0221],[-106.4559,40.0252],[-106.4541,40.028],[-106.4512,40.0302],[-106.4404,40.0366],[-106.4372,40.0381],[-106.4357,40.0403],[-106.4337,40.0417],[-106.4315,40.0448],[-106.4294,40.0467],[-106.4264,40.0481],[-106.4223,40.0493],[-106.3981,40.0557],[-106.3946,40.0554],[-106.3898,40.0531],[-106.3864,40.0517],[-106.3766,40.0506],[-106.371,40.05],[-106.3638,40.0491],[-106.3503,40.0478],[-106.3421,40.051],[-106.3341,40.0518],[-106.3054,40.0584],[-106.2877,40.0625],[-106.2838,40.0639],[-106.275,40.0676],[-106.2715,40.0683],[-106.266,40.0681],[-106.2562,40.0664],[-106.2497,40.0646],[-106.2454,40.0641],[-106.239,40.0647],[-106.228,40.0681],[-106.2215,40.0681],[-106.1997,40.0667],[-106.1942,40.066],[-106.1829,40.0639],[-106.179,40.0626],[-106.1752,40.0593],[-106.1726,40.0543],[-106.1689,40.0523],[-106.1663,40.0519],[-106.1601,40.0524],[-106.1547,40.0515],[-106.1359,40.0509],[-106.1347,40.0514],[-106.1342,40.0525],[-106.1347,40.0539],[-106.1369,40.0566],[-106.1367,40.0582],[-106.134,40.0606],[-106.1307,40.0616],[-106.129,40.0628],[-106.1253,40.0628],[-106.1218,40.0656],[-106.1178,40.0656],[-106.1139,40.0682],[-106.112,40.073],[-106.1105,40.0746],[-106.1012,40.0817],[-106.0863,40.0851],[-106.0826,40.0856],[-106.0782,40.0854],[-106.0711,40.0851],[-106.061,40.0881],[-106.0561,40.0912],[-106.0536,40.0922],[-106.0424,40.0935],[-106.0385,40.0951],[-106.0332,40.0955],[-106.0216,40.1033],[-106.0001,40.1087],[-105.9969,40.1079],[-105.9524,40.0872],[-105.9483,40.0857],[-105.9439,40.0849],[-105.9352,40.084],[-105.929,40.0834],[-105.9284,40.0833],[-105.9104,40.0814],[-105.9018,40.0803],[-105.8969,40.078],[-105.8937,40.0755],[-105.8885,40.0744],[-105.8867,40.0726],[-105.8843,40.0674],[-105.8792,40.0652],[-105.8782,40.062],[-105.8776,40.0551],[-105.8797,40.0521],[-105.8828,40.0505],[-105.8847,40.0485],[-105.885,40.0476],[-105.8839,40.0452],[-105.8836,40.0416],[-105.8811,40.0385],[-105.8805,40.0362],[-105.8786,40.0344],[-105.8782,40.03],[-105.8753,40.0277],[-105.8718,40.0268],[-105.8713,40.026],[-105.8712,40.0243],[-105.8703,40.0234],[-105.8662,40.0229],[-105.8638,40.0212],[-105.8631,40.0201],[-105.8633,40.0177],[-105.8628,40.0164],[-105.8599,40.0146],[-105.858,40.0123],[-105.8536,40.0111],[-105.8503,40.0097],[-105.8485,40.0061],[-105.8461,40.0011],[-105.8389,39.9961],[-105.8334,39.9925],[-105.8322,39.9903],[-105.8314,39.9878],[-105.8208,39.9568],[-105.8177,39.9475],[-105.816,39.9427],[-105.8151,39.9412],[-105.8121,39.9402],[-105.811,39.9394],[-105.8108,39.9383],[-105.8114,39.9362],[-105.8106,39.9349],[-105.8087,39.9344],[-105.8056,39.9355],[-105.8037,39.9353],[-105.8001,39.9317],[-105.796,39.9293],[-105.7946,39.9265],[-105.7895,39.9243],[-105.7879,39.9191],[-105.7884,39.9179],[-105.79,39.916],[-105.79,39.9146],[-105.7829,39.9099],[-105.7814,39.9078],[-105.7811,39.9053],[-105.7799,39.9015],[-105.7776,39.8983],[-105.7762,39.8972],[-105.7711,39.895],[-105.7676,39.8923],[-105.7653,39.8894],[-105.7635,39.8877],[-105.7612,39.8874],[-105.6948,39.8959],[-105.6472,39.902],[-105.6363,39.9034],[-105.6336,39.9032],[-105.6318,39.903],[-105.6253,39.9038],[-105.6208,39.9029],[-105.6159,39.9035],[-105.6144,39.9027],[-105.6138,39.9004],[-105.6122,39.8995],[-105.6028,39.9008],[-105.5967,39.9022],[-105.5852,39.9075],[-105.5697,39.9078],[-105.5594,39.908],[-105.5576,39.9088],[-105.5527,39.9127],[-105.5507,39.9134],[-105.5431,39.9139],[-105.5382,39.9153],[-105.5332,39.9139],[-105.5311,39.9138],[-105.5271,39.9152],[-105.5225,39.9156],[-105.5187,39.9169],[-105.516,39.9175],[-105.5039,39.9169],[-105.5009,39.9159],[-105.4991,39.9148],[-105.497,39.9144],[-105.4893,39.913],[-105.4864,39.9122],[-105.4835,39.9122],[-105.4806,39.9099],[-105.4774,39.9104],[-105.4757,39.9134],[-105.4732,39.9155],[-105.4638,39.9201],[-105.4573,39.927],[-105.4538,39.9328],[-105.4489,39.9353],[-105.4427,39.9376],[-105.4402,39.9377],[-105.4383,39.9372],[-105.4304,39.9323],[-105.4276,39.9316],[-105.4259,39.9317],[-105.4227,39.9319],[-105.4212,39.931],[-105.4208,39.9289],[-105.4192,39.9283],[-105.4181,39.9286],[-105.4169,39.9303],[-105.4139,39.932],[-105.4068,39.9305],[-105.403,39.9317],[-105.4008,39.9336],[-105.398,39.933],[-105.3964,39.9327],[-105.3932,39.9335],[-105.3909,39.9329],[-105.3877,39.9329],[-105.3836,39.9311],[-105.3808,39.9313],[-105.3757,39.9299],[-105.3697,39.9256],[-105.3649,39.9243],[-105.3611,39.9249],[-105.3555,39.9236],[-105.3512,39.9238],[-105.35,39.9246],[-105.3491,39.9291],[-105.3482,39.9301],[-105.3459,39.9304],[-105.343,39.9285],[-105.3373,39.9224],[-105.3312,39.9212],[-105.3284,39.9216],[-105.323,39.9205],[-105.3145,39.9138],[-105.3117,39.9125],[-105.3113,39.9113],[-105.3118,39.9092],[-105.3111,39.9084],[-105.3098,39.9082],[-105.3087,39.9086],[-105.3078,39.9098],[-105.3071,39.9138],[-105.3064,39.915],[-105.3036,39.916],[-105.3018,39.9184],[-105.2926,39.9207],[-105.2901,39.9224],[-105.2864,39.9239],[-105.2847,39.9232],[-105.2826,39.9186],[-105.2827,39.9175],[-105.2842,39.9156],[-105.2831,39.9136],[-105.2815,39.9115],[-105.2818,39.9105],[-105.284,39.9087],[-105.2845,39.9076],[-105.2842,39.9067],[-105.2824,39.905],[-105.2829,39.9017],[-105.2816,39.8988],[-105.2778,39.8975],[-105.2766,39.8942],[-105.2739,39.8854],[-105.2754,39.8829],[-105.2753,39.8802],[-105.2773,39.8792],[-105.2821,39.8799],[-105.2835,39.8791],[-105.2837,39.8779],[-105.2827,39.877],[-105.2794,39.8762],[-105.277,39.8732],[-105.2721,39.8732],[-105.2701,39.8723],[-105.2689,39.8709],[-105.2667,39.8663],[-105.2666,39.8648],[-105.2636,39.8582],[-105.2594,39.8528],[-105.2578,39.8518],[-105.2508,39.8527],[-105.2496,39.8534],[-105.2493,39.8544],[-105.2501,39.8554],[-105.2514,39.8558],[-105.2555,39.854],[-105.2578,39.8545],[-105.2592,39.8562],[-105.2602,39.8584],[-105.2604,39.8619],[-105.2599,39.863],[-105.2581,39.8635],[-105.2546,39.8619],[-105.2475,39.8611],[-105.2398,39.8602],[-105.2362,39.8591],[-105.2346,39.8593],[-105.2307,39.861],[-105.2277,39.8615],[-105.2141,39.86],[-105.2052,39.8602],[-105.2018,39.8595],[-105.194,39.8574],[-105.1702,39.8481],[-105.1654,39.8473],[-105.1445,39.8456],[-105.1396,39.8437],[-105.1049,39.8198],[-105.1035,39.8182],[-105.1013,39.8138],[-105.0997,39.8124],[-105.0978,39.8115],[-105.0673,39.8039],[-105.0596,39.8021],[-105.0529,39.8027],[-105.0424,39.8047],[-105.0303,39.8041],[-105.0297,39.8041],[-105.0231,39.8037],[-105.0123,39.8029],[-105.0062,39.8032],[-105.0022,39.803],[-104.9996,39.8011],[-104.9992,39.8002],[-104.9991,39.7999],[-104.9985,39.7981],[-104.9983,39.7974],[-104.9978,39.7963],[-104.9979,39.791],[-104.9979,39.7841],[-104.9976,39.7712],[-104.9974,39.7655],[-104.9975,39.7651],[-104.9973,39.7635],[-104.9963,39.7625],[-104.9945,39.7627],[-104.9937,39.7633],[-104.993,39.7641],[-104.9927,39.7649]]}},{"type":"Feature","properties":{"n":1,"a":"amtrak"},"geometry":{"type":"LineString","coordinates":[[-94.6073,39.0825],[-94.6044,39.0817],[-94.6013,39.0818],[-94.5962,39.0832]]}},{"type":"Feature","properties":{"n":1,"a":"amtrak"},"geometry":{"type":"LineString","coordinates":[[-90.1867,38.6533],[-90.187,38.654],[-90.1934,38.6665],[-90.195,38.6708],[-90.1943,38.6722],[-90.1928,38.6731],[-90.1864,38.6746],[-90.1783,38.6766],[-90.1726,38.6767],[-90.1658,38.6766],[-90.1625,38.6773],[-90.1609,38.6797],[-90.1589,38.6864],[-90.1589,38.6937],[-90.159,38.6972],[-90.159,38.6996],[-90.1578,38.7012],[-90.1574,38.7016],[-90.1558,38.7033],[-90.1252,38.7316],[-90.0901,38.7639],[-90.0886,38.7655],[-90.086,38.7699],[-90.0852,38.7734],[-90.0835,38.79],[-90.0911,38.8316],[-90.0922,38.8373],[-90.0943,38.842],[-90.1029,38.859],[-90.1085,38.8697],[-90.1127,38.8778],[-90.1195,38.8912],[-90.1218,38.8945],[-90.1263,38.8987],[-90.1361,38.9048],[-90.1462,38.9144],[-90.1499,38.917],[-90.1571,38.9213],[-90.1605,38.9234],[-90.1626,38.9253],[-90.166,38.9317],[-90.1718,38.9394],[-90.1809,38.9458],[-90.1854,38.9504],[-90.1868,38.9526],[-90.1871,38.9549],[-90.1866,38.9569],[-90.1809,38.9774],[-90.1711,38.9947],[-90.1684,38.9994],[-90.164,39.0073],[-90.1603,39.0205],[-90.159,39.0234],[-90.1557,39.0272],[-90.1459,39.0351],[-90.1414,39.039],[-90.1041,39.0728],[-90.048,39.1149],[-90.0432,39.1191],[-90.0363,39.1278],[-90.0263,39.1405],[-90.0197,39.1471],[-89.9934,39.1576],[-89.9834,39.1614],[-89.981,39.1628],[-89.9787,39.165],[-89.9745,39.1707],[-89.9734,39.173],[-89.9717,39.1787],[-89.9645,39.1909],[-89.9626,39.2028],[-89.9616,39.206],[-89.9596,39.2096],[-89.957,39.2127],[-89.9513,39.2168],[-89.9434,39.22],[-89.9414,39.2213],[-89.9309,39.2334],[-89.9272,39.2411],[-89.9246,39.2434],[-89.9204,39.2456],[-89.9112,39.2501],[-89.9074,39.2533],[-89.8894,39.2793],[-89.8842,39.2868],[-89.8699,39.3077],[-89.8448,39.3442],[-89.8099,39.395],[-89.7951,39.4167],[-89.7914,39.4222],[-89.7792,39.4402],[-89.7772,39.4449],[-89.776,39.449],[-89.7708,39.4727],[-89.7688,39.4813],[-89.7647,39.5],[-89.7596,39.523],[-89.7563,39.5376],[-89.7451,39.5876],[-89.7437,39.5916],[-89.7406,39.5979],[-89.7259,39.6277],[-89.717,39.6462],[-89.7025,39.6763],[-89.6944,39.6931],[-89.6858,39.7088],[-89.6626,39.7502],[-89.6618,39.7516],[-89.6564,39.7616],[-89.6531,39.7708],[-89.6526,39.7731],[-89.6518,39.8023],[-89.6516,39.8089],[-89.6502,39.8126],[-89.6396,39.8247],[-89.6357,39.8289],[-89.6335,39.8313],[-89.6216,39.8444],[-89.6124,39.8547],[-89.6103,39.8584],[-89.6096,39.8618],[-89.6091,39.8821],[-89.6087,39.885],[-89.6068,39.8891],[-89.6007,39.8961],[-89.5492,39.9541],[-89.5273,39.9765],[-89.5186,39.9854],[-89.4971,40.0071],[-89.4787,40.0257],[-89.444,40.0667],[-89.4233,40.0912],[-89.3943,40.1254],[-89.3914,40.128],[-89.382,40.1338],[-89.3756,40.1377],[-89.3689,40.1434],[-89.3635,40.1481],[-89.3549,40.1555],[-89.3542,40.1561],[-89.3286,40.1781],[-89.3272,40.1793],[-89.2807,40.2194],[-89.2666,40.2316],[-89.2555,40.2467],[-89.2531,40.2492],[-89.2504,40.2511],[-89.2359,40.259],[-89.23,40.263],[-89.2083,40.2816],[-89.1759,40.3094],[-89.1419,40.3385],[-89.1126,40.3636],[-89.0624,40.4067],[-89.0404,40.4256],[-89.0372,40.4296],[-89.0083,40.479],[-89.0076,40.4801],[-89.0053,40.484],[-89.0049,40.4845],[-89.0038,40.4858],[-89.0029,40.4868],[-89.0014,40.489],[-88.9998,40.4933],[-88.9941,40.5024],[-88.9902,40.5054],[-88.9841,40.5086],[-88.9449,40.5338],[-88.8994,40.5633],[-88.8735,40.5801],[-88.7977,40.6328],[-88.7881,40.6409],[-88.7829,40.6454],[-88.7806,40.6482],[-88.7544,40.6906],[-88.7197,40.7466],[-88.7138,40.7562],[-88.6861,40.8008],[-88.6823,40.8069],[-88.6608,40.8413],[-88.6411,40.873],[-88.637,40.8794],[-88.6296,40.8908],[-88.6038,40.9186],[-88.601,40.9217],[-88.5854,40.9384],[-88.5273,41.0008],[-88.4821,41.0491],[-88.4278,41.0926],[-88.4199,41.0989],[-88.416,41.102],[-88.4053,41.1105],[-88.3822,41.129],[-88.3067,41.1891],[-88.283,41.2078],[-88.2533,41.2314],[-88.2453,41.2377],[-88.2313,41.2489],[-88.1739,41.2943],[-88.155,41.3091],[-88.1458,41.3131],[-88.1428,41.3163],[-88.1417,41.3208],[-88.137,41.3493],[-88.1339,41.3687],[-88.133,41.3715],[-88.1187,41.3907],[-88.1166,41.3934],[-88.11,41.4022],[-88.1087,41.4054],[-88.1069,41.4127],[-88.0935,41.4666],[-88.0895,41.4827],[-88.0874,41.4916],[-88.0881,41.4962],[-88.0876,41.4987],[-88.081,41.507],[-88.0796,41.5102],[-88.0793,41.5231],[-88.0791,41.5245]]}},{"type":"Feature","properties":{"n":1,"a":"amtrak"},"geometry":{"type":"LineString","coordinates":[[-94.6073,39.0821],[-94.6059,39.0817],[-94.6049,39.0815]]}},{"type":"Feature","properties":{"n":1,"a":"amtrak"},"geometry":{"type":"LineString","coordinates":[[-108.3163,39.1501],[-108.3152,39.1517],[-108.3138,39.1527],[-108.3126,39.1533],[-108.3116,39.1539]]}},{"type":"Feature","properties":{"n":1,"a":"amtrak"},"geometry":{"type":"LineString","coordinates":[[-94.5962,39.0832],[-94.5919,39.0842]]}},{"type":"Feature","properties":{"n":1,"a":"amtrak"},"geometry":{"type":"LineString","coordinates":[[-96.7157,40.8093],[-96.7181,40.8081],[-96.7203,40.8077],[-96.7173,40.8085],[-96.7153,40.8101],[-96.7157,40.8093]]}},{"type":"Feature","properties":{"n":1,"a":"amtrak"},"geometry":{"type":"LineString","coordinates":[[-90.1839,38.6494],[-90.1867,38.6533]]}},{"type":"Feature","properties":{"n":1,"a":"amtrak"},"geometry":{"type":"LineString","coordinates":[[-70.281,43.6546],[-70.2852,43.6622],[-70.2852,43.6728],[-70.2888,43.6842],[-70.2896,43.6862],[-70.2912,43.6875],[-70.2936,43.6897],[-70.3032,43.7078],[-70.304,43.7103],[-70.3035,43.7135],[-70.2956,43.7304],[-70.2868,43.742],[-70.2742,43.7519],[-70.2549,43.7751],[-70.2397,43.7871],[-70.2295,43.795],[-70.2237,43.7985],[-70.2088,43.8071],[-70.2042,43.8091],[-70.1949,43.8131],[-70.1939,43.8136],[-70.1932,43.8139],[-70.1885,43.8159],[-70.1576,43.8317],[-70.1442,43.8355],[-70.1351,43.8435],[-70.1222,43.8503],[-70.1046,43.8539],[-70.102,43.8552],[-70.0998,43.8577],[-70.0888,43.8717],[-70.0844,43.8738],[-70.0766,43.8759],[-70.0706,43.879],[-70.0653,43.8833],[-70.0618,43.8903],[-70.0606,43.8917],[-70.0581,43.8935],[-70.0534,43.8958],[-70.0479,43.9008],[-70.0439,43.9034],[-70.0409,43.9052],[-70.0353,43.9076],[-70.0304,43.9093],[-70.0256,43.9101],[-69.9959,43.9104],[-69.9889,43.9105],[-69.9819,43.9105],[-69.973,43.9107],[-69.9682,43.9112],[-69.9632,43.912],[-69.9599,43.9124],[-69.9578,43.9122],[-69.9512,43.9099],[-69.9474,43.9091],[-69.9292,43.9069],[-69.9222,43.9072]]}},{"type":"Feature","properties":{"n":1,"a":"amtrak"},"geometry":{"type":"LineString","coordinates":[[-71.0863,42.7736],[-71.087,42.7769],[-71.0884,42.7801],[-71.095,42.7914],[-71.0969,42.7929],[-71.1053,42.7981],[-71.1074,42.8],[-71.1122,42.8065],[-71.1129,42.8082],[-71.113,42.8103],[-71.1129,42.8124],[-71.1137,42.8172],[-71.1139,42.8228],[-71.1127,42.8255],[-71.1097,42.8276],[-71.1071,42.8291],[-71.0978,42.8374],[-71.0884,42.8458],[-71.066,42.8707],[-71.0637,42.8732],[-71.0457,42.8931],[-71.0248,42.9105],[-71.0195,42.9158],[-71.0117,42.9213],[-71.0048,42.9274],[-70.9963,42.9408],[-70.9913,42.9458],[-70.9898,42.9508],[-70.9884,42.9531],[-70.9755,42.964],[-70.9593,42.9804],[-70.9458,42.9968],[-70.9443,42.9993],[-70.9373,43.021],[-70.9382,43.0327],[-70.936,43.0397],[-70.9352,43.0486],[-70.9351,43.0503],[-70.9348,43.0577],[-70.9382,43.073],[-70.939,43.075],[-70.943,43.0808],[-70.9445,43.087],[-70.9448,43.0885],[-70.9447,43.092],[-70.9395,43.1043],[-70.9394,43.1068],[-70.941,43.1207],[-70.9362,43.1398],[-70.9334,43.1514],[-70.9282,43.1658],[-70.9266,43.1682],[-70.924,43.1709],[-70.9179,43.1748],[-70.8813,43.1968],[-70.8768,43.1986],[-70.872,43.2004],[-70.8683,43.2029],[-70.8636,43.2083],[-70.8523,43.2229],[-70.8483,43.2259],[-70.8426,43.2283],[-70.8381,43.23],[-70.8179,43.2378],[-70.8137,43.2398],[-70.8091,43.2443],[-70.7846,43.2622],[-70.7611,43.2806],[-70.7437,43.2931],[-70.7326,43.3035],[-70.7284,43.3061],[-70.6924,43.3156],[-70.6547,43.3154],[-70.6095,43.3209],[-70.597,43.3224],[-70.5919,43.3242],[-70.5835,43.3294],[-70.5702,43.3374],[-70.5639,43.3429],[-70.5277,43.3843],[-70.5023,43.4132],[-70.5003,43.4163],[-70.4968,43.4246],[-70.4934,43.4453],[-70.4947,43.4653],[-70.4944,43.468],[-70.492,43.4717],[-70.483,43.4801],[-70.4752,43.4883],[-70.4716,43.4916],[-70.4679,43.4934],[-70.463,43.4956],[-70.4624,43.4959],[-70.4567,43.4967],[-70.4436,43.4962],[-70.437,43.4975],[-70.4303,43.5003],[-70.4263,43.5013],[-70.3863,43.507],[-70.3829,43.5081],[-70.3797,43.5101],[-70.3748,43.516],[-70.3575,43.5376],[-70.3328,43.5686],[-70.3226,43.578],[-70.3053,43.5941],[-70.3032,43.5977],[-70.3019,43.6031],[-70.3008,43.6089],[-70.3003,43.6143],[-70.2967,43.6261]]}},{"type":"Feature","properties":{"n":1,"a":"amtrak"},"geometry":{"type":"LineString","coordinates":[[-72.6147,42.1468],[-72.6111,42.1748],[-72.6068,42.1842],[-72.6013,42.1898],[-72.5999,42.1917],[-72.5998,42.1935],[-72.6017,42.1971],[-72.6037,42.1995],[-72.6038,42.2012],[-72.6014,42.2055],[-72.6013,42.2077],[-72.6021,42.2093],[-72.6052,42.2125],[-72.6121,42.2129],[-72.6151,42.2143],[-72.6162,42.2163],[-72.6164,42.2178],[-72.6158,42.2213],[-72.6167,42.2241],[-72.6195,42.2269],[-72.6245,42.2291],[-72.6258,42.2311],[-72.6259,42.2334],[-72.6251,42.2367],[-72.619,42.2494],[-72.6139,42.2576],[-72.6083,42.2624],[-72.6037,42.271],[-72.6036,42.2727],[-72.6056,42.2789],[-72.607,42.2807],[-72.6092,42.2821],[-72.6147,42.2854],[-72.6168,42.2872],[-72.6184,42.2917],[-72.6208,42.2994],[-72.6219,42.3044],[-72.6244,42.3159],[-72.626,42.3186],[-72.6277,42.32],[-72.6294,42.3212],[-72.6309,42.3231],[-72.632,42.3277],[-72.6334,42.3341],[-72.6413,42.3441],[-72.6419,42.3462],[-72.6413,42.348],[-72.6366,42.3543],[-72.6323,42.3703],[-72.6211,42.4114],[-72.62,42.4153],[-72.6161,42.4412],[-72.6107,42.4775],[-72.608,42.4959],[-72.6014,42.519],[-72.6,42.5414],[-72.5994,42.5476],[-72.598,42.551],[-72.5969,42.5562],[-72.5928,42.5626],[-72.5912,42.5666],[-72.5909,42.5687],[-72.5919,42.5715],[-72.5937,42.574],[-72.5984,42.5821],[-72.6038,42.5893],[-72.6045,42.5912],[-72.6063,42.604],[-72.6061,42.6063],[-72.6049,42.6091],[-72.5955,42.6242],[-72.5919,42.6266],[-72.5525,42.6658],[-72.5505,42.6671],[-72.5477,42.6679],[-72.5174,42.6664],[-72.5139,42.6667],[-72.5113,42.6676],[-72.5086,42.6695],[-72.505,42.6736],[-72.503,42.6774],[-72.5011,42.679],[-72.4916,42.6838],[-72.4873,42.6872],[-72.4811,42.6884],[-72.4792,42.6893],[-72.4777,42.6909],[-72.4755,42.6945],[-72.4727,42.7042],[-72.4616,42.7215],[-72.4612,42.7249],[-72.4616,42.7259],[-72.4622,42.7269],[-72.4651,42.7314],[-72.472,42.741],[-72.4818,42.7517],[-72.4852,42.7543],[-72.4899,42.7565],[-72.5045,42.7611],[-72.513,42.7614],[-72.5158,42.7626],[-72.5176,42.7647],[-72.5201,42.7705],[-72.5245,42.7838],[-72.5276,42.7887],[-72.5326,42.7939],[-72.5361,42.8008],[-72.543,42.8089],[-72.5485,42.8336],[-72.5489,42.8357],[-72.5492,42.8383],[-72.5501,42.8427],[-72.5513,42.8444],[-72.5536,42.8466],[-72.5564,42.8509],[-72.5575,42.8526],[-72.5576,42.8537],[-72.555,42.8588],[-72.5544,42.8609],[-72.5556,42.8673],[-72.5554,42.8728],[-72.5562,42.8775],[-72.5546,42.8836],[-72.5525,42.8859],[-72.5388,42.8924],[-72.537,42.8938],[-72.536,42.8957],[-72.5349,42.9004],[-72.5304,42.9115],[-72.5294,42.9128],[-72.5259,42.9146],[-72.5249,42.9161],[-72.5252,42.9207],[-72.5277,42.9295],[-72.5267,42.9371],[-72.5274,42.9421],[-72.5287,42.9445],[-72.5342,42.9482],[-72.5349,42.95],[-72.5344,42.9518],[-72.5318,42.9557],[-72.5302,42.9571],[-72.5202,42.963],[-72.5173,42.9639],[-72.4987,42.9679],[-72.4903,42.9701],[-72.4858,42.9729],[-72.4782,42.9761],[-72.4716,42.98],[-72.4688,42.9834],[-72.467,42.9899],[-72.4638,42.9962],[-72.4598,43.0007],[-72.4558,43.0108],[-72.4554,43.0143],[-72.4561,43.0161],[-72.4586,43.0186],[-72.4634,43.0267],[-72.464,43.03],[-72.4635,43.0422],[-72.4642,43.0439],[-72.4671,43.0478],[-72.4685,43.0526],[-72.4686,43.0545],[-72.4671,43.0566],[-72.4527,43.0667],[-72.4488,43.0722],[-72.44,43.0829],[-72.4386,43.086],[-72.4388,43.0903],[-72.4435,43.1006],[-72.4437,43.1029],[-72.4427,43.105],[-72.4337,43.1169],[-72.4332,43.1187],[-72.4341,43.121],[-72.4384,43.1247],[-72.4424,43.1279],[-72.4439,43.1298],[-72.4436,43.133],[-72.444,43.1354],[-72.4448,43.1363],[-72.4462,43.1375],[-72.4473,43.139],[-72.4484,43.1415],[-72.4493,43.1457],[-72.4485,43.151],[-72.4478,43.1545],[-72.446,43.1581],[-72.4458,43.1609],[-72.4436,43.1686],[-72.4425,43.175],[-72.439,43.1838],[-72.4376,43.1977],[-72.4361,43.2003],[-72.4322,43.2041],[-72.4307,43.2063],[-72.4284,43.2136],[-72.4256,43.2181],[-72.4227,43.2247],[-72.4229,43.2267],[-72.4256,43.2314],[-72.4265,43.2347],[-72.425,43.2508],[-72.4245,43.2533],[-72.4237,43.2549],[-72.4058,43.2794],[-72.4049,43.2818],[-72.4047,43.2855],[-72.4033,43.2882],[-72.4015,43.2898],[-72.3976,43.2913],[-72.3958,43.2925],[-72.3907,43.2988],[-72.3818,43.3075],[-72.3776,43.3283],[-72.3781,43.3319],[-72.3817,43.3408],[-72.3836,43.3461],[-72.3838,43.35],[-72.3832,43.3526],[-72.3781,43.3637],[-72.3778,43.37],[-72.3778,43.3774],[-72.3782,43.379],[-72.3865,43.3904],[-72.3885,43.3999],[-72.3926,43.4098],[-72.3912,43.4385],[-72.387,43.452],[-72.3885,43.4593],[-72.3881,43.4679],[-72.3891,43.4705],[-72.3891,43.4729],[-72.386,43.4765],[-72.3849,43.4794],[-72.3839,43.4868],[-72.3843,43.4898],[-72.3899,43.4997],[-72.3914,43.504],[-72.3927,43.5054],[-72.3994,43.51],[-72.4005,43.5117],[-72.4011,43.5142],[-72.4007,43.5166],[-72.3958,43.5256],[-72.3948,43.5285],[-72.3899,43.5339],[-72.388,43.5373],[-72.3841,43.5473],[-72.3844,43.5731],[-72.3837,43.5757],[-72.3823,43.5779],[-72.3769,43.5826],[-72.3735,43.5847],[-72.3601,43.5883],[-72.3472,43.5926],[-72.3412,43.5939],[-72.3287,43.602],[-72.3282,43.6034],[-72.3288,43.6071],[-72.3298,43.6083],[-72.3337,43.6105],[-72.336,43.6168],[-72.3358,43.6181],[-72.334,43.6218],[-72.3309,43.632],[-72.33,43.635],[-72.3287,43.6367],[-72.3199,43.641],[-72.3179,43.6428],[-72.3173,43.644],[-72.3174,43.6471],[-72.3194,43.6495],[-72.3355,43.6567],[-72.3393,43.6583],[-72.3425,43.6589],[-72.3461,43.6596],[-72.3612,43.6652],[-72.3741,43.6671],[-72.3781,43.6682],[-72.3822,43.67],[-72.3919,43.6764],[-72.3939,43.6785],[-72.3953,43.6832],[-72.3976,43.686],[-72.4016,43.6941],[-72.4042,43.6976],[-72.4057,43.7016],[-72.408,43.7034],[-72.4123,43.7046],[-72.4142,43.7058],[-72.4152,43.7073],[-72.4157,43.71],[-72.4178,43.7198],[-72.4197,43.7218],[-72.4227,43.7229],[-72.4298,43.7245],[-72.4315,43.7254],[-72.433,43.7269],[-72.4338,43.7287],[-72.4342,43.7341],[-72.4354,43.7375],[-72.4435,43.7474],[-72.4516,43.7609],[-72.4521,43.7637],[-72.4512,43.767],[-72.4512,43.7723],[-72.449,43.7762],[-72.4489,43.7779],[-72.4507,43.7805],[-72.4545,43.782],[-72.4582,43.7817],[-72.465,43.7786],[-72.4695,43.7784],[-72.4721,43.7793],[-72.4806,43.7844],[-72.4875,43.7866],[-72.4901,43.7879],[-72.4969,43.7924],[-72.5018,43.7949],[-72.5038,43.7964],[-72.5048,43.7983],[-72.5048,43.8017],[-72.5052,43.8032],[-72.5105,43.8093],[-72.5155,43.8146],[-72.5246,43.8216],[-72.528,43.8233],[-72.534,43.8245],[-72.5363,43.8244],[-72.5434,43.8214],[-72.5465,43.8167],[-72.548,43.8154],[-72.5503,43.8147],[-72.5551,43.8145],[-72.5586,43.8151],[-72.5613,43.8166],[-72.5628,43.8184],[-72.5659,43.8246],[-72.5682,43.8264],[-72.5713,43.8274],[-72.5756,43.8273],[-72.5849,43.8242],[-72.6049,43.8208],[-72.6076,43.8211],[-72.6126,43.8234],[-72.6226,43.8243],[-72.6253,43.8246],[-72.6286,43.8259],[-72.6338,43.831],[-72.6352,43.8325],[-72.643,43.8373],[-72.6447,43.8403],[-72.6442,43.8481],[-72.6457,43.8541],[-72.6456,43.8577],[-72.645,43.8595],[-72.6404,43.8676],[-72.6398,43.8724],[-72.6405,43.8756],[-72.6434,43.8797],[-72.6449,43.8858],[-72.649,43.8911],[-72.65,43.8946],[-72.6505,43.9023],[-72.6539,43.9103],[-72.6542,43.9126],[-72.6548,43.9164],[-72.6566,43.9192],[-72.6599,43.9212],[-72.6655,43.9225],[-72.6726,43.9237],[-72.6796,43.9252],[-72.7014,43.9334],[-72.7036,43.9352],[-72.7082,43.9408],[-72.7096,43.9442],[-72.7109,43.9458],[-72.7228,43.9523],[-72.7418,43.9657],[-72.7451,43.9695],[-72.7481,43.975],[-72.7496,43.9825],[-72.7547,44.0108],[-72.7553,44.0129],[-72.7576,44.0166],[-72.7583,44.0234],[-72.7564,44.0304],[-72.7549,44.0332],[-72.7525,44.0366],[-72.7456,44.0422],[-72.7446,44.0437],[-72.7452,44.0519],[-72.7437,44.0599],[-72.7454,44.0666],[-72.7458,44.0723],[-72.7447,44.0743],[-72.741,44.0776],[-72.7386,44.0825],[-72.7359,44.0867],[-72.7335,44.0942],[-72.732,44.0989],[-72.7297,44.1041],[-72.7282,44.1137],[-72.7268,44.1153],[-72.725,44.1162],[-72.7169,44.1174],[-72.7134,44.1173],[-72.711,44.1166],[-72.7038,44.1129],[-72.6957,44.1119],[-72.6919,44.1103],[-72.69,44.11],[-72.6792,44.1118],[-72.676,44.113],[-72.6744,44.1146],[-72.672,44.1206],[-72.6682,44.1244],[-72.6673,44.1259],[-72.6663,44.1376],[-72.6601,44.145],[-72.6569,44.1507],[-72.6568,44.1526],[-72.6581,44.1592],[-72.6571,44.1658],[-72.6509,44.1743],[-72.6429,44.178],[-72.641,44.1798],[-72.64,44.1859],[-72.6399,44.1919],[-72.6352,44.1995],[-72.6327,44.2062],[-72.6208,44.2224],[-72.6131,44.2277],[-72.6047,44.2292],[-72.6004,44.2329],[-72.5987,44.2354],[-72.597,44.2395],[-72.598,44.2446],[-72.6009,44.2487],[-72.6013,44.2492],[-72.6072,44.2567],[-72.6106,44.2601],[-72.634,44.2707],[-72.6576,44.2785],[-72.6592,44.2799],[-72.6641,44.2872],[-72.6666,44.2894],[-72.6707,44.2914],[-72.6794,44.2934],[-72.6822,44.2949],[-72.6875,44.2987],[-72.6936,44.3094],[-72.6979,44.3129],[-72.7013,44.3143],[-72.7056,44.315],[-72.7097,44.3149],[-72.7149,44.314],[-72.7176,44.3144],[-72.7246,44.3174],[-72.7315,44.3221],[-72.7379,44.3253],[-72.7444,44.3286],[-72.7497,44.3333],[-72.7554,44.3385],[-72.7558,44.3389],[-72.7715,44.3475],[-72.7766,44.3494],[-72.8077,44.3556],[-72.812,44.356],[-72.8163,44.3551],[-72.8189,44.3553],[-72.8308,44.3595],[-72.8712,44.3702],[-72.8801,44.3721],[-72.8987,44.3762],[-72.9233,44.3816],[-72.9324,44.3821],[-72.9355,44.3827],[-72.9448,44.3876],[-72.9845,44.4002],[-72.9915,44.4024],[-72.9943,44.4042],[-72.998,44.4082],[-73.0211,44.4338],[-73.0282,44.455],[-73.0296,44.4574],[-73.0337,44.4607],[-73.0465,44.4669],[-73.073,44.4794],[-73.0883,44.4823],[-73.0913,44.4822],[-73.0967,44.4811],[-73.0995,44.4812],[-73.1028,44.4822],[-73.1096,44.4864],[-73.1108,44.488],[-73.1102,44.4899],[-73.1096,44.491],[-73.1097,44.4919],[-73.1317,44.5399],[-73.1318,44.5438],[-73.1295,44.5604],[-73.1303,44.5628],[-73.1329,44.5664],[-73.134,44.5692],[-73.1341,44.5709],[-73.1333,44.5725],[-73.1321,44.5735],[-73.1236,44.5765],[-73.1218,44.5779],[-73.1206,44.5796],[-73.1189,44.5865],[-73.1183,44.5932],[-73.1164,44.5977],[-73.1097,44.6084],[-73.1089,44.6102],[-73.1089,44.6127],[-73.111,44.6178],[-73.1112,44.6201],[-73.1058,44.6358],[-73.1056,44.6416],[-73.1056,44.6458],[-73.105,44.6474],[-73.088,44.6655],[-73.0859,44.6698],[-73.0832,44.6775],[-73.0834,44.6807],[-73.0846,44.6833],[-73.0856,44.6862],[-73.0852,44.6885],[-73.0852,44.6914],[-73.0895,44.6974],[-73.0906,44.6997],[-73.091,44.7076],[-73.0893,44.7127],[-73.0859,44.7188],[-73.0816,44.7336],[-73.0814,44.7374],[-73.0821,44.7401],[-73.0833,44.7423],[-73.0851,44.744],[-73.0901,44.7473],[-73.0961,44.755],[-73.1027,44.7608],[-73.104,44.7628],[-73.1046,44.765],[-73.1056,44.7724],[-73.1034,44.7865],[-73.1027,44.7885],[-73.0976,44.7954],[-73.0939,44.8004],[-73.0917,44.8033],[-73.0913,44.8038],[-73.0867,44.8101],[-73.0863,44.8121],[-73.0864,44.813],[-73.0869,44.814]]}},{"type":"Feature","properties":{"n":1,"a":"amtrak"},"geometry":{"type":"LineString","coordinates":[[-72.5962,42.104],[-72.5983,42.1039],[-72.6012,42.1055],[-72.6069,42.1104],[-72.6081,42.1116],[-72.6088,42.1124],[-72.6108,42.1159],[-72.6122,42.1223],[-72.6138,42.1303],[-72.6132,42.138],[-72.615,42.1434],[-72.6148,42.1462]]}},{"type":"Feature","properties":{"n":1,"a":"amtrak"},"geometry":{"type":"LineString","coordinates":[[-73.0565,43.727],[-73.0571,43.7296],[-73.0572,43.7364],[-73.0593,43.7498],[-73.0616,43.7542],[-73.071,43.7646],[-73.0766,43.7771],[-73.0808,43.7827],[-73.0823,43.7861],[-73.0839,43.7905],[-73.0852,43.7924],[-73.0872,43.7941],[-73.0904,43.7955],[-73.1041,43.7996],[-73.1159,43.8006],[-73.1187,43.8015],[-73.1212,43.8032],[-73.1229,43.8053],[-73.1429,43.843],[-73.152,43.8602],[-73.1605,43.8768],[-73.1609,43.8863],[-73.1634,43.8927],[-73.1644,43.8998],[-73.1645,43.9096],[-73.1631,43.9165],[-73.1623,43.9202],[-73.161,43.9278],[-73.1633,43.9807],[-73.1646,43.9875],[-73.1657,44.0002],[-73.167,44.007],[-73.1669,44.0118],[-73.1702,44.0186],[-73.1709,44.0201],[-73.1723,44.0233],[-73.1732,44.0254],[-73.1762,44.0327],[-73.1764,44.0359],[-73.1755,44.0452],[-73.1744,44.0495],[-73.1743,44.0548],[-73.1761,44.0587],[-73.1772,44.0634],[-73.1826,44.0697],[-73.1837,44.0717],[-73.184,44.0741],[-73.1825,44.0827],[-73.1826,44.0848],[-73.1833,44.0867],[-73.1875,44.0929],[-73.1905,44.1039],[-73.1899,44.107],[-73.1851,44.1148],[-73.1835,44.1196],[-73.1831,44.1287],[-73.1874,44.1409],[-73.1885,44.1436],[-73.1901,44.1456],[-73.2097,44.1618],[-73.2183,44.1669],[-73.2404,44.1749],[-73.2436,44.1763],[-73.2469,44.1785],[-73.2489,44.1806],[-73.2505,44.1833],[-73.2526,44.1877],[-73.2534,44.1915],[-73.2508,44.2208],[-73.2569,44.2612],[-73.2571,44.2623],[-73.2625,44.3007],[-73.2612,44.3097],[-73.2564,44.332],[-73.2525,44.3592],[-73.2505,44.3627],[-73.2484,44.3648],[-73.2451,44.3672],[-73.2378,44.3703],[-73.2338,44.3749],[-73.2291,44.381],[-73.2276,44.3836],[-73.2258,44.3887],[-73.2268,44.3955],[-73.2265,44.3977],[-73.2255,44.3997],[-73.2225,44.4032],[-73.2189,44.4113],[-73.2145,44.4273],[-73.2144,44.4314],[-73.2175,44.4453],[-73.2185,44.4499],[-73.2187,44.4554],[-73.2187,44.4561],[-73.2187,44.4571],[-73.2188,44.4621],[-73.2188,44.4691],[-73.219,44.4729],[-73.2192,44.4737],[-73.2192,44.4739]]}},{"type":"Feature","properties":{"n":1,"a":"amtrak"},"geometry":{"type":"LineString","coordinates":[[-73.4048,43.5451],[-73.4041,43.5473],[-73.4027,43.5479],[-73.3949,43.5475],[-73.389,43.5478],[-73.3812,43.5487],[-73.3668,43.5539],[-73.3551,43.5613],[-73.3446,43.5658],[-73.3434,43.5671],[-73.3408,43.5723],[-73.3393,43.5739],[-73.3371,43.5751],[-73.3291,43.5774],[-73.3238,43.5805],[-73.3217,43.5824],[-73.3195,43.5854],[-73.3171,43.5869],[-73.315,43.5875],[-73.3025,43.5889],[-73.2982,43.5893],[-73.296,43.5889],[-73.2865,43.5872],[-73.2804,43.5865],[-73.2705,43.5866],[-73.2647,43.5895],[-73.2603,43.5908],[-73.257,43.593],[-73.2499,43.599],[-73.2396,43.6021],[-73.2325,43.6033],[-73.2077,43.6047],[-73.1827,43.6124],[-73.1776,43.6137],[-73.1708,43.6137],[-73.1651,43.6148],[-73.1518,43.6135],[-73.128,43.6163],[-73.1252,43.616],[-73.1163,43.6138],[-73.1002,43.613],[-73.0818,43.6069],[-73.0639,43.6049],[-73.0488,43.5985],[-73.0374,43.5937],[-73.0339,43.5933],[-73.0221,43.596],[-73.0195,43.5977],[-73.0181,43.5999],[-73.0159,43.6019],[-73.0108,43.6033],[-73.0074,43.6036]]}},{"type":"Feature","properties":{"n":1,"a":"amtrak"},"geometry":{"type":"LineString","coordinates":[[-70.2796,43.6474],[-70.281,43.6546]]}},{"type":"Feature","properties":{"n":1,"a":"amtrak"},"geometry":{"type":"LineString","coordinates":[[-70.2963,43.6279],[-70.2942,43.637],[-70.2935,43.6384],[-70.2921,43.6397],[-70.2899,43.6408],[-70.2812,43.6432],[-70.2797,43.6441],[-70.2792,43.6453],[-70.2796,43.6474]]}},{"type":"Feature","properties":{"n":1,"a":"amtrak"},"geometry":{"type":"LineString","coordinates":[[-70.2856,43.6505],[-70.2817,43.65],[-70.2804,43.649],[-70.2798,43.6478]]}},{"type":"Feature","properties":{"n":1,"a":"amtrak"},"geometry":{"type":"LineString","coordinates":[[-70.2967,43.6261],[-70.2966,43.6266],[-70.2963,43.6279]]}},{"type":"Feature","properties":{"n":1,"a":"amtrak"},"geometry":{"type":"LineString","coordinates":[[-73.4048,43.5451],[-73.404,43.5491],[-73.4032,43.5563],[-73.403,43.5588],[-73.4044,43.5615],[-73.405,43.564],[-73.4061,43.5697],[-73.4074,43.5715],[-73.4123,43.5737],[-73.43,43.5837],[-73.4322,43.5863],[-73.4325,43.588],[-73.4318,43.5899],[-73.4299,43.5929],[-73.4254,43.6017],[-73.4253,43.6032],[-73.4267,43.6096],[-73.423,43.6162],[-73.4223,43.6197],[-73.423,43.6219],[-73.4315,43.6315],[-73.4327,43.6358],[-73.4329,43.6393],[-73.4325,43.641],[-73.429,43.6472],[-73.4256,43.6498],[-73.4237,43.6525],[-73.4207,43.655],[-73.4184,43.6589],[-73.4142,43.6639],[-73.4133,43.6658],[-73.4126,43.6695],[-73.4108,43.6721],[-73.4095,43.6738],[-73.4079,43.6777],[-73.4063,43.6822],[-73.4064,43.6875],[-73.4057,43.6913],[-73.4042,43.6931],[-73.3996,43.6947],[-73.3975,43.6965],[-73.3964,43.6984],[-73.3959,43.7012],[-73.3944,43.7039],[-73.3914,43.7129],[-73.3895,43.7143],[-73.3835,43.7159],[-73.3803,43.7178],[-73.3792,43.7191],[-73.378,43.722],[-73.3719,43.7282],[-73.3719,43.7302],[-73.3741,43.7338],[-73.3734,43.7375],[-73.3744,43.7414],[-73.3738,43.7427],[-73.3716,43.745],[-73.3707,43.7487],[-73.3676,43.7534],[-73.3669,43.7575],[-73.3642,43.7635],[-73.3632,43.7697],[-73.3645,43.7792],[-73.3751,43.7937],[-73.3781,43.7961],[-73.3805,43.8016],[-73.3903,43.8075],[-73.3935,43.8099],[-73.3961,43.8134],[-73.4001,43.8164],[-73.4011,43.8182],[-73.4005,43.8252],[-73.3994,43.8291],[-73.3993,43.8296],[-73.3991,43.8311],[-73.4011,43.8356],[-73.4011,43.8376],[-73.3997,43.8399],[-73.3892,43.8489],[-73.3883,43.8506],[-73.3886,43.8524],[-73.3911,43.8557],[-73.3938,43.8589],[-73.3944,43.8605],[-73.3942,43.8648],[-73.393,43.8693],[-73.3932,43.8725],[-73.3917,43.8784],[-73.3916,43.8826],[-73.3905,43.8862],[-73.3909,43.8881],[-73.3926,43.8913],[-73.3963,43.8936],[-73.3977,43.8952],[-73.3996,43.9002],[-73.4017,43.9017],[-73.4038,43.9025],[-73.4143,43.904],[-73.4161,43.9051],[-73.4176,43.9072],[-73.4194,43.9122],[-73.4189,43.925],[-73.4171,43.9306],[-73.4147,43.9343],[-73.415,43.9358],[-73.4169,43.9386],[-73.4173,43.9411],[-73.4172,43.947],[-73.4152,43.9511],[-73.4131,43.9588],[-73.4133,43.9606],[-73.4206,43.9738],[-73.4213,43.9766],[-73.4202,43.9799],[-73.4207,43.9824],[-73.4224,43.9843],[-73.4262,43.9863],[-73.4369,43.9918],[-73.4536,44.0003],[-73.4554,44.0019],[-73.4557,44.0044],[-73.453,44.0093],[-73.4528,44.0109],[-73.4534,44.0123],[-73.4561,44.0155],[-73.457,44.0192],[-73.4565,44.023],[-73.458,44.0262],[-73.4587,44.0277],[-73.461,44.0328],[-73.4611,44.0335],[-73.4614,44.0385],[-73.4609,44.0404],[-73.46,44.0415],[-73.456,44.0438],[-73.4557,44.0447],[-73.4564,44.0498],[-73.4546,44.0532],[-73.4521,44.0551],[-73.4507,44.057],[-73.4507,44.059],[-73.4496,44.0617],[-73.4502,44.0648],[-73.4496,44.0674],[-73.4496,44.0697],[-73.4491,44.0719],[-73.4467,44.0766],[-73.4454,44.0826],[-73.4443,44.0846],[-73.445,44.0895],[-73.4444,44.0913],[-73.4446,44.0932],[-73.445,44.0951],[-73.4469,44.0986],[-73.447,44.0997],[-73.4459,44.1011],[-73.4421,44.1027],[-73.4366,44.1064],[-73.4356,44.108],[-73.4363,44.1117],[-73.4381,44.1164],[-73.4398,44.1175],[-73.4451,44.1188],[-73.4475,44.1208],[-73.4481,44.1224],[-73.4477,44.1261],[-73.4496,44.1405],[-73.4463,44.1475],[-73.4461,44.1491],[-73.4484,44.1541],[-73.4513,44.1682],[-73.4546,44.1712],[-73.458,44.1802],[-73.4571,44.1822],[-73.4524,44.1862],[-73.4503,44.1896],[-73.4477,44.1912],[-73.447,44.1922],[-73.4468,44.1995],[-73.4486,44.207],[-73.4465,44.2225],[-73.4441,44.2248],[-73.4399,44.2277],[-73.4386,44.229],[-73.4379,44.2306],[-73.4377,44.2349],[-73.4371,44.2364],[-73.4347,44.2396],[-73.4304,44.2419],[-73.4261,44.2473],[-73.4187,44.2498],[-73.4162,44.2511],[-73.405,44.2587],[-73.4037,44.2616],[-73.4022,44.263],[-73.3996,44.2653],[-73.3996,44.2701],[-73.3993,44.2741],[-73.3986,44.2761],[-73.3882,44.2897],[-73.3877,44.2964],[-73.3908,44.3062],[-73.3921,44.3106],[-73.3956,44.3455],[-73.3996,44.3548],[-73.4013,44.3583],[-73.4042,44.3616],[-73.4077,44.3745],[-73.4104,44.3802],[-73.4128,44.3827],[-73.4143,44.3881],[-73.4136,44.3902],[-73.4139,44.3922],[-73.4135,44.3988],[-73.4151,44.4044],[-73.4173,44.4064],[-73.4178,44.4073],[-73.4175,44.4118],[-73.416,44.4139],[-73.4151,44.4181],[-73.4137,44.4203],[-73.413,44.4225],[-73.4107,44.4261],[-73.41,44.4298],[-73.4075,44.4332],[-73.4032,44.436],[-73.4014,44.4396],[-73.4015,44.4415],[-73.4004,44.4436],[-73.4009,44.4461],[-73.3982,44.4511],[-73.3979,44.4529],[-73.3996,44.4574],[-73.4014,44.4596],[-73.4013,44.4614],[-73.403,44.4658],[-73.4085,44.4694],[-73.4109,44.4716],[-73.4155,44.4773],[-73.4202,44.481],[-73.4209,44.483],[-73.4202,44.4847],[-73.418,44.4875],[-73.4152,44.4891],[-73.4134,44.4909],[-73.4098,44.4925],[-73.4081,44.4941],[-73.406,44.4952],[-73.4045,44.4967],[-73.4008,44.4987],[-73.3983,44.5016],[-73.3897,44.5056],[-73.3878,44.5078],[-73.3868,44.5106],[-73.3865,44.5151],[-73.3873,44.5187],[-73.391,44.5209],[-73.3971,44.5214],[-73.4019,44.5224],[-73.4051,44.5264],[-73.4075,44.5294],[-73.4085,44.5326],[-73.4148,44.5368],[-73.4193,44.541],[-73.4208,44.5435],[-73.4249,44.5472],[-73.4287,44.5517],[-73.4345,44.5558],[-73.447,44.5663],[-73.4481,44.5678],[-73.4481,44.5698],[-73.4424,44.5844],[-73.4419,44.5867],[-73.4421,44.5948],[-73.4464,44.6044],[-73.4501,44.6129],[-73.4527,44.6215],[-73.4533,44.6256],[-73.454,44.633],[-73.4541,44.6348],[-73.4541,44.6353],[-73.4501,44.6438],[-73.4491,44.6457],[-73.4477,44.6501],[-73.4435,44.6648],[-73.4418,44.6788],[-73.4447,44.6849],[-73.4449,44.6915],[-73.4432,44.6951],[-73.4442,44.6964],[-73.4464,44.6968],[-73.448,44.6974],[-73.4499,44.699],[-73.4515,44.7018],[-73.4553,44.7099],[-73.4564,44.7122],[-73.4638,44.7286],[-73.467,44.7557],[-73.4668,44.7691],[-73.4673,44.7716],[-73.5031,44.8202],[-73.5054,44.8237],[-73.5064,44.8271],[-73.5064,44.8304],[-73.505,44.8354],[-73.5022,44.8395],[-73.4926,44.8493],[-73.4857,44.8554],[-73.4797,44.8652],[-73.477,44.8684],[-73.4639,44.879],[-73.448,44.8861],[-73.4429,44.8884],[-73.4393,44.8909],[-73.4371,44.8931],[-73.4327,44.8992],[-73.4196,44.9107],[-73.4118,44.9185],[-73.4098,44.922],[-73.4026,44.9419],[-73.4002,44.9482],[-73.3924,44.9609],[-73.379,44.9826],[-73.3743,44.9902],[-73.3711,44.996],[-73.3713,44.9966],[-73.372,44.9973],[-73.3739,44.9995],[-73.3742,45.0024],[-73.3714,45.0093],[-73.3709,45.0105]]}},{"type":"Feature","properties":{"n":1,"a":"amtrak"},"geometry":{"type":"LineString","coordinates":[[-73.0074,43.6036],[-73.0059,43.6036],[-73.001,43.6042],[-72.9967,43.6052],[-72.9917,43.6063],[-72.9853,43.6074],[-72.9828,43.607],[-72.9821,43.6062],[-72.9799,43.6037],[-72.9766,43.6026]]}},{"type":"Feature","properties":{"n":1,"a":"amtrak"},"geometry":{"type":"LineString","coordinates":[[-73.0074,43.6036],[-73.0117,43.6044],[-73.0143,43.606],[-73.023,43.6207],[-73.0287,43.6254],[-73.0348,43.6319],[-73.0372,43.6496],[-73.037,43.6526],[-73.0343,43.6586],[-73.0349,43.6619],[-73.0358,43.664],[-73.0391,43.6689],[-73.0411,43.6711],[-73.0416,43.6729],[-73.0388,43.6805],[-73.0395,43.6924],[-73.0362,43.7061],[-73.0363,43.7079],[-73.037,43.7097],[-73.0423,43.7142],[-73.0505,43.7165],[-73.0525,43.7179],[-73.0539,43.7196]]}},{"type":"Feature","properties":{"n":1,"a":"amtrak"},"geometry":{"type":"LineString","coordinates":[[-73.0539,43.7196],[-73.0542,43.72],[-73.0565,43.727]]}},{"type":"Feature","properties":{"n":1,"a":"amtrak"},"geometry":{"type":"LineString","coordinates":[[-73.0539,43.7196],[-73.0565,43.727]]}},{"type":"Feature","properties":{"n":1,"a":"amtrak"},"geometry":{"type":"LineString","coordinates":[[-79.0583,43.1092],[-79.0544,43.1098],[-79.0525,43.11],[-79.0523,43.1101],[-79.0511,43.1103],[-79.0416,43.1115],[-79.0288,43.1136],[-79.0103,43.1167],[-79.0041,43.1173],[-78.9987,43.1182],[-78.9968,43.1186],[-78.9684,43.1232],[-78.9565,43.1252],[-78.9507,43.1261],[-78.9447,43.1261],[-78.9376,43.1235],[-78.9309,43.1205],[-78.9268,43.1177],[-78.9235,43.1136],[-78.9222,43.11],[-78.9219,43.0725],[-78.9199,43.0678],[-78.9182,43.0659],[-78.9154,43.0638],[-78.9038,43.0584],[-78.8977,43.055],[-78.8914,43.05],[-78.8856,43.0408],[-78.8799,43.0315],[-78.8778,43.0281],[-78.8758,43.0255],[-78.8747,43.0244],[-78.8723,43.0226],[-78.8715,43.0218],[-78.8695,43.0192],[-78.8682,43.015],[-78.8683,43.0134],[-78.8692,43.0119],[-78.8709,43.0109],[-78.8727,43.0104],[-78.8792,43.0102],[-78.8811,43.0095],[-78.8821,43.0084],[-78.8906,42.9699],[-78.8911,42.9676],[-78.8956,42.947],[-78.8964,42.9417],[-78.8972,42.9352],[-78.8973,42.9339],[-78.8986,42.9244],[-78.9013,42.9146],[-78.9005,42.9013],[-78.8968,42.8969],[-78.8819,42.882],[-78.8781,42.8794],[-78.8744,42.8785],[-78.8701,42.8776],[-78.8663,42.8768],[-78.8614,42.876],[-78.8569,42.8761],[-78.8531,42.8775]]}},{"type":"Feature","properties":{"n":1,"a":"amtrak"},"geometry":{"type":"LineString","coordinates":[[-73.7418,42.6407],[-73.7417,42.6373],[-73.7439,42.6237],[-73.745,42.6174],[-73.745,42.6102],[-73.7432,42.5998],[-73.7386,42.5919],[-73.737,42.5872],[-73.7301,42.5767],[-73.7236,42.5498],[-73.72,42.5413],[-73.7042,42.517],[-73.6967,42.4863],[-73.6951,42.4826],[-73.6916,42.4779],[-73.6889,42.4736],[-73.6846,42.4668],[-73.6763,42.4588],[-73.6665,42.4464],[-73.6581,42.4398],[-73.6475,42.432],[-73.6426,42.426],[-73.6395,42.4234],[-73.6343,42.4208],[-73.6259,42.4185],[-73.6227,42.417],[-73.6188,42.4138],[-73.6172,42.4113],[-73.6144,42.3998],[-73.6099,42.3922],[-73.6094,42.3887],[-73.6081,42.3859],[-73.6083,42.3838],[-73.6101,42.3806],[-73.6102,42.3775],[-73.6132,42.3649],[-73.6129,42.3633],[-73.6108,42.36],[-73.6087,42.3589],[-73.6069,42.3585],[-73.6038,42.3587],[-73.5984,42.3611],[-73.5932,42.3641],[-73.5894,42.3734],[-73.5779,42.3769],[-73.5698,42.3853],[-73.5615,42.3903],[-73.5594,42.3909],[-73.5558,42.3908],[-73.5497,42.3894],[-73.5476,42.3898],[-73.546,42.3907],[-73.545,42.392],[-73.5447,42.3932],[-73.5457,42.3968],[-73.5457,42.3983],[-73.5436,42.402],[-73.543,42.4065],[-73.541,42.4088],[-73.5382,42.4101],[-73.5329,42.4114],[-73.5256,42.4113],[-73.5222,42.4126],[-73.5196,42.4151],[-73.5172,42.4166],[-73.5062,42.4195],[-73.4986,42.419],[-73.4897,42.4153],[-73.4836,42.4144],[-73.481,42.4147],[-73.4744,42.4176],[-73.47,42.4179],[-73.4601,42.4159],[-73.4564,42.4145],[-73.4522,42.4119],[-73.4508,42.4091],[-73.4509,42.3954],[-73.4504,42.3884],[-73.4491,42.3833],[-73.4476,42.3814],[-73.4459,42.3802],[-73.4374,42.3782],[-73.4336,42.3767],[-73.4315,42.3755],[-73.43,42.3738],[-73.4286,42.3642],[-73.4245,42.3579],[-73.4186,42.3536],[-73.4114,42.3502],[-73.4071,42.349],[-73.4031,42.3488],[-73.3953,42.3502],[-73.3884,42.3529],[-73.3856,42.3547],[-73.384,42.3566],[-73.3816,42.3623],[-73.3802,42.364],[-73.3782,42.3656],[-73.3721,42.3688],[-73.3679,42.3733],[-73.3593,42.3802],[-73.3537,42.3888],[-73.3484,42.393],[-73.3445,42.4008],[-73.3314,42.4172],[-73.3178,42.4341],[-73.3155,42.4359],[-73.3095,42.4391],[-73.3052,42.4406],[-73.2877,42.4447],[-73.2822,42.4454],[-73.2706,42.4452],[-73.2678,42.4458],[-73.2627,42.4479],[-73.2538,42.4513],[-73.2397,42.4535],[-73.2254,42.4537],[-73.2241,42.4538],[-73.2142,42.455],[-73.2127,42.4552],[-73.1961,42.4573],[-73.1907,42.4581],[-73.187,42.4596],[-73.1839,42.462],[-73.18,42.4661],[-73.1775,42.4677],[-73.1663,42.4698],[-73.1625,42.4696],[-73.1528,42.4669],[-73.1429,42.4632],[-73.1363,42.4614],[-73.1323,42.459],[-73.1308,42.4571],[-73.1302,42.4551],[-73.1303,42.4533],[-73.1319,42.45],[-73.1322,42.4481],[-73.13,42.4419],[-73.1284,42.4396],[-73.1245,42.4365],[-73.1145,42.4261],[-73.1132,42.4225],[-73.1131,42.4141],[-73.1129,42.3963],[-73.1117,42.3913],[-73.1134,42.3871],[-73.1138,42.3831],[-73.1135,42.3787],[-73.1103,42.3729],[-73.1071,42.3699],[-73.1047,42.3662],[-73.0985,42.3624],[-73.0966,42.3582],[-73.0933,42.355],[-73.0913,42.352],[-73.0897,42.3482],[-73.088,42.3412],[-73.0875,42.337],[-73.0858,42.3348],[-73.0831,42.3334],[-73.0765,42.3326],[-73.0715,42.3308],[-73.0629,42.3291],[-73.0527,42.3245],[-73.0483,42.3212],[-73.0463,42.3202],[-73.0425,42.3198],[-73.0396,42.3182],[-73.0379,42.3152],[-73.0306,42.3102],[-73.0278,42.3097],[-73.0233,42.31],[-73.018,42.3092],[-73.0152,42.3082],[-73.0113,42.3047],[-73.008,42.3039],[-73.0055,42.3044],[-73.0037,42.3058],[-73.0029,42.3075],[-73.0031,42.3099],[-73.0029,42.3113],[-73.0018,42.3127],[-72.9998,42.3138],[-72.9978,42.3141],[-72.9956,42.3137],[-72.9937,42.3123],[-72.9914,42.308],[-72.9862,42.3006],[-72.9847,42.2973],[-72.9808,42.2837]]}},{"type":"Feature","properties":{"n":1,"a":"amtrak"},"geometry":{"type":"LineString","coordinates":[[-73.9456,42.8121],[-73.9442,42.8129],[-73.9418,42.8154],[-73.9407,42.8168],[-73.938,42.8185],[-73.9358,42.8211],[-73.9314,42.8239],[-73.9262,42.8305],[-73.9262,42.8323],[-73.9268,42.8331],[-73.9282,42.8346],[-73.9291,42.8364],[-73.9291,42.8383],[-73.9285,42.8397],[-73.9269,42.8413],[-73.9256,42.8422],[-73.9112,42.8523],[-73.907,42.8572],[-73.9034,42.8661],[-73.9004,42.8708],[-73.8992,42.8753],[-73.8979,42.8809],[-73.8955,42.8853],[-73.8825,42.8983],[-73.8795,42.9028],[-73.8752,42.9104],[-73.8698,42.9201],[-73.8622,42.9462],[-73.8529,42.9619],[-73.8508,42.9672],[-73.8413,42.9936],[-73.8404,42.9956],[-73.8397,42.9976],[-73.8383,43.0031],[-73.8384,43.0171],[-73.8376,43.0209],[-73.8348,43.0254],[-73.8223,43.0367],[-73.8197,43.0399],[-73.8179,43.045],[-73.8181,43.0554],[-73.8182,43.06],[-73.8177,43.0645],[-73.8161,43.0682],[-73.8157,43.069],[-73.814,43.0719],[-73.8129,43.074],[-73.8112,43.0789],[-73.8103,43.0847],[-73.8084,43.0882],[-73.7981,43.0959],[-73.7885,43.1028],[-73.7726,43.1114],[-73.7407,43.1188],[-73.7218,43.1248],[-73.7181,43.1269],[-73.7123,43.1321],[-73.7072,43.1387],[-73.6926,43.1589],[-73.688,43.1653],[-73.6674,43.1868],[-73.6515,43.196],[-73.6055,43.2327],[-73.6011,43.2379],[-73.5983,43.2492],[-73.5952,43.2549],[-73.5913,43.2621],[-73.5895,43.2634],[-73.5826,43.2677],[-73.5775,43.2721],[-73.5765,43.2731],[-73.5738,43.2754],[-73.5592,43.2896],[-73.5511,43.2978],[-73.5449,43.304],[-73.515,43.33],[-73.5125,43.3326],[-73.4993,43.3501],[-73.4904,43.3675],[-73.4896,43.3705],[-73.4894,43.3737],[-73.4899,43.3907],[-73.486,43.4042],[-73.4859,43.4093],[-73.4858,43.414],[-73.4833,43.4215],[-73.4822,43.4232],[-73.4794,43.425],[-73.473,43.4266],[-73.4664,43.4292],[-73.4556,43.4352],[-73.4543,43.4367],[-73.4468,43.4511],[-73.4399,43.4639],[-73.4341,43.4698],[-73.4325,43.472],[-73.4233,43.4932],[-73.4159,43.5049],[-73.4148,43.5076],[-73.4072,43.5347],[-73.4048,43.5451]]}},{"type":"Feature","properties":{"n":1,"a":"amtrak"},"geometry":{"type":"LineString","coordinates":[[-73.742,42.6403],[-73.7418,42.6407]]}},{"type":"Feature","properties":{"n":1,"a":"amtrak"},"geometry":{"type":"LineString","coordinates":[[-73.7418,42.6407],[-73.7412,42.6434]]}},{"type":"Feature","properties":{"n":1,"a":"amtrak"},"geometry":{"type":"LineString","coordinates":[[-70.2798,43.6478],[-70.281,43.6546]]}},{"type":"Feature","properties":{"n":1,"a":"amtrak"},"geometry":{"type":"LineString","coordinates":[[-70.2961,43.6288],[-70.2943,43.637],[-70.2932,43.6388],[-70.2899,43.6409],[-70.2802,43.6437],[-70.2792,43.6453],[-70.2798,43.6478]]}},{"type":"Feature","properties":{"n":1,"a":"amtrak"},"geometry":{"type":"LineString","coordinates":[[-70.2967,43.6261],[-70.2961,43.6288]]}},{"type":"Feature","properties":{"n":1,"a":"amtrak"},"geometry":{"type":"LineString","coordinates":[[-70.2963,43.6279],[-70.2961,43.6288]]}},{"type":"Feature","properties":{"n":1,"a":"amtrak"},"geometry":{"type":"LineString","coordinates":[[-79.6595,36.3482],[-79.6619,36.3563],[-79.6631,36.3602],[-79.6635,36.3637],[-79.6638,36.3677],[-79.6634,36.369],[-79.6586,36.373],[-79.6531,36.383],[-79.643,36.3909],[-79.6333,36.3949],[-79.629,36.3996],[-79.6254,36.4011],[-79.6222,36.4033],[-79.6095,36.412],[-79.5991,36.4163],[-79.5884,36.4218],[-79.5736,36.4333],[-79.5481,36.4441],[-79.5465,36.445],[-79.5434,36.4483],[-79.5418,36.4507],[-79.5411,36.4554],[-79.5395,36.4579],[-79.5374,36.4592],[-79.5317,36.4612],[-79.5299,36.4623],[-79.528,36.4642],[-79.5262,36.4672],[-79.5246,36.4687],[-79.5192,36.4704],[-79.5147,36.4721],[-79.4966,36.4729],[-79.4939,36.4739],[-79.4907,36.4772],[-79.4884,36.4838],[-79.4842,36.4887],[-79.4835,36.4915],[-79.4817,36.4952],[-79.4794,36.499],[-79.4749,36.5033],[-79.469,36.5154],[-79.4657,36.5254],[-79.4594,36.5341],[-79.4586,36.5374],[-79.4596,36.5406],[-79.4598,36.541],[-79.4615,36.5464],[-79.4596,36.552],[-79.4572,36.5585],[-79.4548,36.5608],[-79.4412,36.565],[-79.4344,36.5665],[-79.4245,36.5687],[-79.3962,36.5752],[-79.3944,36.5752],[-79.3912,36.5741],[-79.3892,36.5743],[-79.3866,36.5753],[-79.3852,36.5764],[-79.3844,36.5799],[-79.3842,36.5817],[-79.3842,36.5821],[-79.3826,36.585],[-79.3788,36.589],[-79.3762,36.5917],[-79.3736,36.5943],[-79.3703,36.5965],[-79.3692,36.5972],[-79.366,36.5994],[-79.3643,36.6018],[-79.3638,36.6049],[-79.3646,36.6075],[-79.3647,36.6078],[-79.3663,36.6116],[-79.3685,36.6169],[-79.3687,36.6244],[-79.3693,36.6363],[-79.3729,36.6455],[-79.3736,36.6496],[-79.3732,36.6516],[-79.3691,36.661],[-79.3696,36.669],[-79.3718,36.6775],[-79.3768,36.6845],[-79.3839,36.6943],[-79.3922,36.7012],[-79.3945,36.7053],[-79.395,36.7086],[-79.3942,36.7142],[-79.3949,36.7214],[-79.3927,36.7272],[-79.3926,36.7289],[-79.3963,36.7472],[-79.3996,36.7549],[-79.4023,36.7638],[-79.4025,36.7691],[-79.4031,36.7736],[-79.4054,36.7774],[-79.4068,36.78],[-79.4082,36.7896],[-79.4077,36.7918],[-79.4032,36.8009],[-79.4034,36.8029],[-79.4063,36.8084],[-79.4061,36.8099],[-79.4041,36.8136],[-79.4027,36.8205],[-79.4029,36.8219],[-79.4038,36.8237],[-79.4101,36.8299],[-79.4106,36.8318],[-79.4109,36.8354],[-79.4034,36.8726],[-79.4022,36.8748],[-79.3971,36.8792],[-79.3943,36.8825],[-79.3904,36.89],[-79.385,36.8978],[-79.3828,36.9033],[-79.381,36.9084],[-79.3802,36.9155],[-79.3784,36.9199],[-79.3682,36.9326],[-79.361,36.939],[-79.3599,36.9406],[-79.3596,36.9421],[-79.3605,36.9505],[-79.3599,36.9525],[-79.3542,36.9593],[-79.3528,36.9702],[-79.3555,37.0085],[-79.3564,37.0131],[-79.3572,37.0244],[-79.3576,37.0282],[-79.3553,37.0346],[-79.3555,37.0361],[-79.3571,37.0392],[-79.3583,37.0419],[-79.3584,37.0444],[-79.3532,37.0536],[-79.3498,37.0577],[-79.3411,37.0649],[-79.3361,37.074],[-79.3333,37.0766],[-79.3273,37.0808],[-79.3233,37.0866],[-79.3122,37.0913],[-79.309,37.0928],[-79.3027,37.0993],[-79.2978,37.1027],[-79.2959,37.1049],[-79.2938,37.1076],[-79.2915,37.1107],[-79.2912,37.1135],[-79.2919,37.1152],[-79.2953,37.1189],[-79.2962,37.1207],[-79.298,37.1301],[-79.3011,37.1482],[-79.3009,37.1525],[-79.2955,37.1731],[-79.2955,37.1751],[-79.2973,37.1838],[-79.2959,37.1912],[-79.2926,37.2058],[-79.2855,37.2168],[-79.2837,37.2211],[-79.284,37.2237],[-79.2869,37.2276],[-79.2875,37.2292],[-79.2873,37.2308],[-79.2847,37.237],[-79.2782,37.2441],[-79.238,37.2766],[-79.2125,37.3006],[-79.2057,37.3071],[-79.2041,37.3086],[-79.2012,37.3117],[-79.1926,37.326],[-79.1894,37.3334],[-79.1882,37.3412],[-79.1824,37.3529],[-79.1811,37.3556],[-79.1785,37.3603],[-79.1745,37.3645],[-79.1693,37.3697],[-79.1659,37.3732],[-79.165,37.3741]]}},{"type":"Feature","properties":{"n":1,"a":"amtrak"},"geometry":{"type":"LineString","coordinates":[[-77.4207,37.1944],[-77.4203,37.1964],[-77.4199,37.1998],[-77.4205,37.2025],[-77.4309,37.2226],[-77.4316,37.2238],[-77.432,37.2247],[-77.4326,37.2257],[-77.4338,37.228],[-77.4346,37.2308],[-77.4342,37.2331],[-77.4293,37.2415],[-77.4158,37.2637],[-77.4145,37.2648],[-77.4111,37.2674],[-77.4077,37.2702],[-77.4064,37.2725],[-77.4062,37.2743],[-77.4046,37.2895],[-77.4024,37.3092],[-77.4027,37.3116],[-77.4068,37.3185],[-77.4181,37.3341],[-77.4248,37.3432],[-77.4394,37.3535],[-77.4434,37.3572],[-77.4519,37.3692],[-77.4536,37.3724],[-77.4544,37.3765],[-77.4542,37.3864],[-77.4535,37.4376],[-77.453,37.4442],[-77.4505,37.4593],[-77.4503,37.4606],[-77.451,37.4632],[-77.4727,37.4936],[-77.4915,37.5111],[-77.493,37.5146],[-77.4974,37.5296],[-77.4971,37.5313],[-77.4952,37.5342],[-77.4923,37.5384],[-77.4907,37.541],[-77.4909,37.5433],[-77.4914,37.5489],[-77.4899,37.557],[-77.4891,37.5592],[-77.474,37.5737],[-77.4738,37.5738],[-77.4726,37.5757],[-77.473,37.5781]]}},{"type":"Feature","properties":{"n":1,"a":"amtrak"},"geometry":{"type":"LineString","coordinates":[[-80.5429,37.7422],[-80.5188,37.7344],[-80.5165,37.7335],[-80.5145,37.7319],[-80.5121,37.7274],[-80.5086,37.7238],[-80.505,37.7223],[-80.5,37.7222],[-80.4958,37.7231],[-80.4911,37.7258],[-80.4852,37.7325],[-80.4826,37.738],[-80.4814,37.7404],[-80.4796,37.7421],[-80.4624,37.7491],[-80.4562,37.7496],[-80.4537,37.7507],[-80.4416,37.762],[-80.4391,37.765],[-80.4337,37.7737],[-80.4289,37.7768],[-80.422,37.7768],[-80.4168,37.7744],[-80.4126,37.7739],[-80.4065,37.7754],[-80.4015,37.7782],[-80.3944,37.7778],[-80.3892,37.7796],[-80.3874,37.7797],[-80.3851,37.7784],[-80.3841,37.775],[-80.3827,37.7734],[-80.3805,37.7725],[-80.376,37.7719],[-80.371,37.7685],[-80.3686,37.7683],[-80.3657,37.7697],[-80.3641,37.7699],[-80.3596,37.7679],[-80.3565,37.7676],[-80.3444,37.7696],[-80.3395,37.7714],[-80.3321,37.7709],[-80.3235,37.7721],[-80.318,37.7745],[-80.3163,37.776],[-80.3137,37.7795],[-80.309,37.7822],[-80.3037,37.7865],[-80.298,37.7906],[-80.2948,37.7908],[-80.2925,37.7897],[-80.2873,37.7846],[-80.2859,37.7804],[-80.2859,37.7776],[-80.2841,37.7752],[-80.2834,37.7717],[-80.281,37.7663],[-80.2782,37.7634],[-80.2739,37.7607],[-80.2729,37.7596],[-80.2727,37.7576],[-80.2744,37.7545],[-80.2738,37.7527],[-80.2705,37.7511],[-80.2592,37.7492],[-80.2449,37.7472],[-80.2418,37.7471],[-80.2386,37.7463],[-80.2345,37.7444],[-80.2286,37.7424],[-80.2259,37.743],[-80.2233,37.7453],[-80.2156,37.7538],[-80.2144,37.756],[-80.2119,37.7603],[-80.2083,37.7613],[-80.2009,37.7601],[-80.1964,37.7566],[-80.1948,37.756],[-80.1857,37.7582],[-80.1841,37.759],[-80.1814,37.7617],[-80.1793,37.7628],[-80.1689,37.7656],[-80.1651,37.7659],[-80.1611,37.7674],[-80.1595,37.7687],[-80.1571,37.7718],[-80.1533,37.775],[-80.1463,37.7792],[-80.1446,37.7796],[-80.1408,37.7793],[-80.1388,37.7798],[-80.132,37.785],[-80.1298,37.786],[-80.1205,37.7866],[-80.1146,37.7861],[-80.1087,37.7875],[-80.1013,37.7918],[-80.0965,37.7933],[-80.0928,37.7938],[-80.0887,37.7955],[-80.084,37.7959],[-80.0798,37.7974],[-80.0779,37.7984],[-80.0753,37.8007],[-80.0722,37.8018],[-80.0688,37.8019],[-80.0638,37.8031],[-80.0541,37.8004],[-80.0487,37.8005],[-80.0454,37.8019],[-80.0393,37.8069],[-80.0368,37.8079],[-80.0302,37.8069],[-80.0233,37.8088],[-80.0196,37.8087],[-80.0158,37.8077],[-80.0048,37.8029],[-79.999,37.7994],[-79.9954,37.7974],[-79.9941,37.796],[-79.9931,37.7941],[-79.993,37.7936],[-79.994,37.7901],[-79.9936,37.7883],[-79.9906,37.7848],[-79.9899,37.7841],[-79.989,37.7829],[-79.9871,37.7756],[-79.9869,37.7721],[-79.9868,37.769],[-79.9889,37.7664],[-79.9901,37.7646],[-79.9899,37.7629],[-79.9883,37.7614],[-79.9862,37.761],[-79.9828,37.762],[-79.978,37.766],[-79.9759,37.7676],[-79.9737,37.7683],[-79.9595,37.77],[-79.953,37.7692],[-79.9347,37.7748],[-79.9334,37.7758],[-79.932,37.7786],[-79.9301,37.7797],[-79.924,37.779],[-79.9184,37.7775],[-79.9162,37.7775],[-79.9129,37.7784],[-79.9093,37.7803],[-79.9046,37.7845],[-79.9029,37.7855],[-79.892,37.7885],[-79.8864,37.7888],[-79.8834,37.7898],[-79.875,37.7938],[-79.8744,37.7941],[-79.872,37.7957],[-79.8688,37.8008],[-79.8674,37.802],[-79.8653,37.8027],[-79.8574,37.8033],[-79.8524,37.8064],[-79.8425,37.8095],[-79.8387,37.8105],[-79.8318,37.812],[-79.8278,37.814],[-79.8269,37.8143],[-79.8265,37.8144],[-79.8254,37.8146],[-79.8245,37.8147],[-79.8168,37.8125],[-79.8119,37.8124],[-79.8077,37.8135],[-79.8032,37.8147],[-79.8,37.8154],[-79.7973,37.818],[-79.7864,37.8266],[-79.7755,37.8336],[-79.7588,37.8399],[-79.7436,37.8486],[-79.7349,37.8562],[-79.7305,37.8631],[-79.7265,37.866],[-79.7252,37.8665],[-79.7205,37.8679],[-79.7153,37.8694],[-79.7125,37.8711],[-79.7093,37.8755],[-79.7056,37.8791],[-79.7029,37.8853],[-79.7018,37.8869],[-79.7002,37.8881],[-79.693,37.8917],[-79.6855,37.8978],[-79.6824,37.9017],[-79.6788,37.9066],[-79.6742,37.9113],[-79.667,37.9185],[-79.6624,37.9239],[-79.6532,37.9386],[-79.6497,37.9474],[-79.6428,37.9547],[-79.6377,37.9577],[-79.6335,37.9612],[-79.6195,37.9667],[-79.6141,37.9715],[-79.6026,37.9747],[-79.599,37.9758],[-79.5972,37.9768],[-79.5889,37.9851],[-79.585,37.9873],[-79.5696,37.9943],[-79.5633,37.9955],[-79.5611,37.9963],[-79.5558,38.0011],[-79.5467,38.0077],[-79.5435,38.0083],[-79.5405,38.0076],[-79.5349,38.0029],[-79.5261,37.9992],[-79.5196,37.9979],[-79.5132,37.9946],[-79.5013,37.9883],[-79.4981,37.9869],[-79.4955,37.9867],[-79.4927,37.9875],[-79.4848,37.9931],[-79.4686,38.0085],[-79.4628,38.0164],[-79.4493,38.0284],[-79.4387,38.0359],[-79.4303,38.0421],[-79.4263,38.0477],[-79.4218,38.05],[-79.4187,38.0519],[-79.405,38.0646],[-79.4027,38.0686],[-79.4007,38.0704],[-79.3979,38.0721],[-79.3831,38.0777],[-79.3785,38.0785],[-79.3705,38.0763],[-79.3658,38.0771],[-79.3624,38.0781],[-79.3492,38.0842],[-79.3427,38.0864],[-79.3349,38.0925],[-79.326,38.0956],[-79.3178,38.0995],[-79.3133,38.1008],[-79.3059,38.1056],[-79.2899,38.1084],[-79.2868,38.1099],[-79.2851,38.112],[-79.2846,38.1187],[-79.284,38.1232],[-79.2811,38.1364],[-79.278,38.1428],[-79.2768,38.1495],[-79.2764,38.1519],[-79.2754,38.1539],[-79.2724,38.1577],[-79.2692,38.1605],[-79.2634,38.1646],[-79.259,38.1694],[-79.2537,38.1755],[-79.2511,38.1793],[-79.2475,38.1814],[-79.2448,38.1844],[-79.2424,38.1858],[-79.2395,38.1863],[-79.2374,38.1859],[-79.2338,38.1843],[-79.2297,38.1817],[-79.2242,38.1803],[-79.2211,38.1782],[-79.2191,38.1753],[-79.218,38.1704],[-79.2173,38.1679],[-79.2159,38.1656],[-79.2119,38.162],[-79.2053,38.1577],[-79.202,38.1557],[-79.1923,38.1527],[-79.1858,38.149],[-79.1712,38.1482],[-79.1685,38.1473],[-79.1633,38.1443],[-79.1608,38.1435],[-79.1526,38.1435],[-79.1488,38.1431],[-79.1345,38.1438],[-79.1256,38.1432],[-79.1204,38.1424],[-79.1106,38.1422],[-79.1025,38.1458],[-79.0981,38.1476],[-79.0913,38.1472],[-79.0873,38.1449],[-79.0851,38.1444],[-79.0802,38.1452],[-79.0763,38.1454],[-79.0737,38.1466],[-79.0724,38.1474],[-79.0675,38.1469],[-79.0656,38.1466],[-79.0608,38.1458],[-79.0496,38.1428],[-79.0473,38.1417],[-79.0416,38.138],[-79.0403,38.1361],[-79.0399,38.1339],[-79.0399,38.1298],[-79.0395,38.1283],[-79.0381,38.1268],[-79.0359,38.126],[-79.0258,38.1215],[-79.0217,38.119],[-79.0184,38.1163],[-79.0125,38.1115],[-79.0099,38.107],[-79.0079,38.1046],[-79.0058,38.1031],[-79.0007,38.1009],[-78.9932,38.0989],[-78.9855,38.0993],[-78.9752,38.0977],[-78.9669,38.0983],[-78.9616,38.0987],[-78.9556,38.0994],[-78.9456,38.1022],[-78.9405,38.1018],[-78.9318,38.098],[-78.923,38.0952],[-78.9068,38.0851],[-78.9035,38.0824],[-78.8928,38.0728],[-78.8901,38.0711],[-78.8874,38.0708],[-78.8848,38.0708],[-78.8765,38.0706],[-78.8747,38.0696],[-78.8739,38.0683],[-78.8706,38.0622],[-78.869,38.0605],[-78.8677,38.0558],[-78.8683,38.0517],[-78.8659,38.0487],[-78.8641,38.046],[-78.8639,38.0417],[-78.8631,38.0395],[-78.8575,38.0326],[-78.8554,38.0308],[-78.8521,38.03],[-78.8499,38.0302],[-78.8445,38.0323],[-78.838,38.0334],[-78.8359,38.0361],[-78.8329,38.0371],[-78.8308,38.0376],[-78.8284,38.0386],[-78.8219,38.0391],[-78.8177,38.041],[-78.816,38.0426],[-78.8147,38.043],[-78.8132,38.0429],[-78.8111,38.0413],[-78.8093,38.0408],[-78.8008,38.0428],[-78.7953,38.0466],[-78.7921,38.0467],[-78.7892,38.0481],[-78.7818,38.0492],[-78.7783,38.0506],[-78.7715,38.0548],[-78.7688,38.0571],[-78.7673,38.0576],[-78.7651,38.0583],[-78.7631,38.0609],[-78.7572,38.063],[-78.7553,38.0648],[-78.7545,38.0665],[-78.753,38.0679],[-78.7513,38.0705],[-78.7438,38.0747],[-78.7421,38.0749],[-78.7398,38.0745],[-78.7359,38.0722],[-78.7339,38.0719],[-78.7313,38.0723],[-78.7206,38.0767],[-78.7163,38.0773],[-78.713,38.0771],[-78.7097,38.0761],[-78.7065,38.0741],[-78.7014,38.0702],[-78.6974,38.0689],[-78.6863,38.0689],[-78.6767,38.0685],[-78.674,38.0674],[-78.6703,38.065],[-78.664,38.0625],[-78.6572,38.0614],[-78.6521,38.062],[-78.6487,38.0616],[-78.6406,38.059],[-78.6307,38.057],[-78.6254,38.0569],[-78.6206,38.0554],[-78.6162,38.0552],[-78.6067,38.0552],[-78.5986,38.0564],[-78.5952,38.057],[-78.5904,38.0585],[-78.5859,38.0589],[-78.5813,38.0572],[-78.5757,38.0567],[-78.5674,38.0549],[-78.564,38.0525],[-78.5621,38.0519],[-78.5598,38.0519],[-78.5553,38.0528],[-78.5511,38.0529],[-78.5465,38.0515],[-78.5438,38.0515],[-78.5409,38.0523],[-78.5364,38.0546],[-78.5335,38.0546],[-78.5296,38.0529],[-78.5226,38.0471],[-78.5138,38.0446],[-78.5013,38.0392],[-78.5003,38.0379],[-78.4995,38.0337],[-78.4978,38.0322],[-78.493,38.0313],[-78.4923,38.0312],[-78.4894,38.0309],[-78.4843,38.0293],[-78.479,38.0288],[-78.4763,38.0285],[-78.4756,38.0284],[-78.4753,38.0284],[-78.4748,38.0283],[-78.4731,38.0275],[-78.4693,38.0245],[-78.4689,38.0242],[-78.4674,38.0228],[-78.466,38.0222],[-78.4621,38.0226],[-78.4599,38.0226],[-78.4579,38.022],[-78.4503,38.0167],[-78.4438,38.0157],[-78.4397,38.0142],[-78.4293,38.0145],[-78.4277,38.0136],[-78.4248,38.0107],[-78.4198,38.0091],[-78.418,38.0092],[-78.4133,38.0111],[-78.4084,38.0121],[-78.3959,38.0127],[-78.3887,38.0154],[-78.3706,38.0194],[-78.3694,38.0197],[-78.3646,38.0202],[-78.3472,38.0194],[-78.3443,38.0183],[-78.3359,38.0131],[-78.3335,38.0124],[-78.3308,38.0125],[-78.3191,38.0185],[-78.3043,38.0305],[-78.2975,38.0358],[-78.2956,38.0372],[-78.287,38.0421],[-78.2772,38.0472],[-78.2698,38.059],[-78.2608,38.068],[-78.2561,38.0757],[-78.2511,38.0818],[-78.2477,38.0872],[-78.245,38.0894],[-78.2391,38.094],[-78.2314,38.0999],[-78.2265,38.1044],[-78.2067,38.1226],[-78.2017,38.1271],[-78.1983,38.1303],[-78.192,38.136],[-78.1903,38.1367],[-78.1888,38.1367],[-78.1879,38.1364],[-78.1854,38.1352],[-78.1836,38.1357],[-78.1791,38.1407],[-78.1641,38.157],[-78.126,38.1924],[-78.1233,38.1949],[-78.1222,38.1973],[-78.1245,38.2147],[-78.1239,38.2172],[-78.1219,38.2198],[-78.1129,38.23],[-78.1111,38.2342],[-78.1104,38.2401],[-78.11,38.2445]]}},{"type":"Feature","properties":{"n":1,"a":"amtrak"},"geometry":{"type":"LineString","coordinates":[[-87.0748,41.6135],[-87.0742,41.6135],[-87.0637,41.6125],[-87.0326,41.6096],[-86.9729,41.6009],[-86.9317,41.5952],[-86.9268,41.5957],[-86.9194,41.5979],[-86.9147,41.5985],[-86.8953,41.5997],[-86.8852,41.5988],[-86.8727,41.601],[-86.869,41.601],[-86.8652,41.6002],[-86.8591,41.597],[-86.8555,41.5957],[-86.8392,41.5929],[-86.8328,41.5924],[-86.8125,41.5941],[-86.7929,41.5973],[-86.782,41.599],[-86.7396,41.6059],[-86.7344,41.6076],[-86.7297,41.6099],[-86.729,41.6103],[-86.697,41.6269],[-86.6837,41.6338],[-86.6209,41.668],[-86.6011,41.6789],[-86.5696,41.6983],[-86.5576,41.7033],[-86.5509,41.7067],[-86.5467,41.708],[-86.543,41.7084],[-86.525,41.7083],[-86.5135,41.709],[-86.5039,41.7072],[-86.4967,41.7059],[-86.4776,41.7036],[-86.4763,41.7035],[-86.4523,41.7007],[-86.3867,41.693],[-86.3017,41.6822],[-86.2903,41.6789],[-86.2876,41.678],[-86.2709,41.6723],[-86.2625,41.6699],[-86.2611,41.6696],[-86.2502,41.6683],[-86.2303,41.6593],[-86.226,41.6578],[-86.2205,41.6571],[-86.1809,41.6579],[-86.1556,41.6598],[-86.1428,41.6602],[-86.1019,41.6617],[-86.0723,41.6627],[-86.0626,41.6637],[-86.0611,41.6638],[-86.0588,41.664],[-86.0013,41.6698],[-85.986,41.6737],[-85.9754,41.679],[-85.9702,41.681],[-85.9689,41.6811],[-85.9662,41.6803],[-85.9637,41.6784],[-85.9381,41.6502],[-85.9034,41.6248],[-85.8958,41.62],[-85.8615,41.5986],[-85.8567,41.5966],[-85.847,41.5942],[-85.8375,41.5916],[-85.8258,41.5857],[-85.6993,41.5231],[-85.6539,41.5006],[-85.6011,41.4744],[-85.5879,41.4681],[-85.5833,41.4667],[-85.5765,41.4653],[-85.4795,41.4586],[-85.3952,41.4527],[-85.3463,41.4493],[-85.2802,41.4446],[-85.2717,41.4447],[-85.2682,41.4451],[-85.2578,41.446],[-85.2499,41.4455],[-85.2438,41.4443],[-85.2318,41.4405],[-85.2254,41.439],[-85.2115,41.438],[-85.1933,41.4374],[-85.1481,41.4359],[-85.0512,41.4325],[-85.0247,41.4315],[-84.9851,41.4301],[-84.9668,41.4295],[-84.8903,41.4267],[-84.8808,41.4264],[-84.8748,41.4269],[-84.8643,41.4284],[-84.8608,41.429],[-84.804,41.4385],[-84.7417,41.4488],[-84.5649,41.478],[-84.5516,41.4803],[-84.522,41.4852],[-84.4293,41.5005],[-84.4103,41.5036],[-84.3462,41.5142],[-84.3249,41.5177],[-84.3214,41.5183],[-84.3043,41.5211],[-84.2947,41.5227],[-84.269,41.5269],[-84.223,41.5344],[-84.148,41.5467],[-84.1418,41.5477],[-84.0945,41.5554],[-84.0588,41.5612],[-83.9935,41.5719],[-83.9889,41.5726],[-83.8936,41.5881],[-83.8825,41.5899],[-83.8667,41.5924],[-83.8517,41.5948],[-83.7931,41.6043],[-83.7004,41.6191],[-83.6728,41.6235],[-83.6134,41.6329],[-83.609,41.6336],[-83.5779,41.6385],[-83.5653,41.6383],[-83.5621,41.6382],[-83.5474,41.6378],[-83.5453,41.6379],[-83.5416,41.638],[-83.5389,41.6377],[-83.5376,41.6361],[-83.5361,41.6339],[-83.5346,41.6331],[-83.5296,41.6323],[-83.5266,41.6318],[-83.5239,41.6306],[-83.5233,41.6302],[-83.5209,41.6287],[-83.518,41.6268],[-83.5128,41.6232],[-83.5051,41.618],[-83.5044,41.6176],[-83.5001,41.6146],[-83.4954,41.6114],[-83.4277,41.5653],[-83.4213,41.563],[-83.4152,41.5624],[-83.3654,41.5625],[-83.3537,41.5623],[-83.3435,41.5603],[-83.2666,41.5445],[-83.2544,41.542],[-83.1964,41.5301],[-83.1717,41.525],[-83.1529,41.5211],[-83.1512,41.5208],[-83.1459,41.5201],[-83.0399,41.5196],[-83.0161,41.5195],[-82.9804,41.5191],[-82.9611,41.5151],[-82.9417,41.5107],[-82.934,41.5099],[-82.9305,41.5096],[-82.9298,41.5095],[-82.9208,41.5088],[-82.9171,41.5085],[-82.8948,41.5066],[-82.872,41.5046],[-82.8474,41.5025],[-82.8402,41.5011],[-82.8356,41.4995],[-82.8309,41.4969],[-82.8281,41.4948],[-82.8242,41.4904],[-82.8196,41.4849],[-82.8116,41.4756],[-82.8065,41.4696],[-82.8033,41.466],[-82.8006,41.4639],[-82.7778,41.4516],[-82.7701,41.4475],[-82.7635,41.445],[-82.7437,41.4429],[-82.7232,41.4409],[-82.7187,41.4405],[-82.7121,41.4399],[-82.7031,41.439],[-82.6714,41.436],[-82.6648,41.4346],[-82.5854,41.3976],[-82.5706,41.3911],[-82.5562,41.3893],[-82.5487,41.3885],[-82.5446,41.387],[-82.5103,41.3715],[-82.5033,41.3705],[-82.4933,41.372],[-82.4425,41.3822],[-82.3828,41.4146],[-82.3735,41.4196],[-82.3694,41.4208],[-82.3527,41.421],[-82.3492,41.4207],[-82.3478,41.4204],[-82.3385,41.4186],[-82.2824,41.4079],[-82.2654,41.4047],[-82.2419,41.4002],[-82.2183,41.3951],[-82.2115,41.3934],[-82.1425,41.376],[-82.1336,41.374],[-82.1235,41.3717],[-82.122,41.3714],[-82.118,41.3705],[-82.1159,41.37],[-82.1096,41.3686],[-82.1064,41.3684],[-82.0965,41.3702],[-82.0706,41.3755],[-82.0295,41.3756],[-81.9707,41.3754],[-81.93,41.3752],[-81.9142,41.3752],[-81.8698,41.3751],[-81.8651,41.376],[-81.8607,41.3779],[-81.8589,41.3789],[-81.8552,41.3817],[-81.8365,41.4041],[-81.8334,41.4078],[-81.8251,41.4178],[-81.8234,41.4198],[-81.8227,41.4207],[-81.8161,41.4286],[-81.8013,41.4463],[-81.7972,41.4513],[-81.7882,41.462],[-81.7815,41.4695],[-81.7757,41.4729],[-81.7718,41.4744],[-81.7595,41.479],[-81.757,41.48],[-81.7546,41.4808],[-81.7257,41.4917],[-81.7099,41.4996],[-81.7065,41.501],[-81.7017,41.5027],[-81.6961,41.5053],[-81.6891,41.5086]]}},{"type":"Feature","properties":{"n":1,"a":"amtrak"},"geometry":{"type":"LineString","coordinates":[[-77.473,37.5781],[-77.472,37.5767],[-77.47,37.5741],[-77.4694,37.5733],[-77.4692,37.5731],[-77.4682,37.5718],[-77.465,37.5674],[-77.4633,37.5653],[-77.4618,37.5641],[-77.4556,37.5605],[-77.4512,37.559],[-77.4449,37.5549],[-77.4418,37.5547],[-77.4349,37.5556],[-77.4319,37.5552],[-77.4273,37.5517],[-77.4268,37.5495],[-77.4257,37.5453],[-77.4257,37.5448],[-77.4251,37.539],[-77.427,37.5365],[-77.4283,37.5351],[-77.4294,37.5336],[-77.4285,37.5316],[-77.4273,37.5308],[-77.4192,37.5254],[-77.4145,37.5212],[-77.4142,37.5204],[-77.4139,37.5173],[-77.4139,37.5172],[-77.4138,37.5163],[-77.4135,37.5129],[-77.4122,37.511],[-77.4102,37.51],[-77.4036,37.5089],[-77.3998,37.5077],[-77.3953,37.5051],[-77.3911,37.5038],[-77.3776,37.5031],[-77.3629,37.5008],[-77.3547,37.4993],[-77.3518,37.4987],[-77.3454,37.4976],[-77.3446,37.4974],[-77.342,37.4969],[-77.3369,37.496],[-77.2965,37.4886],[-77.2892,37.4873],[-77.2683,37.4833],[-77.2418,37.4714],[-77.2362,37.4698],[-77.2313,37.4691],[-77.2253,37.4692],[-77.2209,37.4699],[-77.19,37.4793],[-77.1829,37.48],[-77.1791,37.4796],[-77.1755,37.4785],[-77.1484,37.4663],[-77.1409,37.4639],[-77.1285,37.4612],[-77.1178,37.4588],[-77.0943,37.4537],[-77.0648,37.4472],[-77.0514,37.4431],[-77.0473,37.442],[-77.0408,37.441],[-77.0369,37.4405],[-77.0287,37.4392],[-77.0073,37.4345],[-76.9839,37.428],[-76.9542,37.4227],[-76.9499,37.421],[-76.919,37.4043],[-76.917,37.4035],[-76.9134,37.4036],[-76.9089,37.406],[-76.9059,37.4067],[-76.8995,37.4069],[-76.894,37.4048],[-76.8736,37.3954],[-76.8704,37.3944],[-76.8621,37.3936],[-76.8592,37.3927],[-76.8569,37.3912],[-76.8516,37.3864],[-76.8497,37.3854],[-76.846,37.3851],[-76.8428,37.3861],[-76.8245,37.3938],[-76.8215,37.3945],[-76.8187,37.3945],[-76.8151,37.3936],[-76.8104,37.3909],[-76.8086,37.3893],[-76.8046,37.3841],[-76.8002,37.3816],[-76.7954,37.38],[-76.7852,37.3799],[-76.7818,37.3797],[-76.7779,37.3787],[-76.7747,37.377],[-76.7716,37.3742],[-76.7698,37.3715],[-76.76,37.3494],[-76.7574,37.3458],[-76.7542,37.3425],[-76.7527,37.3408],[-76.7494,37.3374],[-76.7422,37.3298],[-76.7366,37.3234],[-76.7316,37.3124],[-76.7283,37.3047],[-76.7271,37.3021],[-76.7244,37.2958],[-76.719,37.2841],[-76.7165,37.2811],[-76.713,37.2786],[-76.7083,37.2766],[-76.697,37.2752],[-76.6924,37.274],[-76.688,37.2718],[-76.6801,37.2657],[-76.6765,37.2629],[-76.6716,37.259],[-76.6685,37.2566],[-76.663,37.2522],[-76.6627,37.252],[-76.6527,37.2441],[-76.6467,37.2398],[-76.6386,37.2379],[-76.6321,37.2363],[-76.627,37.2329],[-76.6135,37.2224],[-76.6066,37.2171],[-76.6027,37.2149],[-76.5916,37.2107],[-76.586,37.208],[-76.5819,37.205],[-76.5701,37.1904],[-76.5644,37.1833],[-76.5638,37.1825],[-76.55,37.1649],[-76.5405,37.1529],[-76.5225,37.13],[-76.5022,37.1042]]}},{"type":"Feature","properties":{"n":1,"a":"amtrak"},"geometry":{"type":"LineString","coordinates":[[-79.9691,40.4585],[-79.9649,40.4602],[-79.9618,40.4608],[-79.9579,40.4612],[-79.9558,40.4607],[-79.9515,40.4566],[-79.9471,40.4465],[-79.9469,40.444],[-79.9488,40.4412],[-79.9497,40.4401],[-79.9497,40.4386],[-79.9496,40.4292],[-79.9507,40.4272],[-79.9522,40.4253],[-79.9515,40.4234],[-79.95,40.4213],[-79.9454,40.4128],[-79.9437,40.4053],[-79.9427,40.4023],[-79.9404,40.4003],[-79.9372,40.3995],[-79.9339,40.3998],[-79.9308,40.4009],[-79.9275,40.4033],[-79.9213,40.4112],[-79.9161,40.4152],[-79.9143,40.416],[-79.9095,40.4171],[-79.9026,40.4179],[-79.8954,40.4173],[-79.8907,40.4161],[-79.8884,40.4151],[-79.881,40.4107],[-79.879,40.4093],[-79.877,40.4061],[-79.8738,40.4031],[-79.8662,40.396],[-79.8613,40.3932],[-79.8518,40.3896],[-79.8485,40.3871],[-79.842,40.3811],[-79.8393,40.3784],[-79.8362,40.3739],[-79.8353,40.3718],[-79.8345,40.3641],[-79.8354,40.3618],[-79.8374,40.3596],[-79.8411,40.356],[-79.8438,40.3545],[-79.8479,40.3533],[-79.8527,40.3529],[-79.8533,40.3529],[-79.8548,40.3529],[-79.8587,40.3527],[-79.8618,40.3524],[-79.8688,40.3515],[-79.8705,40.3507],[-79.8712,40.3497],[-79.871,40.3486],[-79.8695,40.3444],[-79.8677,40.3416],[-79.864,40.3382],[-79.855,40.3323],[-79.8527,40.3309],[-79.8451,40.3257],[-79.8414,40.3242],[-79.84,40.3228],[-79.8385,40.32],[-79.8366,40.3165],[-79.8353,40.3151],[-79.8323,40.3136],[-79.8297,40.3134],[-79.8272,40.3144],[-79.82,40.3193],[-79.8147,40.321],[-79.8092,40.3215],[-79.7986,40.32],[-79.7915,40.3171],[-79.7897,40.3151],[-79.7887,40.3128],[-79.7896,40.3103],[-79.792,40.3076],[-79.795,40.3059],[-79.7987,40.3046],[-79.8031,40.3031],[-79.8052,40.3008],[-79.8054,40.2993],[-79.805,40.2978],[-79.802,40.2951],[-79.7999,40.2946],[-79.7979,40.2949],[-79.7925,40.2989],[-79.7897,40.2994],[-79.7874,40.2991],[-79.7832,40.2966],[-79.7784,40.2932],[-79.7761,40.2907],[-79.7741,40.2886],[-79.7738,40.2873],[-79.7751,40.2842],[-79.7768,40.2824],[-79.7784,40.2814],[-79.7849,40.2802],[-79.7925,40.2804],[-79.7945,40.2797],[-79.7956,40.2778],[-79.7946,40.2741],[-79.7934,40.2718],[-79.7869,40.2639],[-79.7873,40.2604],[-79.7896,40.2566],[-79.796,40.2511],[-79.7984,40.2464],[-79.8049,40.2375],[-79.8046,40.2352],[-79.8031,40.2333],[-79.8012,40.2324],[-79.7965,40.2315],[-79.7872,40.2298],[-79.7815,40.2297],[-79.775,40.2297],[-79.7669,40.2284],[-79.7652,40.2276],[-79.764,40.2261],[-79.7635,40.224],[-79.7646,40.2187],[-79.7664,40.2124],[-79.7689,40.2082],[-79.7692,40.2052],[-79.7687,40.2034],[-79.7675,40.2014],[-79.7659,40.1999],[-79.7595,40.1966],[-79.7576,40.195],[-79.7568,40.1935],[-79.7566,40.1899],[-79.7576,40.1885],[-79.7599,40.1873],[-79.7716,40.1857],[-79.7744,40.1848],[-79.7763,40.1835],[-79.7772,40.1823],[-79.7774,40.1809],[-79.777,40.1799],[-79.7758,40.179],[-79.766,40.1783],[-79.7633,40.1767],[-79.7618,40.1747],[-79.7604,40.1695],[-79.7588,40.1639],[-79.7567,40.1611],[-79.7547,40.16],[-79.7529,40.1596],[-79.7478,40.1603],[-79.7452,40.1598],[-79.7433,40.1579],[-79.7435,40.1554],[-79.7456,40.1506],[-79.7453,40.1488],[-79.744,40.1462],[-79.742,40.1408],[-79.7423,40.1332],[-79.743,40.1272],[-79.7446,40.1249],[-79.7471,40.1232],[-79.7523,40.1203],[-79.7565,40.1178],[-79.7581,40.1159],[-79.7584,40.1134],[-79.7571,40.1113],[-79.7503,40.1058],[-79.745,40.1043],[-79.7433,40.1033],[-79.7424,40.1019],[-79.7415,40.0963],[-79.7407,40.0951],[-79.7391,40.094],[-79.7346,40.0917],[-79.7233,40.0902],[-79.7188,40.0895],[-79.714,40.0879],[-79.711,40.0859],[-79.7105,40.0846],[-79.7118,40.0815],[-79.714,40.0796],[-79.719,40.0773],[-79.7242,40.0758],[-79.7252,40.0745],[-79.7249,40.0728],[-79.712,40.0643],[-79.7027,40.0614],[-79.7015,40.0599],[-79.6998,40.0543],[-79.6984,40.0529],[-79.6965,40.0523],[-79.6943,40.053],[-79.6937,40.0539],[-79.6931,40.0565],[-79.6916,40.0585],[-79.6884,40.0613],[-79.6859,40.0618],[-79.6826,40.0611],[-79.6808,40.0601],[-79.6779,40.0549],[-79.6762,40.0533],[-79.6726,40.0521],[-79.6668,40.0511],[-79.6554,40.046],[-79.6444,40.0395],[-79.6395,40.0378],[-79.6361,40.0375],[-79.6306,40.0392],[-79.6266,40.0448],[-79.6236,40.0466],[-79.6206,40.0477],[-79.6141,40.0485],[-79.6109,40.0477],[-79.6081,40.0462],[-79.599,40.0415],[-79.5974,40.0401],[-79.5961,40.0362],[-79.5964,40.0349],[-79.5976,40.0334],[-79.601,40.0299],[-79.6019,40.0269],[-79.6007,40.0247],[-79.5972,40.0226],[-79.593,40.0201],[-79.592,40.0171],[-79.5915,40.0135],[-79.5943,40.0019],[-79.5935,39.9974],[-79.5933,39.9967],[-79.5922,39.992],[-79.5901,39.988],[-79.585,39.9813],[-79.5841,39.9774],[-79.5829,39.9757],[-79.5811,39.9748],[-79.5727,39.9729],[-79.5701,39.9706],[-79.5667,39.9672],[-79.5624,39.9659],[-79.5587,39.9663],[-79.5531,39.9695],[-79.5491,39.9703],[-79.5463,39.9701],[-79.542,39.9684],[-79.5379,39.9675],[-79.525,39.9666],[-79.5191,39.9669],[-79.513,39.9682],[-79.5113,39.9681],[-79.5096,39.9674],[-79.5029,39.9638],[-79.497,39.9588],[-79.496,39.9575],[-79.4934,39.9504],[-79.4882,39.9479],[-79.486,39.946],[-79.4855,39.944],[-79.4858,39.9418],[-79.4886,39.937],[-79.4871,39.9334],[-79.4866,39.9284],[-79.4855,39.9276],[-79.4822,39.927],[-79.4805,39.9261],[-79.4773,39.9225],[-79.4732,39.9205],[-79.4709,39.9183],[-79.4708,39.917],[-79.4714,39.9148],[-79.4729,39.9132],[-79.4757,39.9123],[-79.4824,39.9117],[-79.4847,39.9094],[-79.487,39.908],[-79.4876,39.9071],[-79.4873,39.9058],[-79.4858,39.905],[-79.4771,39.9049],[-79.4743,39.9036],[-79.4736,39.9022],[-79.4738,39.9004],[-79.4769,39.8951],[-79.4764,39.888],[-79.477,39.8855],[-79.4792,39.882],[-79.4809,39.8803],[-79.4878,39.8773],[-79.4931,39.8743],[-79.4938,39.8728],[-79.4925,39.8713],[-79.4887,39.8708],[-79.4852,39.8692],[-79.4767,39.8615],[-79.4695,39.8573],[-79.4623,39.8556],[-79.4603,39.854],[-79.4604,39.8474],[-79.459,39.8459],[-79.4564,39.8453],[-79.4533,39.8463],[-79.4495,39.8518],[-79.4469,39.8537],[-79.444,39.855],[-79.4418,39.8552],[-79.4332,39.854],[-79.431,39.8542],[-79.4271,39.8555],[-79.4214,39.8558],[-79.4194,39.8555],[-79.4171,39.8542],[-79.4101,39.8506],[-79.3969,39.8454],[-79.3931,39.8435],[-79.3897,39.8409],[-79.3818,39.8369],[-79.3809,39.8351],[-79.3821,39.8304],[-79.3808,39.8286],[-79.3787,39.8281],[-79.3747,39.8288],[-79.3714,39.8282],[-79.3682,39.8249],[-79.3651,39.8213],[-79.3638,39.8175],[-79.3622,39.8151],[-79.3597,39.8131],[-79.3563,39.8124],[-79.3435,39.8139],[-79.3358,39.8105],[-79.3319,39.8099],[-79.3298,39.8109],[-79.3281,39.8134],[-79.3257,39.8159],[-79.3201,39.8196],[-79.3175,39.8238],[-79.3127,39.8272],[-79.3084,39.828],[-79.3016,39.8265],[-79.2952,39.8285],[-79.2939,39.8295],[-79.2926,39.8308],[-79.2902,39.8313],[-79.2856,39.8306],[-79.2827,39.8287],[-79.2807,39.8281],[-79.2736,39.8298],[-79.2717,39.831],[-79.2697,39.8333],[-79.2673,39.8344],[-79.2637,39.8345],[-79.2597,39.8321],[-79.2581,39.8323],[-79.2568,39.8334],[-79.2555,39.8362],[-79.2549,39.8393],[-79.254,39.8407],[-79.2518,39.8417],[-79.2485,39.8415],[-79.2467,39.8419],[-79.2457,39.8429],[-79.2445,39.8449],[-79.2432,39.8458],[-79.2326,39.8483],[-79.2304,39.8498],[-79.2282,39.8522],[-79.2275,39.8548],[-79.2307,39.8642],[-79.2334,39.8734],[-79.2329,39.8753],[-79.2305,39.8786],[-79.2299,39.8822],[-79.2292,39.8833],[-79.2267,39.8848],[-79.2238,39.8854],[-79.2148,39.884],[-79.2109,39.884],[-79.2082,39.8848],[-79.2064,39.8868],[-79.2062,39.8883],[-79.2076,39.8935],[-79.2073,39.8949],[-79.2065,39.896],[-79.2025,39.8982],[-79.1919,39.9006],[-79.1903,39.9017],[-79.1873,39.9061],[-79.1851,39.9082],[-79.1826,39.9093],[-79.1777,39.91],[-79.1685,39.9112],[-79.1626,39.913],[-79.1574,39.9137],[-79.1526,39.9142],[-79.1501,39.9138],[-79.1467,39.9127],[-79.1447,39.9113],[-79.1435,39.9099],[-79.1428,39.9076],[-79.1414,39.9063],[-79.1392,39.9056],[-79.1363,39.9058],[-79.1311,39.9042],[-79.127,39.9011],[-79.1244,39.8975],[-79.1239,39.8912],[-79.1233,39.8897],[-79.1129,39.8807],[-79.11,39.8798],[-79.1067,39.8795],[-79.1016,39.8817],[-79.0978,39.8823],[-79.0942,39.8819],[-79.0922,39.8804],[-79.0909,39.8781],[-79.089,39.8769],[-79.0831,39.877],[-79.0805,39.8762],[-79.0742,39.8708],[-79.072,39.8705],[-79.0683,39.8711],[-79.0664,39.8707],[-79.0646,39.8689],[-79.063,39.8645],[-79.0604,39.8628],[-79.0567,39.8613],[-79.0498,39.8583],[-79.0483,39.8565],[-79.0489,39.8544],[-79.0544,39.8489],[-79.0557,39.8469],[-79.0551,39.8452],[-79.0532,39.8443],[-79.0472,39.8431],[-79.0414,39.8379],[-79.0413,39.836],[-79.044,39.8331],[-79.044,39.832],[-79.0435,39.8309],[-79.042,39.83],[-79.0367,39.8284],[-79.0346,39.8267],[-79.0308,39.8212],[-79.024,39.8164],[-79.021,39.8151],[-79.0142,39.8154],[-79.0086,39.8178],[-79.0028,39.8194],[-78.9972,39.8194],[-78.9958,39.8185],[-78.9952,39.8172],[-78.9955,39.8159],[-78.9969,39.8134],[-78.996,39.8113],[-78.9935,39.8098],[-78.9876,39.8084],[-78.9852,39.8066],[-78.983,39.7992],[-78.9812,39.7977],[-78.978,39.7972],[-78.973,39.7982],[-78.967,39.8028],[-78.9568,39.8154],[-78.951,39.819],[-78.9494,39.8213],[-78.9481,39.8246],[-78.9386,39.8282],[-78.938,39.8292],[-78.9381,39.8302],[-78.9405,39.832],[-78.9409,39.8332],[-78.9403,39.8346],[-78.9385,39.8356],[-78.9366,39.8355],[-78.9331,39.8342],[-78.9295,39.8358],[-78.9273,39.8355],[-78.9232,39.8331],[-78.9171,39.8262],[-78.9114,39.822],[-78.8935,39.8139],[-78.876,39.8096],[-78.8713,39.809],[-78.8496,39.8097],[-78.8482,39.8106],[-78.8478,39.8118],[-78.85,39.8167],[-78.8499,39.818],[-78.8492,39.819],[-78.8468,39.8202],[-78.8442,39.8207],[-78.8349,39.8202],[-78.8334,39.8205],[-78.8319,39.8217],[-78.8264,39.8282],[-78.8205,39.8303],[-78.8173,39.8313],[-78.8164,39.8322],[-78.8164,39.8333],[-78.8183,39.8365],[-78.8177,39.8381],[-78.816,39.8388],[-78.8108,39.8397],[-78.8083,39.8432],[-78.8031,39.8451],[-78.8001,39.844],[-78.7973,39.8437],[-78.7946,39.8424],[-78.7918,39.8417],[-78.7885,39.8386],[-78.7809,39.8373],[-78.7741,39.8345],[-78.7717,39.8328],[-78.7685,39.827],[-78.7673,39.8261],[-78.7624,39.8257],[-78.7592,39.8241],[-78.7575,39.8243],[-78.752,39.8307],[-78.751,39.8348],[-78.7501,39.8356],[-78.7485,39.8359],[-78.7445,39.8356],[-78.7364,39.8332],[-78.7344,39.8322],[-78.7319,39.8301],[-78.7267,39.8292],[-78.7243,39.8282],[-78.7221,39.8264],[-78.721,39.8249],[-78.7199,39.8214],[-78.7194,39.8178],[-78.7199,39.7927],[-78.7225,39.7792],[-78.7243,39.7736],[-78.7323,39.7585],[-78.735,39.7545],[-78.7464,39.742],[-78.7502,39.7399],[-78.7612,39.7366],[-78.7701,39.7266],[-78.7726,39.723],[-78.774,39.7202],[-78.7816,39.7051],[-78.7872,39.697],[-78.787,39.6955],[-78.784,39.6915],[-78.7823,39.6887],[-78.7823,39.6859],[-78.7891,39.6753],[-78.7895,39.6726],[-78.7887,39.6708],[-78.7835,39.6687],[-78.7819,39.6676],[-78.7805,39.6655],[-78.7798,39.6623],[-78.7777,39.661],[-78.7728,39.6598],[-78.7621,39.6556],[-78.7593,39.6538],[-78.758,39.6502],[-78.7582,39.6482],[-78.7599,39.6456],[-78.7621,39.6432],[-78.7642,39.642],[-78.7662,39.6399],[-78.7673,39.6373],[-78.7671,39.6355],[-78.7655,39.6331],[-78.7638,39.6317],[-78.7517,39.6301],[-78.7497,39.6299],[-78.7418,39.628],[-78.7387,39.6265],[-78.7364,39.6253],[-78.7345,39.6234],[-78.7311,39.617],[-78.7309,39.6155],[-78.7316,39.6136],[-78.7398,39.6015],[-78.7416,39.5984],[-78.7414,39.5964],[-78.7385,39.5908],[-78.7384,39.5904],[-78.7364,39.5867],[-78.7344,39.5823],[-78.7342,39.5783],[-78.7334,39.576],[-78.729,39.571],[-78.7268,39.5648],[-78.7255,39.5637],[-78.7237,39.5633],[-78.7197,39.5633],[-78.7152,39.5616],[-78.7118,39.5594],[-78.7075,39.5557],[-78.6966,39.551],[-78.6907,39.5462],[-78.6867,39.5447],[-78.6809,39.5432],[-78.6789,39.5421],[-78.6752,39.5398],[-78.6716,39.5385],[-78.6578,39.535],[-78.6548,39.5343],[-78.6518,39.5343],[-78.6376,39.5348],[-78.6169,39.5328],[-78.6161,39.5327],[-78.6134,39.5324],[-78.6032,39.5316],[-78.6016,39.5321],[-78.5988,39.5339],[-78.5965,39.5341],[-78.5868,39.5273],[-78.5779,39.5243],[-78.5738,39.5222],[-78.5663,39.5182],[-78.5614,39.5171],[-78.5555,39.5175],[-78.536,39.523],[-78.5299,39.5228],[-78.5214,39.5238],[-78.5189,39.5234],[-78.5138,39.5217],[-78.5014,39.5176],[-78.4929,39.517],[-78.4841,39.518],[-78.4808,39.5176],[-78.473,39.5157],[-78.4683,39.5165],[-78.463,39.5199],[-78.4617,39.5215],[-78.4606,39.5244],[-78.4593,39.5284],[-78.4579,39.5304],[-78.4492,39.5376],[-78.4452,39.5387],[-78.4379,39.538],[-78.4352,39.5393],[-78.4342,39.541],[-78.4339,39.5428],[-78.4358,39.5496],[-78.4341,39.553],[-78.4296,39.5604],[-78.4291,39.5612],[-78.4262,39.5653],[-78.4152,39.576],[-78.4121,39.5773],[-78.4056,39.5779],[-78.4019,39.5782],[-78.3988,39.5793],[-78.3965,39.5809],[-78.3946,39.5835],[-78.3941,39.5856],[-78.3945,39.5876],[-78.3957,39.5899],[-78.3988,39.5928],[-78.3995,39.5942],[-78.3994,39.5959],[-78.3974,39.5993],[-78.3941,39.6045],[-78.3927,39.6058],[-78.3906,39.6065],[-78.3867,39.6064],[-78.3788,39.606],[-78.376,39.6068],[-78.3734,39.6083],[-78.3718,39.6101],[-78.3711,39.6123],[-78.3719,39.6143],[-78.3743,39.617],[-78.3768,39.6194],[-78.3787,39.6214],[-78.3793,39.6242],[-78.3784,39.626],[-78.376,39.6275],[-78.3728,39.6276],[-78.3615,39.6245],[-78.3578,39.6248],[-78.3548,39.6262],[-78.3532,39.6282],[-78.353,39.6304],[-78.3537,39.632],[-78.3568,39.6359],[-78.3569,39.638],[-78.356,39.639],[-78.3544,39.6396],[-78.3491,39.6388],[-78.3421,39.6373],[-78.337,39.6372],[-78.334,39.6366],[-78.33,39.6349],[-78.3229,39.6332],[-78.3122,39.6288],[-78.2908,39.6214],[-78.2741,39.6184],[-78.269,39.618],[-78.2656,39.6188],[-78.2639,39.62],[-78.2627,39.622],[-78.2627,39.6265],[-78.2612,39.6303],[-78.2551,39.6381],[-78.2515,39.6416],[-78.2468,39.6443],[-78.2419,39.6483],[-78.2363,39.6516],[-78.2253,39.6579],[-78.224,39.6594],[-78.2232,39.6611],[-78.2233,39.6624],[-78.2241,39.6637],[-78.2318,39.6701],[-78.2322,39.6718],[-78.2314,39.6731],[-78.2295,39.6741],[-78.2236,39.675],[-78.2099,39.6756],[-78.2045,39.6759],[-78.2014,39.677],[-78.1961,39.6821],[-78.1921,39.6883],[-78.19,39.6901],[-78.1879,39.6908],[-78.1805,39.6921],[-78.1785,39.6924],[-78.1717,39.6922],[-78.1584,39.69],[-78.1465,39.6897],[-78.1266,39.6843],[-78.1132,39.6821],[-78.098,39.6767],[-78.0885,39.6706],[-78.0819,39.6682],[-78.0762,39.6663],[-78.0735,39.6648],[-78.06,39.6542],[-78.0554,39.6515],[-78.0537,39.65],[-78.0491,39.6438],[-78.0418,39.639],[-78.0373,39.6335],[-78.0345,39.6296],[-78.0305,39.6243],[-78.0261,39.6205],[-78.0205,39.6156],[-78.016,39.6079],[-78.0115,39.6035],[-78.0109,39.6019],[-78.0109,39.5985],[-78.0096,39.5964],[-77.9961,39.5919],[-77.9908,39.5907],[-77.9854,39.5907],[-77.983,39.5893],[-77.9826,39.5872],[-77.9847,39.5806],[-77.9839,39.5791],[-77.9803,39.5772],[-77.9791,39.5757],[-77.9791,39.5743],[-77.9815,39.5677],[-77.9802,39.5631],[-77.9794,39.5601],[-77.9806,39.556],[-77.9802,39.5528],[-77.9776,39.5482],[-77.9736,39.5452],[-77.9726,39.5439],[-77.9703,39.5326],[-77.9697,39.5288],[-77.97,39.5231],[-77.9687,39.5194],[-77.9674,39.5119],[-77.9666,39.509],[-77.9633,39.5052],[-77.9626,39.5035],[-77.964,39.4952],[-77.9621,39.4884],[-77.9619,39.4857],[-77.9629,39.4818],[-77.9657,39.4772],[-77.9658,39.4748],[-77.9651,39.4731],[-77.9643,39.4713],[-77.9645,39.4679],[-77.9628,39.4651],[-77.9624,39.4624],[-77.9606,39.4584]]}},{"type":"Feature","properties":{"n":1,"a":"amtrak"},"geometry":{"type":"LineString","coordinates":[[-81.6891,41.5086],[-81.6732,41.5168],[-81.6561,41.5252],[-81.6544,41.526],[-81.6497,41.5282],[-81.6438,41.5311],[-81.6333,41.5363],[-81.617,41.5444],[-81.5991,41.5524],[-81.5884,41.5571],[-81.5847,41.5588],[-81.578,41.5618],[-81.5739,41.5633],[-81.5661,41.5659],[-81.5576,41.5697],[-81.5502,41.5741],[-81.5388,41.5799],[-81.5308,41.5842],[-81.5194,41.5901],[-81.4938,41.6032],[-81.4884,41.606],[-81.4807,41.6099],[-81.4157,41.643],[-81.4149,41.6434],[-81.4107,41.6455],[-81.4061,41.6467],[-81.398,41.6472],[-81.3934,41.648],[-81.389,41.6497],[-81.3821,41.6537],[-81.3483,41.6732],[-81.3175,41.6911],[-81.3038,41.699],[-81.2857,41.7094],[-81.2549,41.7272],[-81.2494,41.7303],[-81.2376,41.7369],[-81.2299,41.7383],[-81.2258,41.739],[-81.2159,41.7419],[-81.1649,41.752],[-81.1403,41.7569],[-81.0422,41.7764],[-81.0026,41.7868],[-80.9481,41.8065],[-80.911,41.8229],[-80.8728,41.84],[-80.8528,41.8488],[-80.837,41.8559],[-80.8027,41.8711],[-80.8004,41.8721],[-80.7984,41.873],[-80.794,41.8753],[-80.7848,41.8815],[-80.7777,41.8842],[-80.7686,41.8867],[-80.758,41.8896],[-80.7393,41.8947],[-80.6897,41.9085],[-80.6582,41.9269],[-80.6541,41.9287],[-80.606,41.9398],[-80.5678,41.9484],[-80.5587,41.95],[-80.5319,41.9534],[-80.5194,41.9549],[-80.5128,41.9559],[-80.5077,41.9573],[-80.4965,41.962],[-80.4279,41.9931],[-80.4094,41.9995],[-80.3882,42.0106],[-80.3817,42.0124],[-80.371,42.0133],[-80.3553,42.0122],[-80.3519,42.0126],[-80.3441,42.015],[-80.2683,42.0386],[-80.2646,42.0398],[-80.2198,42.0595],[-80.2068,42.0661],[-80.1373,42.0948],[-80.1298,42.0985],[-80.124,42.1018],[-80.1112,42.1091],[-80.1015,42.1145],[-80.0952,42.1167],[-80.082,42.1205],[-80.0698,42.1245],[-80.0677,42.1253],[-80.0576,42.1291],[-80.053,42.1307],[-80.0417,42.1349],[-80.0379,42.1364],[-80.0174,42.1439],[-79.9545,42.167],[-79.8554,42.2034],[-79.8429,42.208],[-79.8278,42.2135],[-79.8029,42.2227],[-79.7736,42.2352],[-79.7615,42.2417],[-79.6767,42.2802],[-79.6662,42.2855],[-79.5868,42.3261],[-79.5629,42.3385],[-79.4498,42.3966],[-79.4379,42.4027],[-79.4331,42.4059],[-79.3929,42.4418],[-79.3877,42.4465],[-79.3491,42.4809],[-79.3469,42.4823],[-79.3435,42.4836],[-79.3334,42.4853],[-79.3288,42.486],[-79.3185,42.4877],[-79.3099,42.4913],[-79.3057,42.4935],[-79.3016,42.4956],[-79.2904,42.5013],[-79.238,42.5279],[-79.1999,42.5388],[-79.181,42.5441],[-79.1739,42.5468],[-79.161,42.5516],[-79.1578,42.5521],[-79.1493,42.5521],[-79.145,42.5529],[-79.1414,42.5545],[-79.1318,42.5604],[-79.1239,42.5653],[-79.1145,42.5712],[-79.0852,42.5927],[-79.0565,42.6168],[-79.0332,42.6334],[-79.0278,42.6379],[-78.9921,42.6689],[-78.953,42.7007],[-78.9343,42.7161],[-78.8919,42.7465],[-78.8463,42.7773],[-78.841,42.7821],[-78.8358,42.7896],[-78.8348,42.7929],[-78.8346,42.8006],[-78.8344,42.8095],[-78.8343,42.8119],[-78.8346,42.8215],[-78.8357,42.8267],[-78.837,42.8305],[-78.839,42.8345],[-78.8487,42.8534],[-78.8513,42.8583],[-78.8543,42.8641],[-78.8548,42.8666],[-78.8548,42.8678],[-78.855,42.8722],[-78.8555,42.875],[-78.8548,42.8765],[-78.8531,42.8775]]}},{"type":"Feature","properties":{"n":1,"a":"amtrak"},"geometry":{"type":"LineString","coordinates":[[-77.2239,38.6967],[-77.221,38.7058]]}},{"type":"Feature","properties":{"n":1,"a":"amtrak"},"geometry":{"type":"LineString","coordinates":[[-77.2207,38.709],[-77.2197,38.7114]]}},{"type":"Feature","properties":{"n":1,"a":"amtrak"},"geometry":{"type":"LineString","coordinates":[[-77.2193,38.7119],[-77.2179,38.7135]]}},{"type":"Feature","properties":{"n":1,"a":"amtrak"},"geometry":{"type":"LineString","coordinates":[[-77.2195,38.7117],[-77.2193,38.7119]]}},{"type":"Feature","properties":{"n":1,"a":"amtrak"},"geometry":{"type":"LineString","coordinates":[[-77.2196,38.7113],[-77.2204,38.709],[-77.2196,38.7113]]}},{"type":"Feature","properties":{"n":1,"a":"amtrak"},"geometry":{"type":"LineString","coordinates":[[-77.2205,38.709],[-77.2197,38.7114]]}},{"type":"Feature","properties":{"n":1,"a":"amtrak"},"geometry":{"type":"LineString","coordinates":[[-77.2197,38.7114],[-77.2195,38.7117]]}},{"type":"Feature","properties":{"n":1,"a":"amtrak"},"geometry":{"type":"LineString","coordinates":[[-77.2196,38.7113],[-77.2195,38.7117]]}},{"type":"Feature","properties":{"n":1,"a":"amtrak"},"geometry":{"type":"LineString","coordinates":[[-77.221,38.7061],[-77.2193,38.7119]]}},{"type":"Feature","properties":{"n":1,"a":"amtrak"},"geometry":{"type":"LineString","coordinates":[[-77.221,38.7058],[-77.2197,38.7098]]}},{"type":"Feature","properties":{"n":1,"a":"amtrak"},"geometry":{"type":"LineString","coordinates":[[-77.2195,38.7104],[-77.2189,38.7119]]}},{"type":"Feature","properties":{"n":1,"a":"amtrak"},"geometry":{"type":"LineString","coordinates":[[-77.2195,38.7104],[-77.2178,38.7126]]}},{"type":"Feature","properties":{"n":1,"a":"amtrak"},"geometry":{"type":"LineString","coordinates":[[-77.2197,38.7098],[-77.2195,38.7104]]}},{"type":"Feature","properties":{"n":1,"a":"amtrak"},"geometry":{"type":"LineString","coordinates":[[-77.2196,38.7106],[-77.2193,38.7119]]}},{"type":"Feature","properties":{"n":1,"a":"amtrak"},"geometry":{"type":"LineString","coordinates":[[-77.221,38.7058],[-77.221,38.7061]]}},{"type":"Feature","properties":{"n":1,"a":"amtrak"},"geometry":{"type":"LineString","coordinates":[[-77.221,38.7061],[-77.2196,38.7106]]}},{"type":"Feature","properties":{"n":1,"a":"amtrak"},"geometry":{"type":"LineString","coordinates":[[-77.2197,38.7098],[-77.2196,38.7106]]}},{"type":"Feature","properties":{"n":1,"a":"amtrak"},"geometry":{"type":"LineString","coordinates":[[-77.2193,38.7119],[-77.2193,38.7119]]}},{"type":"Feature","properties":{"n":1,"a":"amtrak"},"geometry":{"type":"LineString","coordinates":[[-77.4207,37.1944],[-77.4211,37.1896],[-77.4205,37.188],[-77.4187,37.1863],[-77.4162,37.1854],[-77.4141,37.1852],[-77.4077,37.1873],[-77.3649,37.2049],[-77.3615,37.2055],[-77.3582,37.2053],[-77.3553,37.2047],[-77.3497,37.2022],[-77.3374,37.1943],[-77.3365,37.1937],[-77.3208,37.1835],[-77.2349,37.1278],[-77.1891,37.098],[-77.1706,37.086],[-77.1673,37.0839],[-77.1553,37.0761],[-77.1006,37.0404],[-77.0958,37.0373],[-77.094,37.0361],[-76.9916,36.9693],[-76.9535,36.9445],[-76.925,36.9258],[-76.8955,36.9066],[-76.8367,36.868],[-76.8338,36.8662],[-76.7502,36.8113],[-76.7075,36.7832],[-76.6917,36.7729],[-76.632,36.7336],[-76.6249,36.7289],[-76.6176,36.7241],[-76.6146,36.7228],[-76.6105,36.7221],[-76.6059,36.7227],[-76.5759,36.7278]]}},{"type":"Feature","properties":{"n":1,"a":"amtrak"},"geometry":{"type":"LineString","coordinates":[[-106.4865,31.7622],[-106.4853,31.7629],[-106.4838,31.7639],[-106.4833,31.7642],[-106.4753,31.7694],[-106.4678,31.7746],[-106.4656,31.7751],[-106.464,31.7753],[-106.4607,31.7757]]}},{"type":"Feature","properties":{"n":1,"a":"amtrak"},"geometry":{"type":"LineString","coordinates":[[-97.3233,32.7501],[-97.3239,32.751],[-97.3251,32.7527],[-97.3262,32.7557],[-97.3271,32.76],[-97.3277,32.7668],[-97.33,32.7738],[-97.3404,32.7897],[-97.3456,32.7973],[-97.3475,32.8013],[-97.3494,32.8155],[-97.3538,32.8231],[-97.3565,32.8278],[-97.3575,32.8309],[-97.3608,32.8562],[-97.3609,32.8565],[-97.361,32.8573],[-97.361,32.8577],[-97.362,32.8655],[-97.3629,32.8721],[-97.3628,32.8838],[-97.3606,32.9414],[-97.3556,32.9569],[-97.3509,32.9699],[-97.3478,32.9742],[-97.3425,32.9787],[-97.3285,32.9901],[-97.3267,32.9926],[-97.3222,33.0009],[-97.3113,33.0215],[-97.3062,33.0386],[-97.2993,33.0567],[-97.2953,33.0681],[-97.2955,33.0827],[-97.2948,33.0884],[-97.2893,33.1287],[-97.2897,33.1619],[-97.287,33.1831],[-97.2861,33.1886],[-97.2839,33.1927],[-97.2696,33.2069],[-97.2614,33.2165],[-97.2416,33.2459],[-97.2402,33.2487],[-97.2382,33.2571],[-97.2368,33.2601],[-97.2339,33.2659],[-97.2266,33.2803],[-97.2244,33.2829],[-97.2183,33.288],[-97.2041,33.2992],[-97.1695,33.3212],[-97.1677,33.3232],[-97.1672,33.3262],[-97.1693,33.3634],[-97.1705,33.3864],[-97.1622,33.4237],[-97.1544,33.4583],[-97.1545,33.4606],[-97.1576,33.4718],[-97.1607,33.4828],[-97.1613,33.4871],[-97.1627,33.4961],[-97.165,33.5123],[-97.1645,33.517],[-97.1404,33.568],[-97.1396,33.571],[-97.1385,33.5791],[-97.1401,33.5899],[-97.1397,33.62],[-97.1402,33.6234],[-97.1409,33.6262],[-97.1423,33.6321],[-97.1445,33.6414],[-97.1477,33.6474],[-97.1493,33.65],[-97.1496,33.6505],[-97.1572,33.6631],[-97.1606,33.6688],[-97.166,33.6779],[-97.1669,33.6814],[-97.1649,33.6956],[-97.1656,33.7028],[-97.1646,33.711],[-97.165,33.7145],[-97.1646,33.7215],[-97.1652,33.7251],[-97.1647,33.7268],[-97.1628,33.7291],[-97.159,33.7336],[-97.1576,33.7378],[-97.1577,33.74],[-97.1605,33.7525],[-97.1603,33.7553],[-97.1588,33.7585],[-97.1545,33.7633],[-97.1517,33.7687],[-97.1477,33.7728],[-97.1473,33.7751],[-97.1484,33.7819],[-97.1462,33.7893],[-97.139,33.8123],[-97.1233,33.8626],[-97.1177,33.9247],[-97.1156,33.9486],[-97.1162,33.9536],[-97.1173,33.9592],[-97.1171,33.9637],[-97.1058,34.0012],[-97.1054,34.0041],[-97.1056,34.0068],[-97.1067,34.0101],[-97.1083,34.0129],[-97.119,34.0231],[-97.1295,34.0371],[-97.1325,34.0424],[-97.1372,34.0585],[-97.1384,34.0686],[-97.1386,34.071],[-97.1432,34.1194],[-97.1373,34.1536],[-97.1357,34.1574],[-97.1323,34.1622],[-97.1307,34.1642],[-97.1305,34.1645],[-97.1196,34.1792],[-97.1135,34.1873],[-97.109,34.1913],[-97.1035,34.2002],[-97.098,34.2072],[-97.097,34.2099],[-97.0959,34.2113],[-97.0906,34.2136],[-97.0888,34.2151],[-97.0878,34.2166],[-97.0866,34.2208],[-97.0808,34.2284],[-97.0738,34.2323],[-97.0715,34.2346],[-97.0672,34.2456],[-97.0628,34.2494],[-97.0616,34.2512],[-97.0615,34.26],[-97.0598,34.2677],[-97.0589,34.2694],[-97.0559,34.2716],[-97.0476,34.2746],[-97.043,34.2755],[-97.0391,34.2762],[-97.0369,34.2783],[-97.0367,34.2814],[-97.038,34.2853],[-97.0395,34.2892],[-97.0418,34.2947],[-97.0423,34.296],[-97.047,34.3076],[-97.0478,34.31],[-97.0477,34.3127],[-97.0464,34.3154],[-97.0423,34.3198],[-97.0423,34.3211],[-97.0433,34.3234],[-97.0428,34.3258],[-97.0412,34.3273],[-97.0374,34.329],[-97.036,34.331],[-97.0363,34.3333],[-97.0385,34.3371],[-97.0407,34.341],[-97.0409,34.3425],[-97.0405,34.344],[-97.0388,34.3456],[-97.0341,34.3477],[-97.0311,34.3498],[-97.0307,34.3511],[-97.0311,34.3524],[-97.0336,34.3542],[-97.0345,34.3556],[-97.0332,34.3616],[-97.0325,34.3733],[-97.0331,34.3755],[-97.0393,34.3838],[-97.048,34.3921],[-97.0495,34.3936],[-97.0572,34.4009],[-97.0585,34.4021],[-97.0685,34.4116],[-97.0748,34.4193],[-97.0886,34.4256],[-97.091,34.4277],[-97.0929,34.431],[-97.0997,34.4428],[-97.1016,34.4466],[-97.1013,34.4503],[-97.101,34.4534],[-97.1023,34.4564],[-97.1031,34.4598],[-97.1042,34.462],[-97.1088,34.4679],[-97.1103,34.4786],[-97.1148,34.4883],[-97.116,34.4909],[-97.1226,34.5046],[-97.1269,34.5134],[-97.1606,34.5837],[-97.1668,34.6154],[-97.168,34.6219],[-97.1682,34.6227],[-97.1682,34.6228],[-97.1714,34.6398],[-97.1716,34.6405],[-97.1764,34.6644],[-97.1776,34.667],[-97.1881,34.6833],[-97.1998,34.7184],[-97.2019,34.7247],[-97.2038,34.7285],[-97.2098,34.7343],[-97.2137,34.7378],[-97.2183,34.7418],[-97.2226,34.7456],[-97.2239,34.7467],[-97.2264,34.7489],[-97.2343,34.7558],[-97.2444,34.7623],[-97.2478,34.7669],[-97.2487,34.7698],[-97.2489,34.7722],[-97.2474,34.7856],[-97.2532,34.81],[-97.2547,34.8169],[-97.2546,34.8338],[-97.2537,34.8419],[-97.2554,34.8506],[-97.2578,34.8551],[-97.2592,34.8574],[-97.2613,34.8588],[-97.2652,34.8605],[-97.272,34.8625],[-97.2793,34.8699],[-97.2804,34.8726],[-97.2801,34.8775],[-97.2857,34.8882],[-97.2897,34.9041],[-97.2923,34.9069],[-97.305,34.9143],[-97.3243,34.9256],[-97.3276,34.929],[-97.3467,34.952],[-97.3501,34.9548],[-97.3512,34.9563],[-97.3529,34.9701],[-97.3543,34.9724],[-97.3585,34.9765],[-97.3592,34.9782],[-97.358,34.9973],[-97.3578,34.9997],[-97.3574,35.0055],[-97.3572,35.0094],[-97.3561,35.0239],[-97.3564,35.026],[-97.3575,35.0284],[-97.359,35.0319],[-97.3599,35.0405],[-97.3615,35.0464],[-97.3804,35.0832],[-97.3891,35.0999],[-97.3905,35.1032],[-97.3909,35.1068],[-97.3899,35.119],[-97.3898,35.1235],[-97.3906,35.127],[-97.392,35.1296],[-97.3963,35.1356],[-97.3997,35.143],[-97.4143,35.1745],[-97.443,35.2198],[-97.4601,35.2468],[-97.482,35.2865],[-97.4831,35.2912],[-97.4829,35.2986],[-97.4844,35.3214],[-97.4845,35.3275],[-97.4845,35.3465],[-97.4845,35.3505]]}},{"type":"Feature","properties":{"n":1,"a":"amtrak"},"geometry":{"type":"LineString","coordinates":[[-97.3215,32.7437],[-97.3208,32.7446],[-97.3196,32.7446],[-97.3187,32.7444],[-97.3113,32.7429],[-97.3081,32.7427],[-97.3013,32.7441],[-97.2982,32.7441],[-97.2867,32.7415],[-97.2813,32.7383],[-97.2722,32.734],[-97.2693,32.7338],[-97.254,32.7347],[-97.2483,32.7334],[-97.2398,32.731],[-97.2238,32.733],[-97.2131,32.7309],[-97.2009,32.7285],[-97.1963,32.7284],[-97.1743,32.7314],[-97.1664,32.7316],[-97.1527,32.7338],[-97.1463,32.7343],[-97.1355,32.7351],[-97.125,32.7379],[-97.1041,32.7372],[-97.0904,32.7368],[-97.0834,32.7394],[-97.0746,32.7428],[-97.0636,32.7426],[-97.0618,32.7423],[-97.0488,32.7398],[-97.044,32.739],[-97.0356,32.7395],[-97.0202,32.7414],[-97.016,32.742],[-97.0081,32.7444],[-96.9881,32.7455],[-96.9703,32.7463],[-96.9582,32.7474],[-96.9518,32.7485],[-96.9472,32.7501],[-96.9308,32.7582],[-96.9076,32.77],[-96.8997,32.7721],[-96.8963,32.7728],[-96.8944,32.7732],[-96.8901,32.7741],[-96.8874,32.7747],[-96.8744,32.7772],[-96.8606,32.7756],[-96.8564,32.7751],[-96.8461,32.7737],[-96.8433,32.7735],[-96.8389,32.774],[-96.8304,32.7757],[-96.8264,32.7766],[-96.816,32.7788],[-96.8115,32.7796]]}},{"type":"Feature","properties":{"n":1,"a":"amtrak"},"geometry":{"type":"LineString","coordinates":[[-97.9626,29.8545],[-97.9526,29.8627],[-97.9436,29.8742],[-97.9417,29.8757],[-97.9401,29.8768],[-97.9388,29.8774],[-97.9339,29.8801],[-97.9305,29.882],[-97.928,29.8842],[-97.9271,29.8859],[-97.9275,29.8902],[-97.9264,29.892],[-97.9244,29.894],[-97.91,29.9062],[-97.9072,29.9098],[-97.9065,29.9107],[-97.9043,29.9137],[-97.9037,29.9157],[-97.9058,29.9231],[-97.9053,29.9275],[-97.9041,29.9291],[-97.8966,29.9359],[-97.8786,29.958],[-97.8777,29.9599],[-97.8765,29.9652],[-97.8771,29.9691],[-97.8783,29.9738],[-97.8776,29.9772],[-97.8754,29.9858],[-97.8729,29.9983],[-97.8677,30.0254],[-97.8618,30.0461],[-97.8608,30.0495],[-97.8595,30.0535],[-97.8575,30.057],[-97.8573,30.0574],[-97.8499,30.0694],[-97.8441,30.0789],[-97.8421,30.0825],[-97.8329,30.1132],[-97.832,30.1183],[-97.8322,30.1311],[-97.8275,30.1506],[-97.8199,30.1744],[-97.8178,30.1783],[-97.8117,30.1873],[-97.7927,30.2147],[-97.7912,30.2157],[-97.7866,30.2175],[-97.7804,30.2184],[-97.7784,30.2197],[-97.7771,30.2218],[-97.7766,30.2274],[-97.7708,30.2438],[-97.7694,30.2457],[-97.7647,30.2493],[-97.7621,30.2523],[-97.7533,30.2671],[-97.7541,30.2685],[-97.7648,30.2735],[-97.7672,30.2767],[-97.7675,30.2787],[-97.7653,30.2838],[-97.7603,30.2915],[-97.7584,30.2979],[-97.7585,30.3038],[-97.756,30.32],[-97.7554,30.3354],[-97.7438,30.3605],[-97.7354,30.3805],[-97.7288,30.3964],[-97.7285,30.4013],[-97.7292,30.411],[-97.73,30.4269],[-97.7274,30.4399],[-97.7226,30.4495],[-97.7197,30.4549],[-97.7182,30.4572],[-97.6987,30.4872],[-97.6829,30.5023],[-97.6777,30.5069],[-97.6754,30.508],[-97.6605,30.5122],[-97.6574,30.5134],[-97.6507,30.5172],[-97.6148,30.5314],[-97.5577,30.5408],[-97.551,30.5419],[-97.4872,30.5529],[-97.4665,30.5564],[-97.4522,30.5577],[-97.4491,30.5589],[-97.4407,30.5653],[-97.4359,30.5659],[-97.4169,30.5669],[-97.4069,30.5676],[-97.405,30.5684],[-97.4035,30.5704],[-97.4032,30.5755],[-97.4033,30.5842],[-97.4079,30.5939],[-97.4109,30.6001],[-97.4276,30.6338],[-97.4322,30.6377],[-97.4334,30.6397],[-97.4364,30.655],[-97.4459,30.6898],[-97.4463,30.6937],[-97.4447,30.7067],[-97.4446,30.7074],[-97.4437,30.7152],[-97.442,30.7291],[-97.4396,30.7492],[-97.4378,30.7579],[-97.4351,30.7772],[-97.4301,30.7913],[-97.4285,30.7955],[-97.4259,30.8026],[-97.4247,30.8066],[-97.4255,30.8115],[-97.4253,30.8132],[-97.4102,30.8615],[-97.4096,30.8647],[-97.4047,30.8756],[-97.4022,30.881],[-97.3986,30.8889],[-97.3963,30.8915],[-97.3938,30.8928],[-97.3847,30.8955],[-97.3785,30.8985],[-97.3766,30.9001],[-97.3664,30.9139],[-97.3615,30.9267],[-97.3599,30.9312],[-97.3531,30.9498],[-97.3502,30.9561],[-97.35,30.9576],[-97.3506,30.9592],[-97.3668,30.9795],[-97.3675,30.9827],[-97.3667,30.9902],[-97.364,31.0136],[-97.3616,31.0323],[-97.3521,31.0541],[-97.3404,31.0806],[-97.3381,31.0858],[-97.3379,31.0869],[-97.3383,31.088],[-97.3396,31.0904],[-97.3428,31.0939],[-97.347,31.0961],[-97.3481,31.097],[-97.3489,31.0986],[-97.349,31.1004],[-97.3459,31.1127],[-97.3415,31.1289],[-97.3406,31.1322],[-97.3396,31.1359],[-97.3376,31.1433],[-97.3375,31.148],[-97.3423,31.1617],[-97.348,31.1727],[-97.3518,31.1974],[-97.3559,31.2242],[-97.3574,31.2278],[-97.3634,31.2365],[-97.3646,31.2399],[-97.3663,31.2675],[-97.3671,31.286],[-97.3605,31.3098],[-97.3578,31.3198],[-97.3583,31.3253],[-97.3649,31.3424],[-97.3673,31.3455],[-97.3773,31.3545],[-97.3789,31.3571],[-97.3811,31.3621],[-97.3818,31.3656],[-97.3814,31.3805],[-97.3829,31.4037],[-97.384,31.4068],[-97.3949,31.4263],[-97.403,31.4406],[-97.404,31.4424],[-97.415,31.4623],[-97.4214,31.4851],[-97.4386,31.5188],[-97.4404,31.5245],[-97.4417,31.5317],[-97.442,31.5337],[-97.442,31.5376],[-97.4382,31.5549],[-97.4382,31.5575],[-97.4399,31.5609],[-97.4511,31.5719],[-97.4529,31.5746],[-97.4578,31.5927],[-97.4592,31.6124],[-97.4608,31.6368],[-97.4622,31.6453],[-97.4632,31.6478],[-97.4645,31.6495],[-97.4704,31.6527],[-97.4708,31.653],[-97.4747,31.6548],[-97.4818,31.6552],[-97.4852,31.6557],[-97.4888,31.6572],[-97.4945,31.6625],[-97.5096,31.6712],[-97.5315,31.6935],[-97.5352,31.7008],[-97.5394,31.7073],[-97.5465,31.7311],[-97.5478,31.7352],[-97.5496,31.7396],[-97.565,31.7689],[-97.575,31.7877],[-97.5783,31.7941],[-97.5791,31.8001],[-97.5957,31.8349],[-97.5976,31.8409],[-97.6021,31.8512],[-97.6044,31.8566],[-97.6056,31.8618],[-97.607,31.8644],[-97.6151,31.8783],[-97.6297,31.9057],[-97.6346,31.9145],[-97.6356,31.9194],[-97.6357,31.9233],[-97.636,31.9352],[-97.6362,31.9454],[-97.6332,31.9542],[-97.6326,31.964],[-97.6332,31.9671],[-97.638,31.9778],[-97.6382,31.9801],[-97.6342,31.9936],[-97.6316,31.997],[-97.6176,32.0061],[-97.6066,32.0098],[-97.5628,32.0272],[-97.5572,32.0303],[-97.5468,32.0386],[-97.5312,32.0508],[-97.523,32.0566],[-97.5075,32.0728],[-97.4949,32.0875],[-97.4872,32.1008],[-97.4853,32.1028],[-97.4813,32.1059],[-97.459,32.1214],[-97.4547,32.1231],[-97.4402,32.1261],[-97.4346,32.1281],[-97.4229,32.1354],[-97.4141,32.1434],[-97.4066,32.1504],[-97.4036,32.154],[-97.4003,32.1581],[-97.3916,32.1688],[-97.3808,32.1833],[-97.3785,32.1877],[-97.3774,32.193],[-97.3776,32.2037],[-97.3783,32.2345],[-97.379,32.2663],[-97.3806,32.3413],[-97.3809,32.3459],[-97.3856,32.3629],[-97.387,32.3936],[-97.3874,32.4039],[-97.3898,32.4645],[-97.3899,32.4692],[-97.3887,32.4899],[-97.3732,32.5136],[-97.3646,32.5531],[-97.3558,32.5944],[-97.3545,32.6212],[-97.3541,32.6316],[-97.3523,32.6744],[-97.3515,32.6798],[-97.3497,32.685],[-97.3421,32.7001],[-97.3392,32.7054],[-97.3305,32.7179],[-97.3247,32.7263],[-97.3232,32.7322],[-97.3224,32.7387],[-97.3222,32.7396],[-97.3216,32.7429],[-97.3215,32.7434],[-97.3215,32.7437]]}},{"type":"Feature","properties":{"n":1,"a":"amtrak"},"geometry":{"type":"LineString","coordinates":[[-97.9646,29.8533],[-97.9626,29.8545]]}},{"type":"Feature","properties":{"n":1,"a":"amtrak"},"geometry":{"type":"LineString","coordinates":[[-90.1679,29.9707],[-90.1701,29.9709],[-90.1711,29.9709],[-90.1743,29.9711],[-90.1854,29.9719],[-90.2034,29.973],[-90.2052,29.9732],[-90.2137,29.9737],[-90.2482,29.9761],[-90.2523,29.9768],[-90.2558,29.9777],[-90.2618,29.9798],[-90.2639,29.981],[-90.2676,29.9833],[-90.2799,29.9916],[-90.2914,29.9994],[-90.3927,30.0678],[-90.4024,30.075],[-90.4086,30.0807],[-90.4089,30.081],[-90.415,30.0874],[-90.4205,30.0945],[-90.4252,30.1021],[-90.4281,30.1082],[-90.4305,30.1145],[-90.4323,30.121],[-90.4342,30.133],[-90.4344,30.1484],[-90.4328,30.1617],[-90.4303,30.1728],[-90.4273,30.1829],[-90.4019,30.2508],[-90.3983,30.261],[-90.3974,30.2665],[-90.3976,30.2719],[-90.3996,30.2825],[-90.4002,30.2857],[-90.401,30.2894],[-90.4062,30.3151],[-90.4068,30.3178],[-90.4114,30.3401],[-90.4365,30.4229],[-90.4394,30.4326],[-90.4444,30.4491],[-90.4513,30.4718],[-90.4599,30.5005],[-90.4619,30.5069],[-90.4627,30.5097],[-90.463,30.5106],[-90.4735,30.5453],[-90.474,30.547],[-90.4828,30.5759],[-90.5001,30.6331],[-90.5073,30.6581],[-90.5079,30.6827],[-90.5082,30.6964],[-90.5083,30.7013],[-90.5085,30.7144],[-90.5087,30.7273],[-90.509,30.7483],[-90.5093,30.7586],[-90.5093,30.7603],[-90.5095,30.7695],[-90.5095,30.7736],[-90.5099,30.7913],[-90.5099,30.7933],[-90.5103,30.8181],[-90.5104,30.8215],[-90.5107,30.8372],[-90.5119,30.9044],[-90.5122,30.9213],[-90.5119,30.9254],[-90.511,30.929],[-90.5057,30.9393],[-90.4813,30.9837],[-90.4723,30.9999],[-90.4717,31.0011],[-90.4687,31.0064],[-90.4678,31.0081],[-90.4661,31.0123],[-90.4658,31.0166],[-90.4716,31.0413],[-90.4719,31.0604],[-90.472,31.1117],[-90.4706,31.1181],[-90.4675,31.1249],[-90.4613,31.1376],[-90.4587,31.1428],[-90.4562,31.1479],[-90.4492,31.1621],[-90.4458,31.1704],[-90.4452,31.1745],[-90.4451,31.1803],[-90.4452,31.1816],[-90.4457,31.1871],[-90.4465,31.1959],[-90.447,31.2014],[-90.4471,31.2027],[-90.4485,31.2192],[-90.4486,31.2199],[-90.449,31.2251],[-90.4497,31.2325],[-90.4497,31.2331],[-90.4499,31.2347],[-90.4501,31.236],[-90.4504,31.2404],[-90.4507,31.2427],[-90.4526,31.2492],[-90.4551,31.2539],[-90.4604,31.261],[-90.4628,31.2654],[-90.4644,31.27],[-90.4663,31.2798],[-90.4666,31.2819],[-90.4667,31.2837],[-90.4664,31.2858],[-90.4622,31.2968],[-90.4547,31.3143],[-90.4503,31.3248],[-90.4495,31.3286],[-90.4498,31.3326],[-90.4525,31.3419],[-90.4545,31.3485],[-90.4548,31.3496],[-90.4623,31.375],[-90.4632,31.3821],[-90.4622,31.3887],[-90.4538,31.4201],[-90.4501,31.4335],[-90.4487,31.4389],[-90.4429,31.4607],[-90.4425,31.4682],[-90.4574,31.5259],[-90.4581,31.5333],[-90.4575,31.5382],[-90.4563,31.5423],[-90.4423,31.5806],[-90.4395,31.5882],[-90.4389,31.5897],[-90.4387,31.5902],[-90.4384,31.591],[-90.4341,31.6029],[-90.4338,31.6033],[-90.4333,31.6048],[-90.4323,31.6076],[-90.4197,31.6417],[-90.4047,31.6826],[-90.4037,31.6853],[-90.4008,31.6933],[-90.3986,31.6976],[-90.3949,31.7025],[-90.3897,31.7074],[-90.3872,31.711],[-90.3856,31.7163],[-90.3861,31.7213],[-90.3881,31.7255],[-90.3928,31.7314],[-90.3944,31.7352],[-90.3948,31.739],[-90.3937,31.7484],[-90.3939,31.7525],[-90.3951,31.758],[-90.3984,31.7671],[-90.4074,31.7911],[-90.4084,31.7956],[-90.4078,31.8006],[-90.4059,31.8045],[-90.401,31.8104],[-90.3991,31.8149],[-90.3958,31.8457],[-90.3953,31.8513],[-90.394,31.8635],[-90.3933,31.8706],[-90.3932,31.8735],[-90.3939,31.8766],[-90.3984,31.8931],[-90.3995,31.8975],[-90.3995,31.9006],[-90.3961,31.9121],[-90.3951,31.9154],[-90.3926,31.9232],[-90.3907,31.9279],[-90.3793,31.9489],[-90.3597,31.9848],[-90.3515,31.9999],[-90.3468,32.0086],[-90.3338,32.0329],[-90.3334,32.037],[-90.3349,32.0449],[-90.334,32.05],[-90.3307,32.0549],[-90.2962,32.0918],[-90.2838,32.105],[-90.2736,32.116],[-90.2713,32.1191],[-90.2583,32.1548],[-90.2561,32.161],[-90.2544,32.1654],[-90.2516,32.1706],[-90.2448,32.179],[-90.2279,32.1982],[-90.2261,32.2012],[-90.2247,32.2052],[-90.2162,32.2305],[-90.2098,32.2495],[-90.2081,32.2646],[-90.208,32.2666],[-90.2079,32.267],[-90.2073,32.2709],[-90.2055,32.2747],[-90.1948,32.2857],[-90.193,32.2881],[-90.192,32.29],[-90.1911,32.2978],[-90.1911,32.2982],[-90.1911,32.2983],[-90.1912,32.2989],[-90.1914,32.302],[-90.1915,32.3029],[-90.1916,32.3034],[-90.1917,32.3041],[-90.1919,32.307],[-90.1919,32.3075],[-90.1918,32.3078],[-90.1918,32.308],[-90.1917,32.3085],[-90.1915,32.3096],[-90.1901,32.3149],[-90.1898,32.316],[-90.1875,32.325],[-90.1872,32.3265],[-90.1872,32.3268],[-90.187,32.3279],[-90.1876,32.3301],[-90.1894,32.3322],[-90.1927,32.3355],[-90.1975,32.3403],[-90.1991,32.3424],[-90.2039,32.3528],[-90.2059,32.3547],[-90.2128,32.3594],[-90.2177,32.3628],[-90.2192,32.3645],[-90.224,32.3767],[-90.2241,32.3769],[-90.2277,32.3812],[-90.2399,32.3934],[-90.2595,32.413],[-90.2614,32.415],[-90.2625,32.4174],[-90.2675,32.4429],[-90.2848,32.4639],[-90.2871,32.4688],[-90.2875,32.4727],[-90.2879,32.4831],[-90.2881,32.4875],[-90.289,32.4905],[-90.3011,32.5087],[-90.3029,32.5121],[-90.3074,32.5255],[-90.3078,32.528],[-90.3082,32.5397],[-90.3154,32.562],[-90.3296,32.591],[-90.3344,32.6008],[-90.3371,32.6062],[-90.3422,32.6165],[-90.3439,32.619],[-90.3633,32.6384],[-90.3661,32.6414],[-90.3717,32.6499],[-90.3824,32.666],[-90.398,32.6895],[-90.4,32.6922],[-90.404,32.6948],[-90.4087,32.6994],[-90.4119,32.7061],[-90.416,32.7125],[-90.4175,32.7139],[-90.4265,32.7168],[-90.447,32.72],[-90.4536,32.7244],[-90.4606,32.7279],[-90.4658,32.7298],[-90.4687,32.7328],[-90.472,32.7345],[-90.4731,32.7357],[-90.4773,32.7426],[-90.4791,32.7475],[-90.4827,32.7509],[-90.4836,32.7523],[-90.484,32.7545],[-90.483,32.7572],[-90.4667,32.7883],[-90.4576,32.801],[-90.4505,32.8145],[-90.4435,32.8243],[-90.44,32.8284],[-90.4314,32.8357],[-90.4247,32.8395],[-90.4207,32.8406],[-90.4176,32.8426],[-90.4153,32.8479],[-90.4126,32.8517],[-90.4045,32.8554],[-90.4017,32.8575],[-90.3996,32.8599],[-90.398,32.8626],[-90.3903,32.8821],[-90.3901,32.8825],[-90.3858,32.8937],[-90.3844,32.8997],[-90.3833,32.9053],[-90.382,32.9115],[-90.3794,32.9225],[-90.3734,32.9344],[-90.3679,32.9403],[-90.3613,32.948],[-90.3542,32.9554],[-90.3415,32.9648],[-90.3277,32.981],[-90.3259,32.9834],[-90.325,32.986],[-90.3251,33.0053],[-90.3261,33.0117],[-90.3298,33.0226],[-90.331,33.0344],[-90.3307,33.0367],[-90.3296,33.0401],[-90.3249,33.0467],[-90.3233,33.0496],[-90.3224,33.0535],[-90.3232,33.0677],[-90.3225,33.0785],[-90.3215,33.0822],[-90.3195,33.0856],[-90.3168,33.0884],[-90.2948,33.1063],[-90.2912,33.1076],[-90.2806,33.1086],[-90.2739,33.111],[-90.2694,33.1132],[-90.2664,33.1162],[-90.2458,33.1526],[-90.2418,33.1572],[-90.2241,33.1732],[-90.222,33.1756],[-90.2211,33.1781],[-90.2211,33.1803],[-90.2256,33.1932],[-90.226,33.2015],[-90.2258,33.215],[-90.2204,33.2302],[-90.2212,33.2329],[-90.2254,33.237],[-90.2269,33.2399],[-90.2285,33.2593],[-90.2279,33.2642],[-90.2237,33.2742],[-90.2224,33.2782],[-90.2223,33.2827],[-90.2268,33.296],[-90.2353,33.3202],[-90.2379,33.3275],[-90.2398,33.3338],[-90.2403,33.3407],[-90.2391,33.3452],[-90.2361,33.35],[-90.2266,33.3648],[-90.2091,33.4033],[-90.2081,33.4066],[-90.208,33.4099],[-90.2085,33.4125],[-90.2176,33.4386],[-90.2181,33.44],[-90.2193,33.4457],[-90.2177,33.4628],[-90.2172,33.4657],[-90.2082,33.4804],[-90.1987,33.4887],[-90.1971,33.49],[-90.193,33.4935],[-90.1889,33.4971],[-90.1861,33.5006],[-90.1859,33.501],[-90.1798,33.5108],[-90.1784,33.5131],[-90.1759,33.5177],[-90.1753,33.5192],[-90.1733,33.5238],[-90.1699,33.5311],[-90.1675,33.5344],[-90.1664,33.5357],[-90.1652,33.5374],[-90.1645,33.5396],[-90.1646,33.5419],[-90.1654,33.544],[-90.1904,33.5841],[-90.1922,33.5887],[-90.197,33.614],[-90.1983,33.6165],[-90.2034,33.6218],[-90.2053,33.6281],[-90.2085,33.6412],[-90.2084,33.6491],[-90.2082,33.6544],[-90.2081,33.6555],[-90.2078,33.663],[-90.2085,33.6657],[-90.2248,33.6894],[-90.2266,33.6947],[-90.2266,33.6988],[-90.2254,33.7024],[-90.2184,33.7127],[-90.2176,33.7146],[-90.2174,33.7173],[-90.2189,33.7221],[-90.2213,33.7302],[-90.2215,33.7332],[-90.221,33.7362],[-90.2186,33.7408],[-90.2101,33.751],[-90.2066,33.7552],[-90.2061,33.7585],[-90.2062,33.7596],[-90.2071,33.7621],[-90.2094,33.7634],[-90.2395,33.7672],[-90.2437,33.769],[-90.2645,33.7887],[-90.2745,33.8097],[-90.2776,33.8162],[-90.2801,33.8194],[-90.2871,33.8261],[-90.294,33.8293],[-90.297,33.8308],[-90.299,33.8333],[-90.2993,33.8352],[-90.2987,33.8396],[-90.2964,33.8429],[-90.2813,33.8537],[-90.2801,33.8564],[-90.281,33.8616],[-90.2837,33.8744],[-90.2849,33.8812],[-90.2843,33.8917],[-90.2832,33.9084],[-90.2838,33.9106],[-90.286,33.9146],[-90.2864,33.9167],[-90.2843,33.9503],[-90.2811,34.0019],[-90.2808,34.0076],[-90.282,34.0194],[-90.2813,34.0258],[-90.2812,34.0269],[-90.2809,34.0288],[-90.2788,34.0455],[-90.2802,34.056],[-90.2815,34.0653],[-90.2815,34.0729],[-90.2811,34.1754],[-90.2812,34.1891],[-90.2813,34.1894],[-90.2828,34.1955],[-90.2825,34.1987],[-90.2818,34.203],[-90.281,34.2075],[-90.2756,34.2395],[-90.2746,34.2455],[-90.2745,34.2465],[-90.273,34.2552],[-90.272,34.2611],[-90.2717,34.3016],[-90.2751,34.3145],[-90.2751,34.3293],[-90.275,34.3587],[-90.2749,34.3733],[-90.2739,34.3765],[-90.2291,34.4257],[-90.2228,34.4327],[-90.2145,34.4418],[-90.2136,34.4427],[-90.1999,34.4576],[-90.1978,34.4599],[-90.1933,34.4651],[-90.1923,34.4683],[-90.1958,34.4901],[-90.1958,34.501],[-90.1957,34.5033],[-90.1957,34.5048],[-90.1952,34.5331],[-90.1953,34.538],[-90.1984,34.5469],[-90.2001,34.5514],[-90.2021,34.5546],[-90.203,34.5563],[-90.2035,34.5591],[-90.2098,34.5692],[-90.2108,34.5737],[-90.2133,34.5764],[-90.214,34.5781],[-90.2227,34.6277],[-90.2236,34.6312],[-90.2266,34.6349],[-90.2269,34.6354],[-90.2333,34.6432],[-90.2345,34.6461],[-90.2374,34.7013],[-90.2376,34.704],[-90.2435,34.7273],[-90.2438,34.7424],[-90.2441,34.7718],[-90.2441,34.7802],[-90.2437,34.783],[-90.2301,34.8246],[-90.2294,34.8269],[-90.2184,34.8605],[-90.2175,34.8803],[-90.2181,34.8971],[-90.2178,34.8998],[-90.2168,34.9021],[-90.2144,34.905],[-90.2134,34.9061],[-90.1971,34.9227],[-90.1909,34.9267],[-90.1573,34.9476],[-90.1552,34.9501],[-90.1519,34.9585],[-90.1412,34.987],[-90.1368,34.9947],[-90.1312,35.0106],[-90.1214,35.0195],[-90.1087,35.041],[-90.1032,35.0503],[-90.1022,35.0521],[-90.0997,35.0566],[-90.0981,35.0651],[-90.0972,35.0664],[-90.0958,35.0673],[-90.0923,35.0685],[-90.0884,35.0701],[-90.0863,35.0716],[-90.0834,35.0749],[-90.0791,35.0795],[-90.0736,35.0856],[-90.0708,35.0887],[-90.0667,35.0932],[-90.0633,35.0969],[-90.0602,35.101],[-90.0568,35.1112],[-90.0568,35.1127],[-90.0573,35.1145],[-90.0576,35.1159],[-90.0577,35.1161],[-90.0598,35.124],[-90.0599,35.1256],[-90.0598,35.1273],[-90.0598,35.1278],[-90.0598,35.129],[-90.0597,35.132],[-90.0598,35.1341],[-90.061,35.1357],[-90.0609,35.1367],[-90.0566,35.1427],[-90.0536,35.1488],[-90.0499,35.1581],[-90.0489,35.1607],[-90.0468,35.1658],[-90.0455,35.1717],[-90.0451,35.1727],[-90.0444,35.1742],[-90.0426,35.1775],[-90.0404,35.1813],[-90.0395,35.1829],[-90.0393,35.1833],[-90.0375,35.1875],[-90.0375,35.1882],[-90.0364,35.202],[-90.0358,35.2037],[-90.0342,35.2053],[-90.0296,35.2092],[-90.0048,35.2394],[-89.9992,35.2457],[-89.9772,35.2624],[-89.9759,35.2634],[-89.9701,35.2678],[-89.9697,35.2681],[-89.9674,35.2699],[-89.9648,35.2718],[-89.9521,35.2815],[-89.9394,35.2911],[-89.9265,35.3008],[-89.9217,35.3045],[-89.9192,35.3072],[-89.9013,35.3327],[-89.9008,35.3333],[-89.8883,35.3467],[-89.8857,35.3495],[-89.8738,35.3623],[-89.8618,35.3789],[-89.8587,35.3817],[-89.8525,35.3872],[-89.8478,35.3936],[-89.8444,35.3985],[-89.8412,35.4014],[-89.8189,35.4146],[-89.7902,35.4315],[-89.7833,35.4355],[-89.7767,35.4412],[-89.7572,35.4585],[-89.7357,35.4767],[-89.7257,35.4835],[-89.7238,35.4859],[-89.7222,35.4886],[-89.7214,35.4967],[-89.7182,35.5007],[-89.7061,35.5134],[-89.6801,35.5291],[-89.6642,35.5337],[-89.6575,35.5396],[-89.6436,35.5528],[-89.6406,35.5582],[-89.6398,35.5603],[-89.6392,35.563],[-89.639,35.5691],[-89.6388,35.5761],[-89.6387,35.5779],[-89.6386,35.5822],[-89.6385,35.5838],[-89.638,35.5855],[-89.6315,35.5939],[-89.6299,35.6001],[-89.628,35.6024],[-89.6163,35.6136],[-89.6099,35.6196],[-89.6076,35.623],[-89.6058,35.6266],[-89.6018,35.6346],[-89.5731,35.6726],[-89.5701,35.6768],[-89.5611,35.6918],[-89.5443,35.7166],[-89.5429,35.7255],[-89.5423,35.727],[-89.5337,35.7359],[-89.5298,35.7388],[-89.529,35.7407],[-89.5287,35.7441],[-89.5255,35.7479],[-89.5214,35.7505],[-89.5195,35.7527],[-89.5138,35.7686],[-89.5124,35.7711],[-89.5063,35.7764],[-89.4986,35.7814],[-89.4933,35.7836],[-89.4757,35.7895],[-89.4711,35.7901],[-89.4622,35.79],[-89.4604,35.7909],[-89.4584,35.7934],[-89.4551,35.7979],[-89.4524,35.8032],[-89.4447,35.8141],[-89.4369,35.8204],[-89.4341,35.8227],[-89.4261,35.8289],[-89.424,35.8296],[-89.4114,35.8311],[-89.4092,35.8325],[-89.4076,35.8348],[-89.3955,35.8587],[-89.3942,35.8772],[-89.3936,35.8881],[-89.3894,35.9288],[-89.3861,35.9596],[-89.3866,35.9689],[-89.3825,36.0232],[-89.3823,36.0263],[-89.3816,36.028],[-89.3801,36.0293],[-89.378,36.03],[-89.3747,36.0312],[-89.3635,36.0353],[-89.36,36.0372],[-89.3566,36.0399],[-89.3441,36.0466],[-89.3378,36.05],[-89.3327,36.0538],[-89.3171,36.0658],[-89.3053,36.0749],[-89.2629,36.1119],[-89.2516,36.1217],[-89.2494,36.1238],[-89.2484,36.1255],[-89.2461,36.1403],[-89.2446,36.1433],[-89.2071,36.177],[-89.2058,36.1786],[-89.2015,36.1865],[-89.1936,36.2012],[-89.1922,36.2039],[-89.1919,36.2057],[-89.1916,36.2537],[-89.1909,36.2563],[-89.1894,36.2584],[-89.1203,36.3061],[-89.0738,36.338],[-89.0507,36.354],[-89.0487,36.3571],[-89.0471,36.3653],[-89.0416,36.3712],[-89.0034,36.4091],[-88.9989,36.4125],[-88.9603,36.4383],[-88.9146,36.4711],[-88.9096,36.4749],[-88.89,36.4948],[-88.8894,36.4983],[-88.8888,36.5024],[-88.8887,36.5025],[-88.8848,36.5122],[-88.8832,36.5161],[-88.8833,36.5181],[-88.8836,36.5188],[-88.8861,36.5223],[-88.8882,36.5253],[-88.8957,36.5356],[-88.9077,36.5477],[-88.9307,36.5686],[-88.9388,36.5782],[-88.9433,36.5852],[-88.9475,36.5915],[-88.9557,36.6035],[-88.9926,36.6317],[-88.9946,36.6341],[-88.9955,36.6364],[-88.9999,36.6598],[-88.9995,36.6623],[-88.997,36.6686],[-88.9971,36.6711],[-88.9984,36.6738],[-89.0077,36.6909],[-89.0082,36.6935],[-89.0086,36.7021],[-89.0091,36.7139],[-89.011,36.7248],[-89.0128,36.7717],[-89.0135,36.7889],[-89.0148,36.8224],[-89.0128,36.8318],[-89.0145,36.8388],[-89.0137,36.8405],[-89.0086,36.8464],[-89.0079,36.849],[-89.0098,36.8681],[-89.0189,36.8845],[-89.0245,36.8936],[-89.04,36.9081],[-89.0613,36.9285],[-89.0643,36.9344],[-89.0648,36.9354],[-89.0716,36.947],[-89.0765,36.9554],[-89.0826,36.9581],[-89.0891,36.9624],[-89.0921,36.9657],[-89.0952,36.9725],[-89.1046,36.9816]]}},{"type":"Feature","properties":{"n":1,"a":"amtrak"},"geometry":{"type":"LineString","coordinates":[[-98.4875,29.4029],[-98.481,29.4026],[-98.4793,29.4035],[-98.4781,29.4048],[-98.4777,29.4065],[-98.4777,29.4186],[-98.4777,29.4329],[-98.4758,29.4361],[-98.4745,29.4365],[-98.4642,29.4365],[-98.4572,29.436],[-98.4482,29.4352],[-98.4436,29.4352],[-98.4388,29.4368],[-98.4187,29.4503],[-98.4018,29.4617],[-98.3788,29.4771],[-98.3681,29.4843],[-98.3436,29.5009],[-98.3378,29.5078],[-98.3357,29.5096],[-98.333,29.5109],[-98.3187,29.5157],[-98.315,29.5177],[-98.3124,29.5206],[-98.2957,29.5405],[-98.2747,29.5503],[-98.2734,29.5509],[-98.2545,29.5592],[-98.2275,29.5616],[-98.1748,29.566],[-98.1425,29.5713],[-98.1314,29.5732],[-98.1181,29.5755],[-98.1064,29.581],[-98.079,29.5877],[-98.0491,29.5901],[-98.0442,29.5907],[-98.0352,29.5937],[-98.0319,29.5941],[-98.0209,29.5942],[-98.013,29.5926],[-98.0053,29.5909],[-97.9712,29.5836],[-97.9691,29.5832],[-97.9661,29.5832],[-97.9631,29.5843],[-97.9512,29.5895],[-97.9447,29.5917],[-97.9281,29.5976],[-97.9067,29.6137],[-97.8967,29.6183],[-97.8882,29.6251],[-97.8554,29.636],[-97.8529,29.6375],[-97.844,29.6451],[-97.8421,29.6462],[-97.8315,29.6481],[-97.8145,29.6508],[-97.8023,29.6543],[-97.7989,29.6548],[-97.7951,29.6544],[-97.7827,29.6507],[-97.7789,29.6506],[-97.7295,29.6582],[-97.7086,29.6632],[-97.7067,29.6641],[-97.7011,29.6685],[-97.6925,29.6752],[-97.6871,29.6771],[-97.6652,29.6821],[-97.6628,29.6823],[-97.6544,29.6816],[-97.6447,29.6806],[-97.6409,29.6802],[-97.6277,29.6763],[-97.5868,29.6749],[-97.5589,29.6675],[-97.5557,29.6674],[-97.5498,29.6684],[-97.5468,29.6682],[-97.5371,29.6642],[-97.5315,29.6622],[-97.5222,29.6622],[-97.5052,29.6657],[-97.5007,29.6667],[-97.5,29.6668],[-97.4964,29.6675],[-97.4896,29.6677],[-97.4603,29.6683],[-97.4451,29.675],[-97.436,29.6775],[-97.4314,29.6788],[-97.4187,29.6841],[-97.4151,29.6853],[-97.4018,29.6868],[-97.3597,29.7007],[-97.3514,29.7009],[-97.3374,29.7035],[-97.3334,29.7034],[-97.3297,29.7028],[-97.2993,29.6929],[-97.281,29.6869],[-97.2567,29.6792],[-97.1782,29.6794],[-97.1493,29.6843],[-97.1355,29.6868],[-97.1196,29.687],[-97.1167,29.6871],[-97.1142,29.6871],[-97.1041,29.687],[-97.0796,29.68],[-97.0766,29.6795],[-97.0632,29.6798],[-97.051,29.6828],[-97.0032,29.6806],[-96.9777,29.6851],[-96.9633,29.6846],[-96.9515,29.6857],[-96.9291,29.6793],[-96.9139,29.6793],[-96.9003,29.6794],[-96.8973,29.6788],[-96.8846,29.6753],[-96.8771,29.6717],[-96.8667,29.671],[-96.8519,29.6786],[-96.8427,29.6828],[-96.8318,29.6915],[-96.8287,29.6924],[-96.8188,29.6934],[-96.8132,29.6955],[-96.8088,29.697],[-96.7973,29.6986],[-96.7857,29.7022],[-96.7808,29.7022],[-96.7061,29.6957],[-96.688,29.6967],[-96.6543,29.697],[-96.6401,29.694],[-96.5941,29.7011],[-96.5793,29.7035],[-96.5698,29.705],[-96.5528,29.7076],[-96.5394,29.7076],[-96.5077,29.7021],[-96.4909,29.7055],[-96.4867,29.705],[-96.4842,29.7033],[-96.4807,29.6987],[-96.4693,29.6836],[-96.4651,29.6798],[-96.4611,29.6778],[-96.431,29.6672],[-96.4088,29.6593],[-96.4053,29.6572],[-96.4023,29.6544],[-96.4009,29.6531],[-96.3882,29.6411],[-96.3546,29.6093],[-96.3447,29.5999],[-96.342,29.5973],[-96.3313,29.5871],[-96.3255,29.5821],[-96.3198,29.5797],[-96.2664,29.567],[-96.253,29.5639],[-96.2524,29.5637],[-96.2246,29.5571],[-96.157,29.541],[-96.1453,29.5382],[-96.1027,29.5283],[-96.0984,29.5284],[-96.0649,29.5321],[-96.0554,29.5331],[-95.8471,29.5567],[-95.8134,29.5605],[-95.8118,29.5607],[-95.7943,29.5627],[-95.7889,29.5642],[-95.7847,29.5668],[-95.7707,29.5796],[-95.7673,29.5816],[-95.763,29.5832],[-95.7563,29.5863],[-95.7435,29.5941],[-95.7398,29.5958],[-95.7357,29.5967],[-95.7137,29.599],[-95.6751,29.6035],[-95.6593,29.6092],[-95.6401,29.6185],[-95.6353,29.6203],[-95.6048,29.6263],[-95.5911,29.6289],[-95.5849,29.6285],[-95.5808,29.6271],[-95.5577,29.6167],[-95.5509,29.6157],[-95.5457,29.6164],[-95.5423,29.6176],[-95.5233,29.6249],[-95.5215,29.6256],[-95.4735,29.6441],[-95.45,29.6532],[-95.4477,29.6546],[-95.4464,29.6572],[-95.4466,29.6689],[-95.4478,29.7237],[-95.4478,29.7262],[-95.4479,29.7281],[-95.4486,29.7674],[-95.4477,29.7699],[-95.4393,29.782],[-95.4377,29.7836],[-95.4354,29.7832],[-95.4276,29.7787],[-95.4219,29.7763],[-95.4142,29.7739],[-95.4013,29.7719],[-95.3908,29.7708],[-95.3865,29.772],[-95.3838,29.7722],[-95.3639,29.7725],[-95.3608,29.7719],[-95.3592,29.7713],[-95.3551,29.7712],[-95.3534,29.7717],[-95.3515,29.7725],[-95.3507,29.7728],[-95.3493,29.7736],[-95.3489,29.7744],[-95.3489,29.7752],[-95.349,29.7828],[-95.349,29.7852],[-95.3475,29.79],[-95.3461,29.7937],[-95.3469,29.7989],[-95.3504,29.8129],[-95.3516,29.8176],[-95.3505,29.8192],[-95.3485,29.8198],[-95.3351,29.8199],[-95.3303,29.82],[-95.3286,29.82],[-95.3222,29.8214],[-95.3177,29.824],[-95.2936,29.8472],[-95.2864,29.8543],[-95.2501,29.8895],[-95.1567,29.98],[-95.1539,29.9819],[-95.1508,29.9831],[-95.1402,29.9843],[-95.1371,29.9851],[-95.1151,29.9956],[-95.1122,29.9979],[-95.11,30.0007],[-95.1045,30.0127],[-95.1021,30.016],[-95.0972,30.0196],[-95.0898,30.0225],[-95.0482,30.0382],[-94.9174,30.0875],[-94.8594,30.1093],[-94.8262,30.1199],[-94.7762,30.1241],[-94.7689,30.1251],[-94.7637,30.1275],[-94.7611,30.1296],[-94.7505,30.141],[-94.7388,30.1485],[-94.7349,30.1499],[-94.7314,30.1505],[-94.7233,30.1501],[-94.6799,30.146],[-94.6446,30.1427],[-94.6406,30.1423],[-94.6354,30.1419],[-94.6136,30.1398],[-94.606,30.1391],[-94.4145,30.121],[-94.4095,30.1209],[-94.4056,30.121],[-94.3885,30.121],[-94.3831,30.1206],[-94.364,30.1163],[-94.3357,30.1134],[-94.3325,30.112],[-94.2769,30.0878],[-94.2494,30.0804],[-94.2342,30.0764],[-94.2313,30.0761],[-94.1991,30.0752],[-94.1836,30.0749],[-94.181,30.0741],[-94.1768,30.0714],[-94.1746,30.0706],[-94.1719,30.0704],[-94.1657,30.0711],[-94.1572,30.0722],[-94.1416,30.0743],[-94.1318,30.0757],[-94.1259,30.0765],[-94.1244,30.0764],[-94.116,30.0762],[-94.1158,30.0762],[-94.1152,30.0762],[-94.1143,30.0762],[-94.1094,30.0761],[-94.1069,30.076],[-94.104,30.0756],[-94.1036,30.0754],[-94.1032,30.0753],[-94.102,30.075],[-94.1005,30.0751],[-94.0992,30.076],[-94.0937,30.0802],[-94.0913,30.082],[-94.0901,30.083],[-94.0781,30.0895],[-94.0776,30.0897],[-94.0709,30.0919],[-94.0317,30.103],[-93.9747,30.101],[-93.8865,30.0975],[-93.8389,30.0956],[-93.8083,30.0944],[-93.783,30.0888],[-93.7788,30.0888],[-93.7634,30.0897],[-93.7485,30.0905],[-93.7452,30.0909],[-93.7432,30.0918],[-93.7416,30.0936],[-93.741,30.0958],[-93.7499,30.1404],[-93.7505,30.1438],[-93.7503,30.1458],[-93.7491,30.1479],[-93.7467,30.1496],[-93.7445,30.1502],[-93.722,30.151],[-93.7167,30.1512],[-93.7062,30.1528],[-93.6993,30.1538],[-93.6952,30.1538],[-93.6648,30.1477],[-93.6605,30.1479],[-93.5827,30.1907],[-93.5161,30.2276],[-93.5026,30.235],[-93.4994,30.2362],[-93.495,30.2369],[-93.4695,30.237],[-93.4407,30.2372],[-93.4051,30.2374],[-93.3559,30.2376],[-93.3459,30.2377],[-93.3209,30.2378],[-93.2967,30.2379],[-93.2863,30.238],[-93.2808,30.238],[-93.2779,30.238],[-93.2748,30.238],[-93.2552,30.2381],[-93.2479,30.2382],[-93.2214,30.2383],[-93.2118,30.2383],[-93.2026,30.2383],[-93.1749,30.2383],[-93.1591,30.2383],[-93.1566,30.2383],[-93.1142,30.2382],[-93.0136,30.2381],[-92.9966,30.2381],[-92.9925,30.2381],[-92.9278,30.238],[-92.9192,30.2379],[-92.8254,30.2377],[-92.8208,30.2377],[-92.8157,30.2377],[-92.8137,30.2377],[-92.8079,30.2377],[-92.7743,30.2376],[-92.7414,30.2375],[-92.6838,30.2373],[-92.6793,30.2362],[-92.6502,30.2142],[-92.649,30.2133],[-92.6238,30.1945],[-92.6197,30.1934],[-92.5998,30.1918],[-92.5911,30.1893],[-92.5886,30.1885],[-92.5818,30.1864],[-92.5765,30.1847],[-92.5619,30.1802],[-92.5577,30.1795],[-92.5113,30.18],[-92.505,30.18],[-92.4999,30.1801],[-92.4977,30.1801],[-92.4969,30.1801],[-92.4666,30.1805],[-92.4604,30.1806],[-92.4465,30.1807],[-92.4397,30.1809],[-92.4352,30.182],[-92.3869,30.2023],[-92.3854,30.2029],[-92.3808,30.2048],[-92.3773,30.2063],[-92.3752,30.2072],[-92.3652,30.2114],[-92.362,30.2128],[-92.3589,30.2141],[-92.3297,30.2264],[-92.3096,30.2347],[-92.3052,30.2357],[-92.3019,30.2358],[-92.2785,30.2357],[-92.2631,30.2356],[-92.2599,30.2356],[-92.2101,30.2354],[-92.1915,30.2354],[-92.1812,30.2353],[-92.0991,30.235],[-92.0926,30.235],[-92.0704,30.235],[-92.0697,30.2349],[-92.0564,30.2349],[-92.0415,30.2348],[-92.0352,30.2348],[-92.0335,30.2348],[-92.021,30.2347],[-92.0187,30.2338],[-92.0174,30.2327],[-92.0154,30.2293],[-92.0131,30.2249],[-92.0097,30.2184],[-91.9975,30.196],[-91.9923,30.1863],[-91.989,30.1809],[-91.9803,30.1707],[-91.9612,30.149],[-91.9508,30.1375],[-91.9462,30.1325],[-91.9343,30.1194],[-91.9023,30.084],[-91.885,30.0649],[-91.8837,30.0635],[-91.872,30.0511],[-91.847,30.0291],[-91.8314,30.0153],[-91.8295,30.0136],[-91.8282,30.0125],[-91.8232,30.0075],[-91.8221,30.0063],[-91.8176,30.0016],[-91.8157,30.0005],[-91.8094,29.9978],[-91.8082,29.9973],[-91.8066,29.9966],[-91.8046,29.9958],[-91.7717,29.9819],[-91.7588,29.9765],[-91.7558,29.9751],[-91.752,29.9729],[-91.7436,29.9668],[-91.7268,29.9545],[-91.695,29.9313],[-91.665,29.9093],[-91.6588,29.9055],[-91.6091,29.8836],[-91.5994,29.8792],[-91.5937,29.8756],[-91.577,29.8592],[-91.5424,29.8246],[-91.518,29.8003],[-91.5155,29.7978],[-91.4954,29.7781],[-91.4691,29.7602],[-91.4422,29.742],[-91.3852,29.7033],[-91.3791,29.7001],[-91.3691,29.6972],[-91.3571,29.6962],[-91.3124,29.6895],[-91.3072,29.6873],[-91.2959,29.6796],[-91.2906,29.6778],[-91.2841,29.6776],[-91.2744,29.6795],[-91.2454,29.6855],[-91.2166,29.6915],[-91.2094,29.6933],[-91.2038,29.6942],[-91.1965,29.6934],[-91.1929,29.6929],[-91.1819,29.6912],[-91.1498,29.686],[-91.1453,29.6838],[-91.137,29.6768],[-91.1319,29.6736],[-91.1244,29.6705],[-91.1171,29.6691],[-91.099,29.6685],[-91.0946,29.6683],[-91.0706,29.6676],[-91.0577,29.6673],[-91.0471,29.667],[-91.0355,29.6668],[-91.0265,29.6684],[-91.0196,29.6711],[-91.0148,29.674],[-91.0105,29.6778],[-91.0045,29.6844],[-91.0018,29.6862],[-90.9981,29.6878],[-90.931,29.7],[-90.9047,29.7087],[-90.8859,29.7166],[-90.8805,29.719],[-90.8254,29.7425],[-90.8139,29.7474],[-90.8046,29.751],[-90.8021,29.752],[-90.8018,29.7521],[-90.7623,29.7676],[-90.7585,29.7684],[-90.6094,29.7473],[-90.5958,29.7457],[-90.5852,29.7461],[-90.5743,29.7486],[-90.5675,29.7513],[-90.5599,29.7556],[-90.5157,29.7892],[-90.4859,29.8201],[-90.482,29.8228],[-90.4764,29.825],[-90.4719,29.8266],[-90.4678,29.8286],[-90.4597,29.8345],[-90.4572,29.837],[-90.4554,29.8399],[-90.4541,29.8443],[-90.4533,29.8521],[-90.454,29.86],[-90.4538,29.8634],[-90.4526,29.8671],[-90.4504,29.8705],[-90.4462,29.8744],[-90.4238,29.8881],[-90.42,29.8896],[-90.4081,29.8928],[-90.3933,29.9006],[-90.3824,29.9038],[-90.326,29.9193],[-90.2756,29.9402],[-90.2693,29.9415],[-90.2634,29.9409],[-90.247,29.9339],[-90.2459,29.9334],[-90.2167,29.9203],[-90.2118,29.919],[-90.2083,29.9184],[-90.2058,29.9182],[-90.2008,29.9179],[-90.2002,29.9178],[-90.1924,29.916],[-90.186,29.9153],[-90.1813,29.916],[-90.1806,29.9161],[-90.1802,29.9162],[-90.1786,29.9165],[-90.1778,29.9167],[-90.172,29.9179],[-90.1699,29.9194],[-90.1633,29.9354],[-90.163,29.9375],[-90.1643,29.94],[-90.1798,29.9539],[-90.1817,29.958],[-90.1833,29.9635],[-90.1827,29.9652],[-90.181,29.9666],[-90.1726,29.9704],[-90.1698,29.9707],[-90.1679,29.9707]]}},{"type":"Feature","properties":{"n":1,"a":"amtrak"},"geometry":{"type":"LineString","coordinates":[[-90.0558,29.9858],[-90.0539,29.9862],[-90.0524,29.9876],[-90.0447,29.9962],[-90.0417,29.9993],[-90.0382,30.0014],[-90.0353,30.0025],[-90.0285,30.004],[-90.0266,30.0044],[-90.0251,30.0048],[-90.0221,30.0054],[-90.0216,30.0055],[-90.0126,30.0075],[-90.0071,30.0087],[-89.9982,30.0107],[-89.9964,30.011],[-89.9915,30.0121],[-89.9526,30.0207],[-89.9289,30.0289],[-89.9112,30.0352],[-89.906,30.037],[-89.896,30.0405],[-89.8711,30.0493],[-89.864,30.0513],[-89.8042,30.0625],[-89.6978,30.1201],[-89.6351,30.1529],[-89.6297,30.1558],[-89.6248,30.1585],[-89.6212,30.1595],[-89.6022,30.1587],[-89.5968,30.1595],[-89.5914,30.161],[-89.5841,30.1645],[-89.534,30.195],[-89.5254,30.2001],[-89.5006,30.2151],[-89.4708,30.2332],[-89.4379,30.2532],[-89.4227,30.2623],[-89.387,30.2813],[-89.3761,30.287],[-89.3632,30.2938],[-89.3386,30.3069],[-89.3356,30.3082],[-89.3299,30.3094],[-89.3066,30.309],[-89.289,30.309],[-89.281,30.3091],[-89.274,30.3103],[-89.2468,30.3191],[-89.2123,30.3305],[-89.2038,30.3333],[-89.1845,30.3397],[-89.1514,30.3506],[-89.1314,30.3573],[-89.0975,30.3683],[-89.0952,30.3689],[-89.092,30.3698],[-89.0411,30.3829],[-88.9928,30.3951],[-88.9747,30.3964],[-88.9474,30.3977],[-88.8856,30.3991],[-88.8766,30.3996],[-88.8712,30.4006],[-88.8637,30.4032],[-88.8503,30.4088],[-88.8394,30.4132],[-88.8307,30.4153],[-88.8194,30.4154],[-88.8188,30.4154],[-88.8123,30.4149],[-88.7208,30.3998],[-88.6603,30.3876],[-88.6597,30.3875],[-88.6476,30.385],[-88.6391,30.3833],[-88.6134,30.3781],[-88.5703,30.3698],[-88.5676,30.3693],[-88.5608,30.3681],[-88.5581,30.3675],[-88.5539,30.3668],[-88.5493,30.3669],[-88.544,30.3679],[-88.5401,30.3694],[-88.5252,30.3786],[-88.5037,30.3922],[-88.4974,30.3962],[-88.4827,30.4055],[-88.459,30.4206],[-88.3995,30.4583],[-88.3925,30.4625],[-88.3865,30.465],[-88.3384,30.4777],[-88.3169,30.4855],[-88.2938,30.4911],[-88.2798,30.495],[-88.2597,30.5007],[-88.2399,30.5063],[-88.2329,30.5087],[-88.2284,30.5109],[-88.2092,30.5222],[-88.2033,30.5244],[-88.1924,30.5269],[-88.1879,30.529],[-88.1838,30.5328],[-88.1701,30.5513],[-88.168,30.5543],[-88.1637,30.5603],[-88.14,30.5985],[-88.1292,30.6158],[-88.1258,30.62],[-88.1204,30.6241],[-88.1049,30.6317],[-88.0933,30.6373],[-88.0845,30.6419],[-88.067,30.654],[-88.0658,30.6548],[-88.0615,30.6578],[-88.0493,30.6662],[-88.0437,30.6702],[-88.0425,30.671],[-88.0404,30.6727],[-88.0394,30.6755],[-88.0385,30.6818],[-88.0387,30.686],[-88.038,30.6894],[-88.0385,30.6917]]}},{"type":"Feature","properties":{"n":1,"a":"amtrak"},"geometry":{"type":"LineString","coordinates":[[-90.1679,29.9707],[-90.1672,29.9707],[-90.1646,29.9708],[-90.1639,29.9707],[-90.1469,29.9696],[-90.1303,29.9686],[-90.1284,29.9694],[-90.1266,29.9712],[-90.1247,29.9718],[-90.1152,29.9711],[-90.1083,29.9684]]}},{"type":"Feature","properties":{"n":1,"a":"amtrak"},"geometry":{"type":"LineString","coordinates":[[-90.1083,29.9684],[-90.0967,29.9601]]}},{"type":"Feature","properties":{"n":1,"a":"amtrak"},"geometry":{"type":"LineString","coordinates":[[-108.2902,35.4183],[-108.2699,35.4092],[-108.2618,35.406],[-108.2504,35.4043],[-108.2278,35.4013],[-108.2249,35.4009],[-108.2234,35.4007],[-108.2222,35.4005],[-108.2172,35.3998],[-108.2096,35.3988],[-108.1639,35.3926],[-108.143,35.3898],[-108.1231,35.3869],[-108.104,35.3822],[-108.0894,35.3786],[-108.0648,35.3725],[-108.0586,35.3705],[-108.0451,35.3659],[-108.0391,35.3638],[-108.0276,35.3599],[-108.0199,35.3565],[-108.0145,35.3535],[-108.0107,35.3497],[-107.9877,35.309],[-107.9865,35.3052],[-107.9844,35.2918],[-107.9839,35.2843],[-107.9778,35.2709],[-107.9757,35.2682],[-107.9692,35.2626],[-107.9644,35.2577],[-107.9561,35.2495],[-107.9163,35.2222],[-107.9135,35.2186],[-107.9059,35.2033],[-107.904,35.1993],[-107.8993,35.1898],[-107.8918,35.1745],[-107.885,35.1642],[-107.8821,35.1616],[-107.8784,35.1593],[-107.8697,35.1563],[-107.8533,35.1513],[-107.8503,35.1499],[-107.8472,35.1483],[-107.8336,35.1411],[-107.8067,35.1233],[-107.7809,35.1069],[-107.7781,35.106],[-107.7613,35.1036],[-107.7589,35.1029],[-107.7568,35.1016],[-107.7549,35.0994],[-107.7541,35.0974],[-107.7534,35.0868],[-107.7517,35.0786],[-107.7489,35.0743],[-107.7467,35.0729],[-107.7304,35.069],[-107.7221,35.0686],[-107.7174,35.0685],[-107.71,35.0652],[-107.7079,35.0644],[-107.7051,35.0642],[-107.696,35.0651],[-107.6918,35.0664],[-107.6893,35.0668],[-107.6585,35.0643],[-107.6495,35.0627],[-107.6245,35.0583],[-107.6076,35.0531],[-107.6035,35.0531],[-107.5966,35.0547],[-107.593,35.0556],[-107.5792,35.0568],[-107.5717,35.0581],[-107.5684,35.0582],[-107.5411,35.054],[-107.5092,35.047],[-107.484,35.0455],[-107.4446,35.0413],[-107.4294,35.0397],[-107.4249,35.0399],[-107.4209,35.0408],[-107.4064,35.0462],[-107.4013,35.0464],[-107.3936,35.0452],[-107.3898,35.0464],[-107.3879,35.0486],[-107.3851,35.0567],[-107.3833,35.0585],[-107.3811,35.0597],[-107.371,35.0628],[-107.3574,35.063],[-107.3486,35.0641],[-107.3421,35.0649],[-107.339,35.0652],[-107.3371,35.0649],[-107.3357,35.064],[-107.3346,35.0623],[-107.3347,35.06],[-107.3377,35.0557],[-107.3408,35.0476],[-107.3403,35.0462],[-107.3322,35.0327],[-107.32,35.0237],[-107.3067,35.0204],[-107.3005,35.0174],[-107.2823,35.0071],[-107.259,34.9939],[-107.1852,34.9576],[-107.162,34.9462],[-107.1406,34.9359],[-107.1394,34.9352],[-107.1275,34.9295],[-107.1192,34.9254],[-107.092,34.9054],[-107.0885,34.9018],[-107.0644,34.8619],[-107.0634,34.8588],[-107.06,34.8399],[-107.0577,34.8357],[-107.0413,34.8188],[-107.0323,34.8117],[-107.0282,34.8094],[-107.0109,34.8025],[-106.9968,34.7969],[-106.9955,34.7964],[-106.9894,34.794],[-106.9798,34.7896],[-106.9765,34.7872],[-106.9735,34.7841],[-106.9705,34.7809],[-106.9685,34.7795],[-106.9659,34.7786],[-106.9634,34.7784],[-106.942,34.7789],[-106.937,34.7802],[-106.9272,34.7845],[-106.924,34.7849],[-106.9212,34.7845],[-106.9177,34.7829],[-106.8945,34.7647],[-106.8899,34.763],[-106.8848,34.7636],[-106.8598,34.7727],[-106.8592,34.7729],[-106.8574,34.7737],[-106.8551,34.7756],[-106.8537,34.7784],[-106.8492,34.8139],[-106.8472,34.818],[-106.8446,34.8208],[-106.8383,34.8259],[-106.8336,34.8283],[-106.8147,34.8321],[-106.8101,34.8341],[-106.8067,34.8377],[-106.8001,34.851],[-106.7987,34.8529],[-106.7956,34.8552],[-106.7818,34.863],[-106.7741,34.8663],[-106.7659,34.8699],[-106.7476,34.8779],[-106.7328,34.886],[-106.7234,34.8921],[-106.7092,34.8979],[-106.7063,34.9],[-106.7001,34.9058],[-106.6986,34.9072]]}},{"type":"Feature","properties":{"n":1,"a":"amtrak"},"geometry":{"type":"LineString","coordinates":[[-97.3233,32.7501],[-97.3251,32.7534],[-97.3226,32.757]]}},{"type":"Feature","properties":{"n":1,"a":"amtrak"},"geometry":{"type":"LineString","coordinates":[[-98.4923,29.4033],[-98.4888,29.4029],[-98.485,29.4026],[-98.4823,29.4022],[-98.45,29.4025],[-98.4471,29.4036],[-98.4441,29.4068],[-98.4432,29.4089],[-98.4431,29.4309],[-98.4423,29.4383],[-98.4414,29.4404],[-98.4391,29.4438],[-98.4347,29.4503],[-98.4303,29.4549],[-98.4099,29.4667],[-98.4076,29.4688],[-98.4063,29.4718],[-98.4054,29.4762],[-98.4049,29.479],[-98.3974,29.5156],[-98.3948,29.527],[-98.3891,29.5364],[-98.3869,29.54],[-98.3825,29.5523],[-98.3807,29.555],[-98.3648,29.5681],[-98.3622,29.5691],[-98.35,29.5713],[-98.3477,29.5725],[-98.3459,29.5749],[-98.3446,29.5822],[-98.3431,29.5847],[-98.3292,29.5949],[-98.314,29.6021],[-98.3135,29.6023],[-98.2841,29.6158],[-98.2649,29.6269],[-98.2532,29.6337],[-98.2491,29.6358],[-98.2258,29.6434],[-98.2175,29.6467],[-98.2001,29.6591],[-98.1743,29.6685],[-98.1679,29.6727],[-98.1637,29.6758],[-98.1301,29.7008],[-98.129,29.7024],[-98.1288,29.7035],[-98.1289,29.7052],[-98.1291,29.7114],[-98.1283,29.7145],[-98.1226,29.7206],[-98.1156,29.7327],[-98.1138,29.739],[-98.1129,29.7406],[-98.1105,29.7422],[-98.1063,29.7431],[-98.1021,29.745],[-98.0742,29.7666],[-98.0685,29.7708],[-98.0595,29.7753],[-98.0315,29.8009],[-98.0289,29.8029],[-98.0185,29.8108],[-98.0104,29.8169],[-98.0088,29.8177],[-98.0072,29.8185],[-97.997,29.8267],[-97.9886,29.8335],[-97.98,29.8404],[-97.9663,29.8516],[-97.9626,29.8545]]}},{"type":"Feature","properties":{"n":1,"a":"amtrak"},"geometry":{"type":"LineString","coordinates":[[-98.4893,29.4032],[-98.4875,29.4029]]}},{"type":"Feature","properties":{"n":1,"a":"amtrak"},"geometry":{"type":"LineString","coordinates":[[-108.7189,32.3532],[-108.7158,32.3526],[-108.7099,32.351],[-108.7094,32.3509],[-108.6884,32.3454],[-108.683,32.3439]]}},{"type":"Feature","properties":{"n":1,"a":"amtrak"},"geometry":{"type":"LineString","coordinates":[[-97.3215,32.7437],[-97.3214,32.7441],[-97.3214,32.7458],[-97.3215,32.7462],[-97.3215,32.747],[-97.3224,32.7489],[-97.3233,32.7501]]}},{"type":"Feature","properties":{"n":1,"a":"amtrak"},"geometry":{"type":"LineString","coordinates":[[-79.1918,34.6812],[-79.1908,34.6823],[-79.1783,34.695],[-79.1525,34.7214],[-78.9865,34.9352],[-78.9731,34.9492],[-78.9664,34.9525],[-78.9576,34.9549],[-78.949,34.9635],[-78.9482,34.966],[-78.9493,34.9748],[-78.9488,34.9779],[-78.9228,35.0179],[-78.9209,35.0196],[-78.906,35.0289],[-78.8921,35.0421],[-78.8837,35.0575],[-78.8793,35.0658],[-78.8776,35.0676],[-78.8624,35.0767]]}},{"type":"Feature","properties":{"n":1,"a":"amtrak"},"geometry":{"type":"LineString","coordinates":[[-88.6932,32.3654],[-88.6888,32.3673],[-88.6885,32.3675],[-88.6731,32.3769],[-88.6633,32.3864],[-88.6582,32.3908],[-88.6478,32.394],[-88.6289,32.3943],[-88.6249,32.3951],[-88.6054,32.3993],[-88.594,32.4042],[-88.5841,32.409],[-88.5772,32.4135],[-88.5711,32.4154],[-88.5652,32.4154],[-88.5575,32.4135],[-88.5527,32.4132],[-88.5491,32.4136],[-88.5331,32.4178],[-88.5296,32.4184],[-88.4984,32.4171],[-88.4933,32.4171],[-88.4732,32.4195],[-88.4594,32.4211],[-88.4451,32.4237],[-88.4382,32.4238],[-88.4238,32.4235],[-88.4215,32.4222],[-88.416,32.417],[-88.4134,32.4163],[-88.4083,32.4165],[-88.4011,32.4166],[-88.3989,32.4172],[-88.3949,32.4197],[-88.3766,32.4285],[-88.337,32.4478],[-88.3357,32.4493],[-88.3233,32.4712],[-88.3213,32.4733],[-88.3175,32.4753],[-88.2986,32.4844],[-88.2953,32.486],[-88.2944,32.4864],[-88.2922,32.488],[-88.2808,32.5001],[-88.2778,32.5028],[-88.2575,32.517],[-88.2243,32.5457],[-88.2123,32.5561],[-88.197,32.5694],[-88.187,32.5781],[-88.1857,32.5795],[-88.1846,32.582],[-88.1746,32.6087],[-88.1669,32.6298],[-88.1669,32.6325],[-88.1684,32.6407],[-88.1689,32.6443],[-88.1676,32.648],[-88.168,32.6513],[-88.1647,32.6568],[-88.1589,32.6611],[-88.1523,32.6695],[-88.1483,32.6731],[-88.1376,32.6788],[-88.1354,32.6808],[-88.1249,32.692],[-88.1159,32.6962],[-88.112,32.6977],[-88.0969,32.7002],[-88.0843,32.7083],[-88.0485,32.7438],[-88.0451,32.7466],[-88.0272,32.7579],[-88.025,32.7592],[-88.022,32.7611],[-88.0174,32.764],[-87.8905,32.8339],[-87.8854,32.8367],[-87.8811,32.8391],[-87.8653,32.8465],[-87.8538,32.8468],[-87.8369,32.847],[-87.8322,32.846],[-87.8278,32.845],[-87.8249,32.8452],[-87.7758,32.8606],[-87.7543,32.872],[-87.7467,32.8761],[-87.742,32.8794],[-87.7328,32.8878],[-87.6903,32.9267],[-87.6752,32.9362],[-87.6736,32.9379],[-87.6668,32.9478],[-87.6587,32.9612],[-87.6542,32.9687],[-87.6478,32.9792],[-87.6316,32.9976],[-87.6253,33.0046],[-87.6226,33.0077],[-87.6203,33.0101],[-87.614,33.0132],[-87.6101,33.017],[-87.6062,33.0233],[-87.6049,33.0296],[-87.5996,33.0364],[-87.599,33.0401],[-87.6026,33.0505],[-87.6023,33.0546],[-87.6015,33.0597],[-87.5973,33.0648],[-87.5932,33.0693],[-87.5827,33.0768],[-87.5811,33.0791],[-87.5806,33.0838],[-87.5819,33.0963],[-87.5803,33.1004],[-87.5794,33.1099],[-87.5743,33.1342],[-87.5641,33.1822],[-87.5638,33.1836],[-87.5625,33.1875],[-87.5614,33.19],[-87.56,33.1933],[-87.5584,33.1962],[-87.5562,33.1982],[-87.5539,33.1999],[-87.5512,33.2007],[-87.5285,33.2021],[-87.5212,33.2016],[-87.5159,33.203],[-87.5083,33.2022],[-87.5033,33.2038],[-87.5007,33.2039],[-87.4978,33.2027],[-87.4937,33.1987],[-87.4917,33.1975],[-87.4862,33.1959],[-87.4812,33.1964],[-87.4782,33.1957],[-87.4733,33.1927],[-87.4669,33.1873],[-87.4606,33.1854],[-87.457,33.1835],[-87.4528,33.1833],[-87.4479,33.1854],[-87.4453,33.1856],[-87.4369,33.1845],[-87.4284,33.186],[-87.4219,33.1862],[-87.4195,33.1857],[-87.4103,33.1789],[-87.4074,33.1724],[-87.4059,33.1705],[-87.3997,33.1673],[-87.3932,33.1666],[-87.3664,33.1657],[-87.3603,33.1649],[-87.35,33.1636],[-87.3432,33.161],[-87.3394,33.1602],[-87.3356,33.1604],[-87.3276,33.1622],[-87.3174,33.1618],[-87.3106,33.1588],[-87.3088,33.1585],[-87.3063,33.1587],[-87.3012,33.1602],[-87.2998,33.1608],[-87.2966,33.162],[-87.2858,33.1646],[-87.2725,33.1711],[-87.2636,33.1724],[-87.2548,33.1729],[-87.2365,33.1741],[-87.2278,33.1763],[-87.2207,33.1774],[-87.2157,33.1793],[-87.2085,33.1823],[-87.1991,33.1888],[-87.1943,33.1912],[-87.1892,33.1917],[-87.1865,33.1916],[-87.1837,33.1922],[-87.1706,33.1975],[-87.1648,33.2001],[-87.1493,33.2084],[-87.1426,33.2114],[-87.1399,33.2131],[-87.1319,33.2204],[-87.127,33.2254],[-87.1218,33.231],[-87.1159,33.2372],[-87.1138,33.2387],[-87.1005,33.2431],[-87.0825,33.2579],[-87.0797,33.2607],[-87.0674,33.2761],[-87.0664,33.2772],[-87.0406,33.303],[-87.0394,33.3041],[-87.0284,33.3148],[-87.0061,33.3366],[-86.9918,33.3506],[-86.9901,33.3522],[-86.9864,33.3562],[-86.9676,33.3794],[-86.9427,33.4102],[-86.9311,33.4247],[-86.9237,33.4334],[-86.9091,33.4462],[-86.8972,33.4565],[-86.8912,33.4617],[-86.8788,33.472],[-86.8524,33.489],[-86.8421,33.4953],[-86.8199,33.506],[-86.8146,33.5085],[-86.8134,33.5091],[-86.8098,33.5108],[-86.804,33.5136],[-86.7979,33.5165],[-86.7952,33.5184],[-86.7939,33.5187],[-86.7906,33.5199],[-86.7891,33.5205],[-86.7783,33.5256],[-86.7608,33.5339],[-86.7528,33.5374],[-86.7438,33.5405],[-86.7401,33.5411],[-86.7375,33.5407],[-86.7345,33.5383],[-86.7323,33.5376],[-86.7235,33.5397],[-86.7118,33.5376],[-86.7091,33.5378],[-86.7066,33.5388],[-86.6916,33.5477],[-86.6862,33.5505],[-86.6767,33.5487],[-86.6722,33.55],[-86.6718,33.5502],[-86.6691,33.552],[-86.6661,33.5553],[-86.6635,33.5567],[-86.6551,33.562],[-86.6522,33.5627],[-86.6495,33.5621],[-86.6478,33.5595],[-86.6463,33.5586],[-86.6384,33.5591],[-86.63,33.5573],[-86.6251,33.5559],[-86.6221,33.5558],[-86.6189,33.5542],[-86.6173,33.554],[-86.6155,33.5547],[-86.6133,33.5577],[-86.6107,33.5581],[-86.6082,33.5567],[-86.6063,33.5537],[-86.6051,33.5528],[-86.6034,33.5525],[-86.5989,33.5535],[-86.596,33.5534],[-86.5941,33.5527],[-86.5912,33.5505],[-86.5867,33.5492],[-86.5851,33.5498],[-86.5774,33.5561],[-86.5749,33.5566],[-86.5714,33.5544],[-86.5683,33.5498],[-86.5644,33.5478],[-86.5629,33.5474],[-86.5614,33.5476],[-86.5589,33.5494],[-86.5569,33.5506],[-86.5549,33.5507],[-86.5494,33.5484],[-86.5369,33.5427],[-86.5347,33.5417],[-86.5312,33.5408],[-86.5283,33.5414],[-86.5256,33.5428],[-86.5207,33.5469],[-86.517,33.5487],[-86.5111,33.5515],[-86.5068,33.5555],[-86.4931,33.5645],[-86.4779,33.5741],[-86.4652,33.5778],[-86.4625,33.5779],[-86.4539,33.574],[-86.4518,33.5737],[-86.4501,33.5744],[-86.4484,33.5771],[-86.447,33.5782],[-86.4301,33.5886],[-86.4235,33.5911],[-86.4197,33.5917],[-86.4139,33.591],[-86.4056,33.5928],[-86.4016,33.5924],[-86.3976,33.5925],[-86.3932,33.5932],[-86.3914,33.5927],[-86.3883,33.589],[-86.3871,33.5852],[-86.3847,33.5841],[-86.3809,33.5847],[-86.3745,33.5867],[-86.3708,33.5867],[-86.3688,33.5864],[-86.3628,33.584],[-86.3595,33.5838],[-86.3564,33.5846],[-86.3452,33.5904],[-86.3365,33.5927],[-86.3341,33.5925],[-86.3327,33.5919],[-86.3318,33.5907],[-86.3308,33.5877],[-86.3282,33.5859],[-86.3134,33.5875],[-86.3108,33.5876],[-86.3088,33.5872],[-86.3061,33.5857],[-86.3014,33.5819],[-86.3,33.5815],[-86.2947,33.582],[-86.2886,33.5841],[-86.2668,33.5915],[-86.2596,33.5918],[-86.2512,33.5889],[-86.2455,33.5894],[-86.2344,33.5893],[-86.2297,33.5911],[-86.216,33.6004],[-86.2027,33.603],[-86.1991,33.6057],[-86.1951,33.6091],[-86.1917,33.6102],[-86.1795,33.6102],[-86.1667,33.6103],[-86.1613,33.6095],[-86.1569,33.6104],[-86.1532,33.611],[-86.1362,33.6114],[-86.1332,33.6116],[-86.1259,33.6138],[-86.1192,33.6144],[-86.1083,33.6153],[-86.0978,33.6162],[-86.0823,33.6139],[-86.0799,33.6145],[-86.0734,33.6181],[-86.0679,33.6194],[-86.065,33.6195],[-86.0613,33.6184],[-86.0539,33.614],[-86.0513,33.6129],[-86.0411,33.6118],[-86.0361,33.6104],[-86.0287,33.6063],[-86.0215,33.6059],[-86.0192,33.6059],[-86.0028,33.6058],[-85.9992,33.6066],[-85.9961,33.6081],[-85.9931,33.6096],[-85.9825,33.6118],[-85.9753,33.6144],[-85.9732,33.6158],[-85.9702,33.6198],[-85.9677,33.6211],[-85.9539,33.624],[-85.9417,33.6246]]}},{"type":"Feature","properties":{"n":1,"a":"amtrak"},"geometry":{"type":"LineString","coordinates":[[-80.2582,25.8551],[-80.2583,25.8554],[-80.258,25.8597],[-80.2584,25.8623],[-80.2586,25.863],[-80.26,25.8697],[-80.26,25.8702]]}},{"type":"Feature","properties":{"n":1,"a":"amtrak"},"geometry":{"type":"LineString","coordinates":[[-80.2596,25.8499],[-80.2593,25.849],[-80.2584,25.8485],[-80.2571,25.8487],[-80.2565,25.8494],[-80.2565,25.8507],[-80.258,25.8525],[-80.2582,25.8546],[-80.2582,25.8551]]}},{"type":"Feature","properties":{"n":1,"a":"amtrak"},"geometry":{"type":"LineString","coordinates":[[-81.7937,28.0558],[-81.7921,28.0535],[-81.7903,28.0506],[-81.7892,28.049],[-81.7846,28.0418],[-81.7786,28.0326],[-81.7758,28.0283],[-81.7733,28.0247],[-81.7712,28.0231],[-81.7384,28.0079],[-81.7353,28.0048],[-81.7348,28.0016],[-81.7348,27.9992],[-81.7347,27.9944],[-81.7336,27.9917],[-81.7294,27.9863],[-81.7037,27.9558],[-81.6827,27.931],[-81.6567,27.9003],[-81.6544,27.8975],[-81.6509,27.8934],[-81.6484,27.8896],[-81.6462,27.886],[-81.6458,27.8852],[-81.6447,27.8829],[-81.6443,27.8808],[-81.6381,27.8123],[-81.5969,27.7509],[-81.5932,27.7455],[-81.5816,27.7331],[-81.5685,27.7188],[-81.5545,27.6883],[-81.5473,27.6775],[-81.5263,27.6464],[-81.5153,27.63],[-81.5081,27.6226],[-81.5067,27.6205],[-81.5061,27.6186],[-81.5057,27.6117],[-81.5057,27.5955],[-81.5051,27.5938],[-81.5029,27.5908],[-81.5002,27.5854],[-81.4992,27.5766],[-81.492,27.567],[-81.4843,27.5627],[-81.4661,27.5453],[-81.4521,27.5407],[-81.4412,27.5363],[-81.4378,27.5337],[-81.4364,27.5303],[-81.4364,27.52],[-81.435,27.5122],[-81.4367,27.5051],[-81.4367,27.5032],[-81.4333,27.4937],[-81.4317,27.4911],[-81.4288,27.4897],[-81.4142,27.4896],[-81.3545,27.4854],[-81.3304,27.4799],[-81.3183,27.4767],[-81.2565,27.4459],[-81.0804,27.3577],[-81.0567,27.3458],[-81.0463,27.3406],[-80.8721,27.2532],[-80.8674,27.2519],[-80.8631,27.2517],[-80.8518,27.2518],[-80.8498,27.2518],[-80.8468,27.2518],[-80.8449,27.2518],[-80.8385,27.2518],[-80.8359,27.2518],[-80.83,27.2518],[-80.82,27.2517],[-80.8165,27.2506],[-80.6777,27.1588],[-80.6551,27.1439],[-80.6521,27.1419],[-80.6246,27.1237],[-80.601,27.1081],[-80.5231,27.0564],[-80.5171,27.0524],[-80.508,27.0464],[-80.5055,27.0447],[-80.4891,27.0338],[-80.4744,27.024],[-80.4669,27.0191],[-80.3761,26.9586],[-80.3083,26.9134],[-80.2863,26.8988],[-80.2295,26.8608],[-80.1168,26.7854],[-80.1152,26.7844],[-80.1103,26.7811],[-80.0878,26.766],[-80.0825,26.7625],[-80.0764,26.7584]]}},{"type":"Feature","properties":{"n":1,"a":"amtrak"},"geometry":{"type":"LineString","coordinates":[[-81.7937,28.0558],[-81.7947,28.0571],[-81.7949,28.0575],[-81.7959,28.0591],[-81.7953,28.0604]]}},{"type":"Feature","properties":{"n":1,"a":"amtrak"},"geometry":{"type":"LineString","coordinates":[[-82.4485,27.9555],[-82.4481,27.956],[-82.4471,27.9572],[-82.4454,27.9586],[-82.4427,27.9596],[-82.4265,27.9596],[-82.4206,27.9596],[-82.4167,27.9596],[-82.403,27.9596],[-82.398,27.9596],[-82.3955,27.9596],[-82.3897,27.9596],[-82.3816,27.9614],[-82.377,27.9627],[-82.3566,27.9685],[-82.3564,27.9686],[-82.3389,27.972],[-82.317,27.9736],[-82.3144,27.9743],[-82.3078,27.9778],[-82.3056,27.9781],[-82.3034,27.9777],[-82.2957,27.9766],[-82.2935,27.9767],[-82.2777,27.9826],[-82.2713,27.9849],[-82.2288,27.9919],[-82.2197,27.9942],[-82.1679,28.0069],[-82.1508,28.0105],[-82.1428,28.0119],[-82.1215,28.0156],[-82.1202,28.0158],[-82.1045,28.0185],[-82.0558,28.0269],[-82.0543,28.0272],[-82.0355,28.0304],[-82.0279,28.0317],[-82.0187,28.0333],[-82.0124,28.0343],[-82.0075,28.0354],[-82.0022,28.0364],[-81.9787,28.0409],[-81.9758,28.0415],[-81.9696,28.0426],[-81.9676,28.043],[-81.9626,28.044],[-81.9509,28.0462],[-81.936,28.0489],[-81.9223,28.048],[-81.9103,28.0471],[-81.8975,28.0461],[-81.8741,28.0445],[-81.8585,28.0471],[-81.8165,28.0544],[-81.8032,28.0567],[-81.8021,28.0568]]}},{"type":"Feature","properties":{"n":1,"a":"amtrak"},"geometry":{"type":"LineString","coordinates":[[-80.2581,25.8492],[-80.2583,25.8547],[-80.2582,25.8551]]}},{"type":"Feature","properties":{"n":1,"a":"amtrak"},"geometry":{"type":"LineString","coordinates":[[-82.4506,27.9529],[-82.4485,27.9555]]}},{"type":"Feature","properties":{"n":1,"a":"amtrak"},"geometry":{"type":"LineString","coordinates":[[-82.4507,27.953],[-82.4485,27.9555]]}},{"type":"Feature","properties":{"n":1,"a":"amtrak"},"geometry":{"type":"LineString","coordinates":[[-90.0558,29.9858],[-90.0483,29.9863],[-90.0458,29.9863],[-90.0446,29.9868],[-90.0442,29.988],[-90.0443,29.9888],[-90.0445,29.9916],[-90.0449,29.9958],[-90.0472,30.0246],[-90.0466,30.0265],[-90.0453,30.028],[-90.0429,30.0294],[-90.027,30.0334],[-90.013,30.0376],[-90.0006,30.0423],[-89.9882,30.0477],[-89.976,30.054],[-89.9658,30.06],[-89.9558,30.0668],[-89.9433,30.0766],[-89.9296,30.0889],[-89.9177,30.1016],[-89.8479,30.1886],[-89.8026,30.2451],[-89.8003,30.2483],[-89.7889,30.2677],[-89.7862,30.2723],[-89.7836,30.2768],[-89.7828,30.2784],[-89.7822,30.2798],[-89.779,30.288],[-89.7561,30.346],[-89.7509,30.3592],[-89.7441,30.3763],[-89.7422,30.3801],[-89.7335,30.3896],[-89.718,30.4268],[-89.6983,30.4643],[-89.6957,30.4701],[-89.6936,30.4775],[-89.6935,30.4778],[-89.6933,30.4782],[-89.6931,30.4788],[-89.6921,30.4822],[-89.6913,30.4851],[-89.6912,30.4856],[-89.6861,30.5045],[-89.6799,30.5284],[-89.6694,30.5691],[-89.6639,30.5808],[-89.6532,30.5945],[-89.6516,30.6023],[-89.65,30.6129],[-89.6514,30.62],[-89.6518,30.6238],[-89.6512,30.6315],[-89.6502,30.6334],[-89.6446,30.6401],[-89.6414,30.6462],[-89.6403,30.6497],[-89.6351,30.6703],[-89.6341,30.673],[-89.6228,30.6863],[-89.6072,30.7004],[-89.6021,30.7075],[-89.5968,30.7213],[-89.5922,30.728],[-89.5913,30.7344],[-89.5845,30.7545],[-89.5735,30.7867],[-89.5712,30.7934],[-89.5624,30.8096],[-89.5538,30.815],[-89.5529,30.8165],[-89.5523,30.8208],[-89.5515,30.8224],[-89.5476,30.8263],[-89.5393,30.8311],[-89.5357,30.836],[-89.534,30.8387],[-89.5332,30.8417],[-89.5324,30.8452],[-89.5326,30.8495],[-89.5316,30.8538],[-89.5326,30.8585],[-89.5324,30.86],[-89.5295,30.8636],[-89.5213,30.8819],[-89.5153,30.897],[-89.5133,30.8986],[-89.5039,30.9019],[-89.5024,30.9034],[-89.5021,30.9051],[-89.5033,30.9082],[-89.5035,30.9101],[-89.5016,30.9183],[-89.4961,30.9291],[-89.4942,30.9327],[-89.4905,30.9427],[-89.4861,30.9485],[-89.4842,30.9545],[-89.4799,30.9603],[-89.4754,30.9725],[-89.4661,30.9829],[-89.4589,30.9887],[-89.4585,30.989],[-89.4559,30.9911],[-89.4521,30.9942],[-89.4491,30.9979],[-89.4477,30.9997],[-89.4471,31.0014],[-89.4471,31.0034],[-89.4477,31.0103],[-89.4447,31.0181],[-89.4443,31.0202],[-89.4464,31.0298],[-89.447,31.0343],[-89.4454,31.0378],[-89.4444,31.0394],[-89.4441,31.0397],[-89.4395,31.0466],[-89.4377,31.0511],[-89.4362,31.078],[-89.4354,31.0882],[-89.4315,31.098],[-89.4128,31.141],[-89.4113,31.1442],[-89.41,31.1461],[-89.4091,31.147],[-89.4074,31.1493],[-89.4067,31.1514],[-89.4073,31.1591],[-89.4062,31.1631],[-89.4051,31.1743],[-89.4045,31.1772],[-89.4024,31.18],[-89.3998,31.1816],[-89.395,31.1828],[-89.3926,31.1835],[-89.3903,31.1848],[-89.3886,31.1866],[-89.3875,31.1888],[-89.3865,31.2167],[-89.3863,31.2219],[-89.3852,31.2272],[-89.3766,31.2449],[-89.3756,31.248],[-89.374,31.2544],[-89.3721,31.257],[-89.3634,31.2613],[-89.3567,31.2618],[-89.3534,31.2629],[-89.3509,31.2653],[-89.3477,31.2726],[-89.3464,31.2755],[-89.3446,31.2769],[-89.3352,31.2773],[-89.3334,31.278],[-89.3326,31.2792],[-89.3314,31.2832],[-89.3281,31.2888],[-89.3264,31.2906],[-89.3209,31.2941],[-89.3193,31.296],[-89.3183,31.2982],[-89.3161,31.302],[-89.2963,31.3194],[-89.2944,31.321],[-89.2927,31.3225],[-89.2901,31.3248],[-89.2873,31.3266],[-89.2838,31.3299],[-89.2819,31.3319],[-89.2786,31.3345],[-89.2754,31.3371],[-89.2736,31.3396],[-89.2724,31.3428],[-89.2718,31.3467],[-89.2691,31.3639],[-89.2671,31.3785],[-89.2677,31.3818],[-89.2716,31.395],[-89.2833,31.4338],[-89.2836,31.435],[-89.2858,31.4423],[-89.2859,31.4451],[-89.2778,31.4627],[-89.2768,31.4666],[-89.2789,31.4919],[-89.2787,31.5022],[-89.2787,31.5031],[-89.2785,31.5074],[-89.2769,31.5103],[-89.2682,31.5157],[-89.2668,31.517],[-89.2617,31.528],[-89.2618,31.5341],[-89.2578,31.5405],[-89.2563,31.5422],[-89.2508,31.5459],[-89.2468,31.5506],[-89.2418,31.5534],[-89.2385,31.5593],[-89.2363,31.5635],[-89.2325,31.568],[-89.2297,31.5717],[-89.2283,31.5776],[-89.2269,31.5798],[-89.2252,31.5809],[-89.2141,31.5852],[-89.2131,31.5864],[-89.2111,31.5906],[-89.2019,31.5985],[-89.1995,31.6021],[-89.1961,31.6062],[-89.1915,31.611],[-89.1663,31.6434],[-89.1552,31.6578],[-89.1446,31.6714],[-89.1415,31.6753],[-89.1365,31.6818],[-89.1348,31.684],[-89.1295,31.6908],[-89.1283,31.6924],[-89.1254,31.6961],[-89.1233,31.6997],[-89.1225,31.7056],[-89.1209,31.7196],[-89.1198,31.7227],[-89.1177,31.7259],[-89.1143,31.7289],[-89.0905,31.7443],[-89.0645,31.765],[-89.0617,31.7679],[-89.0575,31.7721],[-89.036,31.7857],[-89.0249,31.7928],[-89.0159,31.7988],[-89.0147,31.8004],[-89.0109,31.8089],[-89.0066,31.8183],[-89.0056,31.8209],[-89.0053,31.8248],[-89.0074,31.8361],[-89.007,31.8397],[-88.9878,31.8709],[-88.9834,31.8827],[-88.9821,31.8865],[-88.9808,31.8899],[-88.9789,31.8929],[-88.9617,31.9111],[-88.9498,31.9206],[-88.9432,31.9252],[-88.9382,31.9264],[-88.9264,31.926],[-88.9249,31.9265],[-88.9236,31.9277],[-88.9228,31.9293],[-88.9223,31.9332],[-88.9191,31.9382],[-88.9207,31.9432],[-88.9205,31.9467],[-88.9139,31.958],[-88.9119,31.9614],[-88.9047,31.9852],[-88.8987,32.0023],[-88.886,32.0376],[-88.8836,32.0455],[-88.8791,32.0776],[-88.8762,32.0905],[-88.8746,32.0929],[-88.8583,32.109],[-88.8571,32.1113],[-88.8561,32.1157],[-88.8561,32.121],[-88.8551,32.1223],[-88.852,32.1246],[-88.8511,32.1262],[-88.8513,32.1301],[-88.8489,32.143],[-88.8309,32.1717],[-88.8284,32.1757],[-88.825,32.181],[-88.8181,32.1887],[-88.813,32.1926],[-88.8051,32.1969],[-88.7981,32.2008],[-88.7944,32.206],[-88.792,32.2081],[-88.7741,32.2151],[-88.7717,32.2163],[-88.77,32.2183],[-88.7695,32.2204],[-88.7703,32.2245],[-88.7698,32.233],[-88.7712,32.2397],[-88.7693,32.2489],[-88.7678,32.2912],[-88.7669,32.2934],[-88.748,32.3263],[-88.7415,32.3376],[-88.7393,32.3414],[-88.7346,32.3496],[-88.734,32.3506],[-88.7318,32.3536],[-88.7283,32.3551],[-88.7271,32.3554],[-88.7143,32.3588],[-88.7093,32.3601],[-88.7019,32.3602],[-88.7011,32.3606],[-88.6982,32.3623]]}},{"type":"Feature","properties":{"n":1,"a":"amtrak"},"geometry":{"type":"LineString","coordinates":[[-80.4558,35.6738],[-80.4506,35.6765],[-80.4366,35.6837],[-80.4357,35.6842],[-80.4345,35.6847]]}},{"type":"Feature","properties":{"n":1,"a":"amtrak"},"geometry":{"type":"LineString","coordinates":[[-80.5146,35.6362],[-80.5004,35.6489],[-80.4933,35.6534],[-80.4786,35.6598],[-80.4712,35.6631],[-80.4659,35.6671],[-80.4636,35.6689],[-80.4581,35.6727],[-80.4558,35.6738]]}},{"type":"Feature","properties":{"n":1,"a":"amtrak"},"geometry":{"type":"LineString","coordinates":[[-78.6918,35.7945],[-78.6884,35.7932],[-78.6804,35.7887],[-78.6498,35.7774],[-78.6494,35.7773],[-78.6485,35.7769],[-78.6461,35.7754],[-78.6443,35.7735],[-78.6388,35.7659],[-78.6353,35.7593],[-78.6341,35.7545],[-78.6343,35.7516],[-78.6348,35.7497],[-78.6382,35.7438],[-78.6385,35.7422],[-78.6379,35.7398],[-78.634,35.7333],[-78.6302,35.7303],[-78.6272,35.7261],[-78.6266,35.7244],[-78.6271,35.7211],[-78.6257,35.7182],[-78.6252,35.7172],[-78.6234,35.7148],[-78.6217,35.7135],[-78.605,35.7069],[-78.6009,35.7054],[-78.59,35.7011],[-78.5851,35.6993],[-78.5831,35.699],[-78.5741,35.7008],[-78.5701,35.7003],[-78.5607,35.697],[-78.5531,35.6918],[-78.5489,35.6911],[-78.5406,35.6902],[-78.5315,35.6864],[-78.5282,35.6848],[-78.5222,35.6801],[-78.5079,35.6746],[-78.5005,35.6721],[-78.4916,35.6709],[-78.4852,35.6701],[-78.4804,35.6695],[-78.4774,35.6684],[-78.4623,35.6564],[-78.4539,35.6496],[-78.4504,35.643],[-78.4489,35.6412],[-78.4087,35.6163],[-78.3813,35.5993],[-78.3711,35.593],[-78.359,35.5856],[-78.3561,35.5837],[-78.3242,35.564],[-78.322,35.5614],[-78.3203,35.5564],[-78.3193,35.5548],[-78.3174,35.5531],[-78.3134,35.5509],[-78.3064,35.547],[-78.2818,35.5334],[-78.2801,35.5329],[-78.2777,35.5337],[-78.2724,35.5362],[-78.2295,35.5523]]}},{"type":"Feature","properties":{"n":1,"a":"amtrak"},"geometry":{"type":"LineString","coordinates":[[-78.8624,35.0767],[-78.8593,35.0785],[-78.8567,35.08],[-78.84,35.09],[-78.8246,35.0991],[-78.8124,35.1065],[-78.7998,35.1154],[-78.736,35.163],[-78.7202,35.1748],[-78.7032,35.1877],[-78.6913,35.2035],[-78.6806,35.2177],[-78.6559,35.2507],[-78.6527,35.255],[-78.6402,35.2716],[-78.6294,35.2861],[-78.6066,35.3127],[-78.6019,35.3182],[-78.5944,35.327],[-78.5689,35.3567],[-78.5628,35.3639],[-78.5614,35.3655],[-78.5606,35.3664],[-78.5529,35.3753],[-78.5493,35.3797],[-78.5393,35.3913],[-78.5349,35.3955],[-78.5173,35.4106],[-78.5127,35.4136],[-78.5078,35.4158],[-78.5051,35.417],[-78.4873,35.4245],[-78.4575,35.434],[-78.4333,35.4436],[-78.3912,35.4604],[-78.389,35.4617],[-78.3871,35.4637],[-78.3721,35.4795],[-78.3641,35.484],[-78.3576,35.4877],[-78.3523,35.493],[-78.3512,35.4941],[-78.3402,35.5053],[-78.3373,35.5076],[-78.3345,35.5093],[-78.3301,35.5108],[-78.3089,35.5179],[-78.2948,35.5249],[-78.2862,35.5293],[-78.2802,35.5324],[-78.2776,35.5337],[-78.2735,35.5357],[-78.2593,35.5411],[-78.2494,35.5448],[-78.2295,35.5523]]}},{"type":"Feature","properties":{"n":1,"a":"amtrak"},"geometry":{"type":"LineString","coordinates":[[-77.9636,35.6641],[-77.9353,35.6757],[-77.9326,35.678],[-77.9301,35.6823],[-77.9176,35.705],[-77.9143,35.7109],[-77.9137,35.7128],[-77.9149,35.7149]]}},{"type":"Feature","properties":{"n":1,"a":"amtrak"},"geometry":{"type":"LineString","coordinates":[[-81.0526,32.3373],[-81.0087,32.4282],[-80.9913,32.464],[-80.9828,32.4815],[-80.9588,32.5311],[-80.9337,32.5828],[-80.9298,32.5887],[-80.8838,32.6439],[-80.8697,32.6608],[-80.8586,32.674],[-80.8481,32.6867],[-80.8474,32.6875],[-80.8467,32.6882],[-80.8447,32.6906],[-80.8446,32.6908],[-80.8382,32.6983],[-80.8357,32.7007],[-80.8313,32.7031],[-80.8263,32.7042],[-80.8151,32.7057],[-80.6913,32.7218],[-80.6705,32.7245],[-80.617,32.7315],[-80.6139,32.7319],[-80.6019,32.7334],[-80.568,32.7379],[-80.5434,32.7442],[-80.4767,32.7616],[-80.4706,32.7626],[-80.464,32.7627],[-80.448,32.7623],[-80.4454,32.7623],[-80.4199,32.7617],[-80.3887,32.7583],[-80.3746,32.7568],[-80.3461,32.7552],[-80.3337,32.7545],[-80.325,32.7552],[-80.3049,32.7574],[-80.2633,32.762],[-80.2472,32.7638],[-80.2416,32.7644],[-80.2384,32.7648],[-80.2253,32.7662],[-80.1935,32.7697],[-80.1858,32.7715],[-80.1083,32.7928],[-80.1028,32.7964],[-80.0627,32.8354],[-80.0462,32.8512],[-80.043,32.8526],[-80.0346,32.8539],[-80.0344,32.854],[-80.0273,32.8554],[-80.0132,32.8603],[-80.0004,32.8648],[-79.9997,32.865],[-79.9978,32.8657],[-79.9977,32.8657],[-79.9956,32.8672],[-79.9953,32.8685],[-79.9956,32.8696],[-79.996,32.8703],[-79.9983,32.8747],[-79.9995,32.8769],[-80.0068,32.8906],[-80.0083,32.8935],[-80.0117,32.8999],[-80.0291,32.9322],[-80.041,32.9544],[-80.0423,32.9586],[-80.0424,32.9621],[-80.0384,32.9955],[-80.035,33.0235],[-80.031,33.0571],[-80.0287,33.0766],[-80.0258,33.1011],[-80.0186,33.161],[-80.0158,33.1685],[-80.0048,33.1926],[-79.9859,33.2343],[-79.9781,33.2517],[-79.9579,33.3076],[-79.9387,33.3608],[-79.9236,33.4025],[-79.9205,33.411],[-79.9041,33.4562],[-79.8995,33.469],[-79.8924,33.4884],[-79.8866,33.5044],[-79.886,33.5061],[-79.8813,33.5191],[-79.8808,33.5205],[-79.8803,33.522],[-79.8787,33.5263],[-79.8783,33.5274],[-79.8639,33.5672],[-79.8593,33.5799],[-79.8522,33.5995],[-79.8327,33.6531],[-79.8287,33.6642],[-79.8269,33.6693],[-79.8189,33.6912],[-79.8168,33.6968],[-79.815,33.702],[-79.8111,33.7127],[-79.8048,33.7299],[-79.7855,33.7828],[-79.7837,33.7879],[-79.7825,33.791],[-79.7778,33.8039],[-79.7696,33.8278],[-79.7671,33.8352],[-79.7667,33.8365],[-79.7617,33.8514],[-79.7545,33.8728],[-79.7442,33.9041],[-79.7439,33.907],[-79.7446,33.9177],[-79.7473,33.9597],[-79.751,34.0175],[-79.7568,34.1044],[-79.7589,34.1344],[-79.7632,34.1943],[-79.7633,34.197],[-79.7626,34.1982],[-79.7617,34.1991],[-79.7602,34.1996],[-79.7574,34.1998],[-79.7351,34.2009],[-79.7248,34.2015],[-79.6491,34.205],[-79.6033,34.2071],[-79.5906,34.2077],[-79.5871,34.2085],[-79.5831,34.2096],[-79.5803,34.2098],[-79.5475,34.2065],[-79.5383,34.2056],[-79.534,34.2062],[-79.5303,34.2086],[-79.5186,34.224],[-79.5184,34.2243],[-79.5029,34.2448],[-79.4961,34.2538],[-79.4732,34.284],[-79.4687,34.2899],[-79.4434,34.3233],[-79.4395,34.3285],[-79.4387,34.3295],[-79.4325,34.3377],[-79.4131,34.3633],[-79.3795,34.4077],[-79.3719,34.4177],[-79.3575,34.4367],[-79.3462,34.4541],[-79.3406,34.4627],[-79.3284,34.4817],[-79.3232,34.4896],[-79.3127,34.5058],[-79.3032,34.5205],[-79.2924,34.5371],[-79.2597,34.5876],[-79.2467,34.6077],[-79.2425,34.6133]]}},{"type":"Feature","properties":{"n":1,"a":"amtrak"},"geometry":{"type":"LineString","coordinates":[[-80.4804,35.653],[-80.4806,35.6564],[-80.4797,35.6589],[-80.4786,35.6597]]}},{"type":"Feature","properties":{"n":1,"a":"amtrak"},"geometry":{"type":"LineString","coordinates":[[-93.8385,39.269],[-93.8339,39.2708],[-93.8211,39.2754],[-93.759,39.2873],[-93.723,39.2942],[-93.6767,39.3041],[-93.6708,39.3053],[-93.5432,39.3325],[-93.5313,39.3353],[-93.4992,39.3484],[-93.4967,39.3494],[-93.4946,39.3503],[-93.4913,39.3516],[-93.4818,39.3555],[-93.4638,39.3628],[-93.4567,39.3674],[-93.4436,39.3765],[-93.4351,39.3815],[-93.431,39.3848],[-93.4191,39.3952],[-93.4073,39.4097],[-93.3995,39.4161],[-93.38,39.4286],[-93.3709,39.4376],[-93.3641,39.4429],[-93.3594,39.4483],[-93.3522,39.4543],[-93.3339,39.4686],[-93.3326,39.4696],[-93.3154,39.4828],[-93.3115,39.4853],[-93.3011,39.4881],[-93.2678,39.5033],[-93.2475,39.5125],[-93.2392,39.5182],[-93.2233,39.5298],[-93.2036,39.5443],[-93.1496,39.5836],[-93.1387,39.5915],[-93.1254,39.6011],[-93.0634,39.64],[-93.0399,39.6546],[-93.0367,39.6576],[-93.03,39.6644],[-93.0223,39.6675],[-92.9862,39.6894],[-92.9653,39.6983],[-92.9626,39.6994],[-92.96,39.701],[-92.9588,39.702],[-92.9584,39.7024],[-92.9556,39.7055],[-92.9537,39.7078],[-92.9505,39.7121],[-92.9502,39.7127],[-92.8948,39.7789],[-92.8882,39.7868],[-92.887,39.7882],[-92.8867,39.7886],[-92.8781,39.7983],[-92.8691,39.8084],[-92.861,39.8162],[-92.8565,39.8189],[-92.8551,39.821],[-92.8521,39.8261],[-92.8496,39.8284],[-92.8479,39.8293],[-92.8429,39.8293],[-92.8375,39.8269],[-92.834,39.8267],[-92.828,39.8278],[-92.8246,39.8307],[-92.8229,39.8325],[-92.8224,39.8343],[-92.8232,39.8387],[-92.8229,39.84],[-92.8189,39.844],[-92.8122,39.8504],[-92.8072,39.8593],[-92.7973,39.8658],[-92.7946,39.8668],[-92.7787,39.8692],[-92.7765,39.8707],[-92.7701,39.8778],[-92.7681,39.8787],[-92.7616,39.88],[-92.7585,39.882],[-92.7494,39.8893],[-92.7461,39.8912],[-92.7416,39.8928],[-92.7326,39.8948],[-92.7173,39.8973],[-92.7134,39.8987],[-92.71,39.9007],[-92.6944,39.9137],[-92.649,39.9585],[-92.6372,39.9699],[-92.62,39.9813],[-92.6178,39.9837],[-92.613,39.9912],[-92.6095,39.9946],[-92.6043,39.9975],[-92.5924,40.0011],[-92.5824,40.0041],[-92.564,40.0119],[-92.5241,40.0181],[-92.5,40.0274],[-92.4927,40.0293],[-92.4857,40.031],[-92.4827,40.0327],[-92.4777,40.0371],[-92.4756,40.0398],[-92.4719,40.0445],[-92.4603,40.0629],[-92.4582,40.0655],[-92.4504,40.0703],[-92.4408,40.074],[-92.4375,40.0758],[-92.4192,40.0923],[-92.3955,40.1136],[-92.3685,40.1264],[-92.3584,40.1349],[-92.3457,40.1418],[-92.3376,40.1446],[-92.3346,40.1462],[-92.3236,40.1527],[-92.3174,40.1568],[-92.3139,40.162],[-92.312,40.1651],[-92.3096,40.1674],[-92.2979,40.1732],[-92.2935,40.1771],[-92.2912,40.1812],[-92.2897,40.1893],[-92.2875,40.1951],[-92.286,40.1975],[-92.2838,40.1995],[-92.2804,40.2013],[-92.2624,40.2076],[-92.2525,40.2145],[-92.227,40.2256],[-92.2214,40.2289],[-92.2163,40.2323],[-92.1953,40.2493],[-92.1869,40.2561],[-92.1781,40.2641],[-92.1635,40.2731],[-92.1542,40.2812],[-92.142,40.2857],[-92.1239,40.2973],[-92.12,40.2985],[-92.109,40.2997],[-92.1056,40.301],[-92.1022,40.3033],[-92.0968,40.3071],[-92.089,40.3106],[-92.0863,40.3124],[-92.0794,40.3192],[-92.075,40.3222],[-92.0643,40.3315],[-92.0379,40.3475],[-92.0289,40.3539],[-92.0265,40.356],[-92.0236,40.3601],[-92.021,40.3629],[-92.018,40.3646],[-92.0007,40.3705],[-91.9852,40.3728],[-91.947,40.3832],[-91.9266,40.3888],[-91.9232,40.3897],[-91.8929,40.3978],[-91.8696,40.3994],[-91.8451,40.4075],[-91.8404,40.408],[-91.8285,40.4078],[-91.8225,40.4091],[-91.8185,40.4108],[-91.7964,40.4233],[-91.778,40.4361],[-91.7643,40.4453],[-91.7606,40.4468],[-91.7513,40.4488],[-91.7479,40.4501],[-91.744,40.4524],[-91.7375,40.458],[-91.7345,40.4599],[-91.7105,40.47],[-91.7064,40.4728],[-91.7005,40.4794],[-91.6971,40.4819],[-91.6752,40.4916],[-91.672,40.4935],[-91.6701,40.4976],[-91.6686,40.4989],[-91.6629,40.5013],[-91.6562,40.5022],[-91.6536,40.5036],[-91.6491,40.5091],[-91.6484,40.5142],[-91.6478,40.5158],[-91.6441,40.5198],[-91.6422,40.521],[-91.6399,40.5217],[-91.6374,40.5217],[-91.6304,40.5197],[-91.6218,40.5182],[-91.6158,40.5167],[-91.6145,40.5157],[-91.612,40.5118],[-91.6064,40.5088],[-91.6039,40.5083],[-91.5986,40.5086],[-91.5969,40.5096],[-91.5923,40.5138],[-91.5832,40.5203],[-91.5724,40.5259],[-91.5544,40.5375],[-91.5512,40.5394],[-91.5472,40.5409],[-91.5253,40.5453],[-91.5211,40.5467],[-91.4987,40.5587],[-91.4828,40.5657],[-91.4686,40.5697],[-91.4211,40.5916],[-91.3891,40.6064],[-91.3704,40.615],[-91.3658,40.6165],[-91.3595,40.6178],[-91.3533,40.619],[-91.3451,40.6207],[-91.3314,40.6234],[-91.3248,40.6235],[-91.3222,40.6249],[-91.3182,40.6282],[-91.3138,40.6294],[-91.3004,40.6299],[-91.2988,40.6294],[-91.2972,40.6281],[-91.2878,40.6196],[-91.2854,40.6188],[-91.2818,40.619],[-91.2019,40.6285],[-91.1721,40.6355],[-91.1666,40.6376],[-91.1546,40.6427],[-91.1334,40.65],[-91.0715,40.684],[-91.0561,40.6923],[-91.0262,40.705],[-91.016,40.7098],[-90.909,40.7465],[-90.8299,40.7735],[-90.7884,40.789],[-90.7844,40.7905],[-90.7077,40.8197],[-90.6156,40.8545],[-90.5898,40.8642],[-90.4984,40.8986],[-90.4962,40.8992],[-90.4939,40.899],[-90.4919,40.8978],[-90.4907,40.8962],[-90.4903,40.8956],[-90.4876,40.8915],[-90.4861,40.8902],[-90.4839,40.8894],[-90.48,40.8893]]}},{"type":"Feature","properties":{"n":1,"a":"amtrak"},"geometry":{"type":"LineString","coordinates":[[-87.5972,41.7502],[-87.5955,41.7577],[-87.5919,41.7733],[-87.5867,41.796],[-87.5866,41.7991],[-87.5872,41.8026],[-87.5896,41.8077],[-87.6081,41.833],[-87.6107,41.8385],[-87.6187,41.8577],[-87.6206,41.8603],[-87.6232,41.8609],[-87.6299,41.8605],[-87.6318,41.8602],[-87.6329,41.8596],[-87.6344,41.8565],[-87.6393,41.8514]]}},{"type":"Feature","properties":{"n":1,"a":"amtrak"},"geometry":{"type":"LineString","coordinates":[[-87.6394,41.7648],[-87.6395,41.7551],[-87.6395,41.7546],[-87.639,41.749],[-87.6372,41.7408],[-87.6347,41.7375],[-87.6341,41.7359],[-87.6325,41.6915],[-87.6318,41.6896],[-87.6301,41.6879],[-87.6153,41.6802],[-87.6133,41.6781],[-87.6128,41.6763],[-87.6122,41.6474],[-87.6123,41.6426],[-87.6123,41.6389],[-87.6123,41.6382],[-87.6124,41.635],[-87.6123,41.6287],[-87.6123,41.6223],[-87.6122,41.6076],[-87.6122,41.6017],[-87.6122,41.5972],[-87.612,41.5928],[-87.6104,41.5913],[-87.5817,41.573],[-87.5573,41.5624],[-87.5253,41.5486],[-87.5198,41.5462],[-87.5183,41.5447],[-87.518,41.5432],[-87.5181,41.5154],[-87.518,41.5005],[-87.517,41.4969],[-87.5036,41.483],[-87.4817,41.4663],[-87.4706,41.4556],[-87.4667,41.4519],[-87.4645,41.4496],[-87.4638,41.448],[-87.4585,41.4279],[-87.4535,41.4193],[-87.4509,41.4115],[-87.4458,41.384],[-87.4467,41.3627],[-87.4469,41.3561],[-87.4459,41.3521],[-87.4432,41.348],[-87.4355,41.3417],[-87.4323,41.3378],[-87.4242,41.3136],[-87.4229,41.3088],[-87.4246,41.2946],[-87.4229,41.2908],[-87.4205,41.2869],[-87.411,41.2714],[-87.3997,41.2624],[-87.3499,41.193],[-87.3492,41.1921],[-87.3424,41.1825],[-87.3354,41.1728],[-87.3104,41.1413],[-87.3006,41.1293],[-87.2759,41.0988],[-87.257,41.0754],[-87.2407,41.0553],[-87.2204,41.0257],[-87.2103,41.0108],[-87.2002,40.9961],[-87.1749,40.9591],[-87.1579,40.9446],[-87.1543,40.9432],[-87.1473,40.9432],[-87.1338,40.9432],[-87.1303,40.9433],[-87.1021,40.9434],[-87.0982,40.943],[-87.0946,40.9421],[-87.0714,40.9335],[-87.0586,40.9287],[-87.0568,40.928],[-86.9874,40.9018],[-86.9507,40.8879],[-86.9407,40.8833],[-86.9157,40.8741],[-86.8952,40.8666],[-86.8805,40.8611],[-86.8793,40.8607],[-86.8787,40.8604],[-86.8777,40.8591],[-86.8776,40.858],[-86.8772,40.8478],[-86.8738,40.7621],[-86.8736,40.7575],[-86.8735,40.7555],[-86.8734,40.7516],[-86.8732,40.748],[-86.8725,40.7285],[-86.8699,40.6656],[-86.8679,40.6195],[-86.8672,40.603],[-86.8667,40.5915],[-86.8656,40.5862],[-86.8546,40.5617],[-86.8509,40.5536],[-86.8458,40.5427],[-86.8365,40.5224],[-86.8357,40.5197],[-86.8356,40.5167],[-86.8363,40.5136],[-86.8376,40.5108],[-86.8394,40.5086],[-86.8471,40.5031],[-86.8527,40.4968],[-86.86,40.4914],[-86.8628,40.4878],[-86.8648,40.4825],[-86.8715,40.4632],[-86.8749,40.4579],[-86.8761,40.4548],[-86.878,40.4466],[-86.879,40.4444],[-86.8868,40.4337],[-86.891,40.4295],[-86.8934,40.4254],[-86.8964,40.4195],[-86.8968,40.4174],[-86.896,40.4134],[-86.8972,40.4107],[-86.8976,40.4102],[-86.8978,40.4099],[-86.901,40.4063],[-86.9057,40.4035],[-86.9099,40.4012],[-86.9206,40.3962],[-86.9266,40.3931],[-86.9284,40.3909],[-86.932,40.3843],[-86.9331,40.3813],[-86.933,40.3789],[-86.9291,40.3708],[-86.9286,40.3687],[-86.9292,40.3671],[-86.9315,40.3644],[-86.9322,40.3619],[-86.9321,40.3578],[-86.9309,40.3547],[-86.9309,40.3533],[-86.932,40.351],[-86.9352,40.3479],[-86.9358,40.3451],[-86.9159,40.3111],[-86.9138,40.3025],[-86.9133,40.2993],[-86.9133,40.2893],[-86.9154,40.2737],[-86.9147,40.2552],[-86.9136,40.2449],[-86.9134,40.2374],[-86.9092,40.2148],[-86.9091,40.2144],[-86.9052,40.1941],[-86.9045,40.1891],[-86.9043,40.1191],[-86.9042,40.1144],[-86.9037,40.0851],[-86.9029,40.0831],[-86.8976,40.0749],[-86.8955,40.0715],[-86.8951,40.0667],[-86.8959,40.0639],[-86.899,40.0602],[-86.8998,40.0574],[-86.8997,40.0561],[-86.8981,40.0522],[-86.8993,40.0456],[-86.8987,40.0439],[-86.8977,40.043],[-86.8892,40.0388],[-86.8864,40.036],[-86.8849,40.0348],[-86.8843,40.0345],[-86.8729,40.0297],[-86.8639,40.026],[-86.8111,40.0039],[-86.7144,39.9633],[-86.6953,39.9553],[-86.6654,39.9447],[-86.6187,39.9226],[-86.547,39.8888],[-86.496,39.8752],[-86.4825,39.8716],[-86.4152,39.8536],[-86.3965,39.8456],[-86.3271,39.8155],[-86.3155,39.8109],[-86.3136,39.8096],[-86.3125,39.8082],[-86.3046,39.7934],[-86.3036,39.7907],[-86.3031,39.7874],[-86.303,39.7722],[-86.3029,39.7639],[-86.3028,39.7525],[-86.3028,39.7507],[-86.3027,39.7453],[-86.3022,39.7429],[-86.3005,39.7405],[-86.2973,39.7387],[-86.2946,39.7378],[-86.2915,39.7376],[-86.2817,39.7396],[-86.2618,39.7445],[-86.2295,39.7524],[-86.2259,39.7533],[-86.2156,39.7558],[-86.2125,39.7566],[-86.1923,39.7614],[-86.1913,39.7617],[-86.1895,39.7621],[-86.1887,39.7623],[-86.188,39.7625],[-86.1868,39.7628],[-86.1765,39.764],[-86.1755,39.764],[-86.1692,39.7638],[-86.1646,39.7629],[-86.1633,39.7626],[-86.1596,39.7621],[-86.1572,39.7622],[-86.1557,39.763],[-86.1538,39.7637],[-86.1494,39.7651],[-86.1468,39.7654],[-86.1457,39.7653],[-86.1314,39.765],[-86.1178,39.7653],[-86.1105,39.7657],[-86.107,39.7659],[-86.0991,39.7663],[-86.0905,39.7665],[-86.0599,39.7597],[-86.0209,39.7512],[-85.958,39.7376],[-85.9518,39.7363],[-85.8891,39.7227],[-85.8667,39.7178],[-85.8203,39.7063],[-85.7904,39.6988],[-85.7739,39.6947],[-85.7308,39.6839],[-85.6952,39.675],[-85.6888,39.6733],[-85.6843,39.6721],[-85.6805,39.6711],[-85.6484,39.6625],[-85.6328,39.6583],[-85.5894,39.6468],[-85.579,39.644],[-85.5743,39.6428],[-85.503,39.6239],[-85.4702,39.6152],[-85.4572,39.6118],[-85.4524,39.6106],[-85.449,39.6104],[-85.4368,39.6107],[-85.3477,39.6229],[-85.3335,39.6248],[-85.3038,39.6289],[-85.3002,39.6297],[-85.299,39.63],[-85.2663,39.6398],[-85.2628,39.6415],[-85.2513,39.6488],[-85.2427,39.6524],[-85.2343,39.6534],[-85.2294,39.655],[-85.2225,39.6581],[-85.2111,39.6594],[-85.2065,39.6613],[-85.2042,39.6612],[-85.1834,39.6555],[-85.1695,39.6544],[-85.1553,39.6523],[-85.1444,39.6492],[-85.1346,39.6463],[-85.1319,39.6455],[-85.1265,39.6442],[-85.088,39.6389],[-85.0841,39.64],[-85.0713,39.6471],[-85.0645,39.6508],[-85.0582,39.6522],[-85.0513,39.6535],[-85.0484,39.6545],[-85.041,39.659],[-85.0349,39.6653],[-85.032,39.668],[-85.0292,39.6697],[-85.0202,39.6726],[-85.0129,39.6734],[-85.009,39.6719],[-85.0041,39.6669],[-85.0036,39.6651],[-85.0046,39.6614],[-85.0045,39.6549],[-85.0038,39.6515],[-85.0026,39.6483],[-84.9992,39.643],[-84.9965,39.6412],[-84.9913,39.6408],[-84.9846,39.6419],[-84.9797,39.6455],[-84.9768,39.6492],[-84.9744,39.6512],[-84.9672,39.655],[-84.9649,39.6556],[-84.961,39.6557],[-84.9578,39.6552],[-84.9536,39.6535],[-84.9377,39.6438],[-84.9333,39.6404],[-84.9322,39.6381],[-84.932,39.6332],[-84.9314,39.6318],[-84.9302,39.6308],[-84.9273,39.6297],[-84.9141,39.6282],[-84.908,39.626],[-84.8611,39.5967],[-84.8224,39.5731],[-84.8161,39.5675],[-84.8151,39.5664],[-84.8133,39.5647],[-84.7961,39.5478],[-84.7787,39.5308],[-84.7505,39.5111],[-84.7473,39.5075],[-84.7405,39.4986],[-84.7355,39.4919],[-84.7344,39.4884],[-84.7348,39.4853],[-84.738,39.4786],[-84.7387,39.4759],[-84.7386,39.4726],[-84.7371,39.4687],[-84.7345,39.4656],[-84.7308,39.463],[-84.7138,39.4565],[-84.6994,39.451],[-84.674,39.4413],[-84.6502,39.4315],[-84.6307,39.4164],[-84.6282,39.415],[-84.6242,39.4141],[-84.6148,39.4143],[-84.6046,39.4108],[-84.5881,39.4091],[-84.5811,39.4071],[-84.5665,39.3976],[-84.5609,39.3957],[-84.5588,39.3935],[-84.5583,39.3926],[-84.5569,39.3886],[-84.5502,39.37],[-84.55,39.3696],[-84.5487,39.3662],[-84.5461,39.3627],[-84.5381,39.3562],[-84.5133,39.3369],[-84.5038,39.3296],[-84.5033,39.3292],[-84.4951,39.3228],[-84.4937,39.3217],[-84.4787,39.31],[-84.4755,39.3075],[-84.4738,39.3062],[-84.4729,39.3055],[-84.4722,39.3049],[-84.4692,39.3026],[-84.469,39.3025],[-84.4658,39.2991],[-84.4631,39.2941],[-84.4586,39.2846],[-84.4576,39.2811],[-84.4576,39.2754],[-84.459,39.271],[-84.4631,39.2624],[-84.4641,39.2605],[-84.4673,39.2531],[-84.4679,39.2474],[-84.4673,39.2436],[-84.4645,39.2351],[-84.4644,39.2285],[-84.4648,39.2238],[-84.4657,39.218],[-84.4672,39.215],[-84.4695,39.2123],[-84.4823,39.1986],[-84.4864,39.1942],[-84.4946,39.1855],[-84.5047,39.1762],[-84.506,39.1751],[-84.5115,39.1703],[-84.5122,39.1683],[-84.5129,39.1663],[-84.5152,39.1649],[-84.5276,39.1601],[-84.5348,39.1581],[-84.5369,39.1568],[-84.5399,39.1536],[-84.5428,39.1504],[-84.5436,39.1485],[-84.5444,39.1395],[-84.544,39.1381],[-84.543,39.137],[-84.5415,39.1354],[-84.5388,39.132],[-84.539,39.1291],[-84.5403,39.1237],[-84.5403,39.1192],[-84.5385,39.1125],[-84.5386,39.1073],[-84.5389,39.106],[-84.539,39.1049],[-84.5387,39.1016],[-84.537,39.0995],[-84.533,39.0978],[-84.5282,39.0976],[-84.5218,39.0964],[-84.5205,39.0943],[-84.5198,39.0923],[-84.5183,39.0873],[-84.5158,39.0843],[-84.5135,39.0827],[-84.5112,39.0808],[-84.5089,39.0721],[-84.5073,39.0708],[-84.5038,39.0712],[-84.5005,39.0746],[-84.4976,39.0768],[-84.4885,39.0836],[-84.487,39.0851],[-84.4853,39.0871],[-84.4834,39.0908],[-84.4792,39.0956],[-84.478,39.1058],[-84.477,39.1076],[-84.4753,39.1091],[-84.471,39.1117],[-84.4677,39.113],[-84.4623,39.1134],[-84.456,39.1123],[-84.4514,39.1108],[-84.446,39.1076],[-84.4411,39.1008],[-84.4388,39.0945],[-84.4378,39.0889],[-84.4385,39.0756],[-84.4384,39.0731],[-84.437,39.0652],[-84.4334,39.0557],[-84.43,39.0518],[-84.4226,39.0456],[-84.411,39.0413],[-84.4068,39.0402],[-84.392,39.0377],[-84.3809,39.0371],[-84.3697,39.0346],[-84.3569,39.0314],[-84.3521,39.0296],[-84.345,39.0269],[-84.3356,39.0217],[-84.3283,39.0168],[-84.3202,39.0096],[-84.316,39.0042],[-84.3069,38.9902],[-84.3045,38.9834],[-84.3031,38.9737],[-84.3023,38.9709],[-84.2974,38.9598],[-84.293,38.9515],[-84.29,38.9467],[-84.2879,38.9437],[-84.2709,38.9235],[-84.2606,38.9124],[-84.2453,38.888],[-84.2423,38.8822],[-84.2393,38.8723],[-84.2392,38.8719],[-84.2387,38.8614],[-84.2398,38.8429],[-84.2384,38.8373],[-84.2366,38.8313],[-84.234,38.8242],[-84.2312,38.8184],[-84.2278,38.8142],[-84.2228,38.8093],[-84.215,38.8025],[-84.2079,38.7999],[-84.1924,38.7947],[-84.1773,38.7904],[-84.1531,38.7877],[-84.1479,38.7867],[-84.1273,38.7791],[-84.115,38.7751],[-84.0983,38.7697],[-84.0934,38.7685],[-84.0681,38.7664],[-84.0524,38.7666],[-84.048,38.7664],[-84.0322,38.7673],[-84.0133,38.771],[-84.0002,38.7737],[-83.9962,38.7745],[-83.995,38.7748],[-83.9882,38.7759],[-83.9704,38.7769],[-83.9606,38.7798],[-83.9501,38.7804],[-83.9461,38.7797],[-83.9417,38.7777],[-83.9291,38.7695],[-83.9157,38.7615],[-83.9124,38.7608],[-83.9076,38.761],[-83.9005,38.7614],[-83.8941,38.7608],[-83.8896,38.7602],[-83.8742,38.7569],[-83.8693,38.7549],[-83.866,38.7526],[-83.8535,38.7413],[-83.8501,38.7372],[-83.8486,38.7347],[-83.8454,38.7226],[-83.8438,38.7194],[-83.8414,38.7151],[-83.8389,38.7118],[-83.8354,38.7087],[-83.8318,38.707],[-83.8115,38.7025],[-83.8031,38.6991],[-83.7995,38.697],[-83.795,38.6936],[-83.7851,38.6827],[-83.7833,38.6785],[-83.7813,38.6691],[-83.779,38.6631],[-83.7766,38.6582],[-83.7749,38.6557],[-83.771,38.6523],[-83.7616,38.6476],[-83.7581,38.6449],[-83.7523,38.6435],[-83.7473,38.6429],[-83.7422,38.642],[-83.7284,38.6397],[-83.72,38.6377],[-83.6992,38.6325],[-83.6825,38.6267],[-83.6709,38.6235],[-83.6677,38.623],[-83.6645,38.6233],[-83.6574,38.6247],[-83.651,38.6268],[-83.6438,38.6299],[-83.642,38.6317],[-83.6403,38.6347],[-83.6228,38.6701],[-83.6203,38.6736],[-83.6173,38.6761],[-83.614,38.6786],[-83.609,38.6806],[-83.6026,38.6814],[-83.5802,38.6819],[-83.5728,38.6828],[-83.5679,38.6842],[-83.5427,38.6941],[-83.5374,38.6955],[-83.5301,38.6965],[-83.5217,38.6962],[-83.5065,38.6934],[-83.4966,38.6901],[-83.4886,38.6857],[-83.4822,38.6818],[-83.4771,38.6776],[-83.4726,38.6728],[-83.4691,38.6704],[-83.4645,38.6685],[-83.4456,38.6629],[-83.437,38.6606],[-83.4163,38.6573],[-83.3669,38.6495],[-83.3493,38.6426],[-83.3329,38.6308],[-83.3294,38.6274],[-83.3271,38.6227],[-83.3238,38.6072],[-83.3223,38.605],[-83.3184,38.6015],[-83.3155,38.5993],[-83.3077,38.5956],[-83.2928,38.5931],[-83.2897,38.5933],[-83.2869,38.5943],[-83.2803,38.5988],[-83.2545,38.6184],[-83.2484,38.6214],[-83.2417,38.6228],[-83.2356,38.623],[-83.2289,38.6214],[-83.209,38.6127],[-83.2045,38.6111],[-83.1986,38.6101],[-83.1883,38.6098],[-83.1747,38.6095],[-83.1721,38.6094],[-83.1709,38.6094],[-83.1697,38.6094],[-83.1618,38.6092],[-83.1583,38.6099],[-83.1328,38.6234],[-83.1286,38.6272],[-83.1043,38.6563],[-83.0967,38.6638],[-83.0929,38.6672],[-83.0736,38.6802],[-83.0514,38.6913],[-83.0471,38.6946],[-83.0342,38.7079],[-83.0248,38.7174],[-83.016,38.7233],[-83.0102,38.7257],[-83.0029,38.7261],[-82.9722,38.7207],[-82.9672,38.7208],[-82.9635,38.7215],[-82.9263,38.7316],[-82.913,38.7353],[-82.9074,38.7367],[-82.9034,38.737],[-82.899,38.7367],[-82.8947,38.7356],[-82.8856,38.7317],[-82.8824,38.7294],[-82.8811,38.7277],[-82.88,38.7252],[-82.8786,38.7159],[-82.8789,38.7115],[-82.8809,38.6985],[-82.8827,38.6872],[-82.8827,38.6846],[-82.8787,38.6714],[-82.8723,38.6522],[-82.8633,38.6252],[-82.8573,38.6069],[-82.8526,38.5981],[-82.851,38.5938],[-82.8439,38.5819],[-82.8376,38.5763],[-82.8339,38.5735],[-82.8253,38.5685],[-82.8137,38.5628],[-82.7937,38.5551],[-82.7847,38.5517],[-82.7815,38.551],[-82.7619,38.5484],[-82.7387,38.5441],[-82.7313,38.5434],[-82.7231,38.5426],[-82.7151,38.5409],[-82.7094,38.5389],[-82.7053,38.5366],[-82.6959,38.5309],[-82.6868,38.5236],[-82.6822,38.5148],[-82.6802,38.5094],[-82.678,38.5041],[-82.6755,38.5006],[-82.6742,38.4993],[-82.6676,38.4951],[-82.6624,38.4922],[-82.6527,38.4877],[-82.6518,38.4873],[-82.6508,38.4869],[-82.6497,38.4863],[-82.6483,38.4857],[-82.6421,38.4825],[-82.6395,38.4812],[-82.6333,38.4781],[-82.6281,38.4755],[-82.627,38.4749],[-82.6256,38.4742],[-82.6174,38.4683],[-82.6167,38.4673],[-82.6134,38.4611],[-82.6124,38.4533],[-82.612,38.4483],[-82.6077,38.4371],[-82.603,38.4295],[-82.5987,38.4133],[-82.5994,38.4092],[-82.5998,38.4068],[-82.5993,38.4053],[-82.598,38.4041],[-82.5953,38.4032],[-82.5929,38.4025],[-82.5672,38.3946],[-82.5664,38.3944],[-82.5643,38.3938],[-82.5598,38.3924],[-82.5578,38.3923],[-82.5501,38.3931],[-82.5357,38.3953],[-82.5274,38.3962],[-82.52,38.3962],[-82.5155,38.3968],[-82.5018,38.399],[-82.4921,38.4006],[-82.488,38.4015],[-82.4799,38.4047],[-82.4771,38.4058],[-82.4583,38.4129],[-82.4532,38.4139],[-82.4397,38.4161],[-82.4327,38.4173],[-82.4151,38.4204],[-82.3977,38.4235],[-82.3945,38.4236],[-82.3918,38.4222],[-82.3894,38.4206],[-82.3825,38.4167],[-82.3773,38.4166],[-82.368,38.4174],[-82.3476,38.4193],[-82.3273,38.4265],[-82.3127,38.4287],[-82.3076,38.4287],[-82.3034,38.4279],[-82.3014,38.4269],[-82.2962,38.4202],[-82.293,38.4142],[-82.2895,38.4115],[-82.2873,38.4107],[-82.2864,38.4106],[-82.2851,38.4104],[-82.2786,38.4109],[-82.2735,38.41],[-82.2693,38.4092],[-82.2661,38.4095],[-82.26,38.4131],[-82.2463,38.4182],[-82.2356,38.4204],[-82.2292,38.4248],[-82.1876,38.4425],[-82.1828,38.4438],[-82.1742,38.4446],[-82.171,38.4442],[-82.1687,38.443],[-82.1599,38.4316],[-82.1575,38.4298],[-82.1544,38.4291],[-82.1488,38.4295],[-82.1388,38.4278],[-82.1283,38.4256],[-82.1148,38.4182],[-82.1072,38.4154],[-82.0869,38.4111],[-82.0712,38.4122],[-82.061,38.4149],[-82.056,38.4168],[-82.0517,38.4197],[-82.0407,38.4288],[-82.0378,38.4297],[-82.0255,38.4318],[-81.9915,38.4375],[-81.9831,38.4404],[-81.9733,38.4416],[-81.965,38.441],[-81.9508,38.4413],[-81.9269,38.4405],[-81.9161,38.4419],[-81.9112,38.4423],[-81.9014,38.4406],[-81.8988,38.4406],[-81.8958,38.4413],[-81.8914,38.4439],[-81.8885,38.4449],[-81.8692,38.4456],[-81.8649,38.4442],[-81.8561,38.4375],[-81.8543,38.4347],[-81.8546,38.4295],[-81.8556,38.426],[-81.8593,38.418],[-81.8591,38.4155],[-81.8574,38.412],[-81.8569,38.4113],[-81.8556,38.409],[-81.8525,38.4036],[-81.8465,38.3937],[-81.8443,38.3916],[-81.8416,38.3903],[-81.8378,38.3893],[-81.8257,38.3862],[-81.8185,38.3844],[-81.8029,38.3804],[-81.7724,38.3723],[-81.7665,38.3682],[-81.7546,38.3563],[-81.7519,38.3546],[-81.7465,38.3523],[-81.7395,38.3507],[-81.7365,38.3505],[-81.7201,38.3535],[-81.7109,38.3553],[-81.7036,38.3586],[-81.6927,38.3636],[-81.6887,38.3652],[-81.6853,38.3656],[-81.6779,38.3649],[-81.6676,38.3621],[-81.6611,38.3589],[-81.6525,38.3556],[-81.6458,38.3508],[-81.6384,38.3462],[-81.6301,38.3385],[-81.6245,38.3348],[-81.6189,38.3323],[-81.6111,38.33],[-81.5947,38.3252],[-81.5874,38.3212],[-81.5735,38.3131],[-81.5708,38.311],[-81.5675,38.3065],[-81.5662,38.3015],[-81.5665,38.297],[-81.5689,38.2901],[-81.5727,38.2794],[-81.575,38.2617],[-81.5725,38.252],[-81.5683,38.2455],[-81.5658,38.242],[-81.5642,38.2406],[-81.5596,38.2385],[-81.5481,38.231],[-81.5332,38.2199],[-81.5264,38.2123],[-81.5197,38.2079],[-81.5138,38.2019],[-81.5111,38.1998],[-81.5048,38.1964],[-81.4998,38.1955],[-81.488,38.195],[-81.4833,38.1954],[-81.4801,38.1962],[-81.4766,38.198],[-81.4725,38.2002],[-81.4655,38.2038],[-81.4492,38.2145],[-81.4424,38.2173],[-81.4377,38.2175],[-81.4334,38.2158],[-81.4317,38.2141],[-81.4264,38.2055],[-81.4242,38.2033],[-81.4222,38.2019],[-81.4172,38.2004],[-81.4128,38.2005],[-81.3972,38.204],[-81.392,38.2061],[-81.3883,38.2079],[-81.3842,38.2094],[-81.3804,38.2086],[-81.3784,38.2066],[-81.3769,38.2017],[-81.3758,38.1964],[-81.3713,38.1908],[-81.3685,38.1891],[-81.3569,38.1851],[-81.3422,38.1804],[-81.3292,38.1805],[-81.3241,38.1807],[-81.3169,38.1804],[-81.312,38.1783],[-81.3101,38.1768],[-81.3088,38.1745],[-81.3089,38.1673],[-81.3075,38.1629],[-81.3058,38.1604],[-81.2946,38.1518],[-81.2929,38.1492],[-81.2925,38.1457],[-81.2918,38.144],[-81.2852,38.1379],[-81.2786,38.1328],[-81.27,38.1289],[-81.2649,38.1274],[-81.2589,38.1262],[-81.2537,38.1251],[-81.2495,38.1235],[-81.2449,38.122],[-81.2299,38.1205],[-81.2272,38.1207],[-81.224,38.1217],[-81.2217,38.1228],[-81.2193,38.1254],[-81.2184,38.1272],[-81.2172,38.1322],[-81.216,38.1344],[-81.2107,38.1382],[-81.207,38.1413],[-81.2061,38.1432],[-81.2072,38.1464],[-81.21,38.1498],[-81.2099,38.1533],[-81.2084,38.1555],[-81.2043,38.1579],[-81.1983,38.1592],[-81.1963,38.159],[-81.191,38.1559],[-81.1876,38.153],[-81.1817,38.1509],[-81.1791,38.1493],[-81.1774,38.1479],[-81.1756,38.1441],[-81.1757,38.1416],[-81.177,38.138],[-81.1774,38.1349],[-81.1769,38.1335],[-81.1755,38.1324],[-81.1731,38.1321],[-81.1691,38.1331],[-81.1639,38.136],[-81.1568,38.1383],[-81.1549,38.1381],[-81.153,38.1369],[-81.1471,38.1247],[-81.147,38.1162],[-81.1465,38.115],[-81.1449,38.1133],[-81.1383,38.1098],[-81.1357,38.1095],[-81.1339,38.1104],[-81.1309,38.1131],[-81.13,38.1174],[-81.1287,38.1187],[-81.1257,38.1191],[-81.1218,38.1175],[-81.115,38.1106],[-81.1078,38.106],[-81.1038,38.104],[-81.1017,38.1018],[-81.1006,38.0986],[-81.1012,38.094],[-81.1011,38.0923],[-81.1004,38.0913],[-81.098,38.0895],[-81.0887,38.0862],[-81.0874,38.0852],[-81.0865,38.0838],[-81.086,38.0813],[-81.0862,38.0775],[-81.0855,38.0724],[-81.0826,38.0671],[-81.0803,38.0655],[-81.0779,38.0644],[-81.0724,38.0603],[-81.0699,38.0559],[-81.0694,38.0534],[-81.0687,38.0524],[-81.0624,38.0491],[-81.06,38.0486],[-81.053,38.0506],[-81.0483,38.0506],[-81.0369,38.0469],[-81.0333,38.0445],[-81.0325,38.0431],[-81.0317,38.0381],[-81.0346,38.0304],[-81.0342,38.0266],[-81.0331,38.0244],[-81.0301,38.0221],[-81.027,38.0183],[-81.0265,38.0163],[-81.0269,38.012],[-81.0262,38.0082],[-81.0218,38.0053],[-81.0204,38.0039],[-81.0197,38.0023],[-81.0198,38.0005],[-81.0207,37.9982],[-81.022,37.9953],[-81.0223,37.9925],[-81.0251,37.9872],[-81.0256,37.9854],[-81.0246,37.9779],[-81.0224,37.9742],[-81.0202,37.9677],[-81.0203,37.9655],[-81.0211,37.9635],[-81.023,37.9609],[-81.0266,37.9587],[-81.0333,37.9581],[-81.0404,37.9597],[-81.0475,37.9608],[-81.0577,37.9605],[-81.0628,37.9612],[-81.0654,37.9621],[-81.0712,37.9656],[-81.0748,37.9665],[-81.0782,37.9659],[-81.0819,37.9641],[-81.0827,37.9623],[-81.0818,37.9605],[-81.0795,37.9579],[-81.0766,37.9557],[-81.0717,37.9531],[-81.0665,37.9476],[-81.0629,37.9418],[-81.0622,37.937],[-81.0617,37.9344],[-81.0593,37.9304],[-81.059,37.9271],[-81.0578,37.9244],[-81.0564,37.9217],[-81.055,37.9202],[-81.0467,37.9164],[-81.0398,37.9145],[-81.0317,37.9144],[-81.027,37.9133],[-81.0243,37.9111],[-81.0238,37.9082],[-81.0241,37.9065],[-81.0251,37.9046],[-81.0286,37.9022],[-81.0316,37.9014],[-81.0397,37.9008],[-81.055,37.8979],[-81.0605,37.895],[-81.0634,37.8923],[-81.0643,37.8906],[-81.0644,37.8893],[-81.0638,37.8878],[-81.0613,37.8848],[-81.0608,37.8832],[-81.0611,37.8818],[-81.0625,37.88],[-81.0644,37.8786],[-81.0703,37.876],[-81.0714,37.8746],[-81.0716,37.8731],[-81.0697,37.8694],[-81.0693,37.8661],[-81.0695,37.8642],[-81.0712,37.8606],[-81.0709,37.8588],[-81.0696,37.8572],[-81.068,37.8563],[-81.0648,37.8558],[-81.0628,37.856],[-81.0606,37.8564],[-81.0517,37.859],[-81.0492,37.8582],[-81.0462,37.8546],[-81.0463,37.852],[-81.0482,37.8493],[-81.0558,37.843],[-81.0571,37.8407],[-81.0572,37.8387],[-81.0562,37.8368],[-81.0543,37.8353],[-81.0501,37.8342],[-81.0417,37.8348],[-81.0361,37.8335],[-81.0269,37.8306],[-81.0189,37.8303],[-81.0105,37.8309],[-81.0013,37.8323],[-80.9929,37.8318],[-80.9812,37.8339],[-80.975,37.834],[-80.9642,37.8325],[-80.9577,37.8291],[-80.9523,37.8251],[-80.9485,37.8222],[-80.9436,37.8197],[-80.937,37.818],[-80.9312,37.8148],[-80.9252,37.8115],[-80.924,37.81],[-80.9227,37.8065],[-80.9221,37.8054],[-80.9194,37.7962],[-80.9161,37.7918],[-80.9105,37.7879],[-80.9036,37.785],[-80.8977,37.7819],[-80.8933,37.7791],[-80.892,37.7775],[-80.8913,37.7755],[-80.8914,37.7727],[-80.8933,37.7663],[-80.8947,37.7633],[-80.8967,37.7605],[-80.9017,37.756],[-80.9098,37.7537],[-80.9168,37.7506],[-80.9184,37.7491],[-80.92,37.7467],[-80.9205,37.7433],[-80.9193,37.7407],[-80.9155,37.7378],[-80.9088,37.7352],[-80.8965,37.7291],[-80.8907,37.7243],[-80.8886,37.721],[-80.888,37.719],[-80.8878,37.7093],[-80.8868,37.704],[-80.884,37.6996],[-80.8765,37.6926],[-80.8754,37.6902],[-80.875,37.6882],[-80.8762,37.684],[-80.8792,37.6808],[-80.8828,37.679],[-80.888,37.6779]]}},{"type":"Feature","properties":{"n":1,"a":"amtrak"},"geometry":{"type":"LineString","coordinates":[[-85.17,42.3119],[-85.1646,42.3132],[-85.1611,42.3144],[-85.1552,42.318],[-85.152,42.3213],[-85.1502,42.3241],[-85.1462,42.3302],[-85.1324,42.3515],[-85.1269,42.3568],[-85.1121,42.3694],[-85.0917,42.3762],[-85.0838,42.3792],[-85.0809,42.3809],[-85.0781,42.3837],[-85.048,42.4217],[-85.0419,42.4281],[-85.0381,42.4335],[-85.0361,42.4351],[-85.0135,42.4441],[-84.9974,42.4504],[-84.9607,42.4648],[-84.9348,42.4829],[-84.905,42.5039],[-84.8952,42.5095],[-84.8895,42.5129],[-84.8696,42.529],[-84.8468,42.5454],[-84.8438,42.5492],[-84.8426,42.5526],[-84.8423,42.5646],[-84.8362,42.5707],[-84.8356,42.5713],[-84.8247,42.5817],[-84.8192,42.5862],[-84.7503,42.626],[-84.736,42.6343],[-84.7317,42.6376],[-84.7163,42.6501],[-84.7009,42.6589],[-84.6843,42.6683],[-84.6733,42.6744],[-84.6497,42.687],[-84.6491,42.6873],[-84.6405,42.6916],[-84.6314,42.6967],[-84.6239,42.7022],[-84.6111,42.7114],[-84.603,42.7172],[-84.5958,42.7216],[-84.5918,42.7228],[-84.5736,42.7222],[-84.5671,42.7204],[-84.5624,42.7193],[-84.5551,42.7192],[-84.5424,42.7192],[-84.5406,42.7192],[-84.5006,42.7192],[-84.4939,42.7192],[-84.4856,42.7194],[-84.4533,42.7219],[-84.447,42.7241],[-84.4284,42.7342],[-84.4083,42.745],[-84.3983,42.749],[-84.368,42.763],[-84.3355,42.7759],[-84.3192,42.7825],[-84.3072,42.7922],[-84.2944,42.7988],[-84.2737,42.8089],[-84.1978,42.8335],[-84.0611,42.8777],[-84.0101,42.8941],[-83.988,42.9079],[-83.986,42.9088],[-83.9833,42.9096],[-83.9828,42.9097],[-83.9818,42.91],[-83.978,42.911],[-83.9448,42.9199],[-83.9292,42.9241],[-83.8606,42.9425],[-83.8333,42.9514],[-83.8096,42.9591],[-83.7995,42.9624],[-83.7915,42.9644],[-83.7908,42.9646],[-83.7563,42.9733],[-83.753,42.9744],[-83.7446,42.9786],[-83.7332,42.9814],[-83.6951,42.9983],[-83.6711,43.0069],[-83.6516,43.0157],[-83.6381,43.0218],[-83.63,43.0251],[-83.6266,43.0258],[-83.6213,43.0261],[-83.5825,43.0264],[-83.5669,43.0273],[-83.5221,43.03],[-83.4587,43.0338],[-83.4015,43.0386],[-83.3877,43.0402],[-83.3827,43.0401],[-83.3739,43.0388],[-83.3633,43.0407],[-83.3319,43.0472],[-83.3218,43.0481],[-83.3127,43.0488],[-83.306,43.0494],[-83.2979,43.0499],[-83.2948,43.0495],[-83.2918,43.0484],[-83.2783,43.0431],[-83.2732,43.042],[-83.1659,43.032],[-83.0858,43.0244],[-83.0841,43.0243],[-83.0707,43.023],[-83.024,43.0187],[-82.9968,43.0162],[-82.9881,43.0154],[-82.9349,43.0104],[-82.9236,43.0094],[-82.7935,42.9932],[-82.7381,42.988],[-82.546,42.9702],[-82.4909,42.9651],[-82.4887,42.9649],[-82.4838,42.9644],[-82.4819,42.9642],[-82.4593,42.962],[-82.4494,42.9612],[-82.4451,42.9609],[-82.4228,42.9594]]}},{"type":"Feature","properties":{"n":1,"a":"amtrak"},"geometry":{"type":"LineString","coordinates":[[-85.17,42.3119],[-85.1631,42.3116],[-85.1594,42.3121],[-85.1512,42.3157],[-85.1461,42.3162],[-85.1434,42.3158],[-85.1407,42.3146],[-85.1382,42.3126],[-85.1371,42.3109],[-85.1335,42.3042],[-85.1301,42.3007],[-85.1256,42.2979],[-85.1162,42.2944],[-85.0993,42.2879],[-85.0817,42.2813],[-85.0769,42.2804],[-85.0713,42.2801],[-85.0686,42.2794],[-85.0579,42.2714],[-85.0412,42.2636],[-85.0355,42.2619],[-85.0071,42.2608],[-85.001,42.2619],[-84.9792,42.2687],[-84.9719,42.269],[-84.9657,42.2678],[-84.9598,42.2662],[-84.9531,42.2631],[-84.9366,42.2615],[-84.9238,42.2579],[-84.9174,42.2566],[-84.9118,42.2563],[-84.8963,42.2575],[-84.8761,42.2551],[-84.8724,42.2555],[-84.8684,42.2569],[-84.8514,42.2692],[-84.8453,42.2719],[-84.84,42.2732],[-84.8329,42.274],[-84.8244,42.2733],[-84.819,42.272],[-84.8108,42.2687],[-84.8048,42.2674],[-84.7979,42.2661],[-84.7943,42.2648],[-84.7895,42.2621],[-84.7867,42.2594],[-84.7834,42.2556],[-84.7813,42.254],[-84.7773,42.2522],[-84.7636,42.2493],[-84.7564,42.2476],[-84.7557,42.2473],[-84.7454,42.2435],[-84.7408,42.2427],[-84.7363,42.2434],[-84.725,42.2475],[-84.7213,42.2479],[-84.7169,42.2478],[-84.7134,42.247],[-84.7102,42.2457],[-84.6918,42.2345],[-84.6877,42.2326],[-84.6825,42.2312],[-84.6741,42.2302],[-84.67,42.2288],[-84.6636,42.2249],[-84.6601,42.2242],[-84.6569,42.2243],[-84.6514,42.2254],[-84.6458,42.2281],[-84.6423,42.2309],[-84.6389,42.2361],[-84.6361,42.2387],[-84.6182,42.2503],[-84.6002,42.2606],[-84.5921,42.2646],[-84.5889,42.2653],[-84.5852,42.2655],[-84.5805,42.2646],[-84.5621,42.2583],[-84.5577,42.2578],[-84.5388,42.2574],[-84.5239,42.2534],[-84.5012,42.2539],[-84.4882,42.2549],[-84.4675,42.2552],[-84.4568,42.2535],[-84.4461,42.2513],[-84.4419,42.2509],[-84.4376,42.2514],[-84.429,42.2534],[-84.4234,42.2536],[-84.4185,42.2529],[-84.4035,42.2488],[-84.4001,42.2479],[-84.3801,42.2414],[-84.3614,42.2346],[-84.356,42.2335],[-84.3495,42.2331],[-84.3481,42.2331],[-84.3272,42.2322],[-84.3163,42.2327],[-84.3025,42.2365],[-84.2978,42.239],[-84.2923,42.2441],[-84.2892,42.2457],[-84.2858,42.2466],[-84.2792,42.2466],[-84.2689,42.2434],[-84.2646,42.243],[-84.2425,42.2482],[-84.2202,42.2492],[-84.2084,42.2531],[-84.1792,42.2639],[-84.1634,42.2732],[-84.1597,42.2748],[-84.156,42.2756],[-84.1389,42.2775],[-84.1311,42.2776],[-84.1256,42.2781],[-84.1056,42.2839],[-84.0928,42.2909],[-84.056,42.3089],[-84.0501,42.3112],[-84.0229,42.3185],[-84.0115,42.3211],[-83.9831,42.3213],[-83.978,42.3222],[-83.9479,42.329],[-83.9335,42.3357],[-83.9306,42.3359],[-83.9146,42.3344],[-83.905,42.3344],[-83.9018,42.3353],[-83.8898,42.3404],[-83.8859,42.3408],[-83.8833,42.3404],[-83.8787,42.339],[-83.8736,42.3355],[-83.8677,42.3334],[-83.8654,42.332],[-83.8621,42.3289],[-83.8579,42.3272],[-83.8421,42.3246],[-83.8382,42.3245],[-83.8342,42.3255],[-83.8212,42.3311],[-83.8181,42.3316],[-83.8149,42.3316],[-83.8122,42.3309],[-83.8098,42.3297],[-83.7976,42.3216],[-83.7938,42.3177],[-83.7907,42.3161],[-83.7864,42.3155],[-83.7728,42.3167],[-83.7672,42.3159],[-83.7642,42.3144],[-83.746,42.3015],[-83.7452,42.3],[-83.745,42.2984],[-83.7465,42.2928],[-83.7467,42.2912],[-83.7457,42.2893],[-83.743,42.2879],[-83.7374,42.2859],[-83.7271,42.2857],[-83.7157,42.2832],[-83.7133,42.2821],[-83.7094,42.2789],[-83.7033,42.2754],[-83.6945,42.273],[-83.6869,42.2695],[-83.6842,42.2687],[-83.6804,42.2686],[-83.6543,42.2722],[-83.65,42.2718],[-83.6471,42.2702],[-83.6422,42.2651],[-83.6397,42.2631],[-83.6273,42.2561],[-83.6202,42.2541],[-83.6154,42.2513],[-83.6118,42.2488],[-83.606,42.2437],[-83.603,42.2424],[-83.5936,42.2419],[-83.5861,42.2435],[-83.5747,42.2464],[-83.5505,42.2504],[-83.5442,42.2515],[-83.5423,42.2518],[-83.52,42.2555],[-83.4521,42.2669],[-83.4233,42.2718],[-83.4185,42.2726],[-83.3976,42.2761],[-83.3952,42.2765],[-83.3622,42.2821],[-83.3004,42.2925],[-83.2758,42.2967],[-83.2474,42.3039],[-83.2363,42.3066],[-83.2304,42.3074],[-83.1987,42.312],[-83.1925,42.3129],[-83.1754,42.3154],[-83.1637,42.3171],[-83.1616,42.3174],[-83.1592,42.3178],[-83.1579,42.318],[-83.1364,42.3211],[-83.1322,42.3222],[-83.1286,42.3229],[-83.1225,42.3232],[-83.1098,42.3249],[-83.1073,42.3252],[-83.1068,42.3253],[-83.1037,42.3257],[-83.0985,42.3266],[-83.0972,42.3272],[-83.0974,42.3284],[-83.1001,42.3321],[-83.1004,42.334],[-83.099,42.3363],[-83.0983,42.3374],[-83.0979,42.3384],[-83.0975,42.339],[-83.0822,42.3612],[-83.0787,42.3649],[-83.0723,42.3678],[-83.0718,42.368],[-83.0661,42.3704],[-83.0612,42.3739],[-83.0584,42.3774],[-83.0577,42.3783],[-83.0581,42.3795],[-83.0585,42.3801],[-83.0726,42.3974],[-83.0735,42.3985],[-83.0738,42.3989],[-83.0815,42.4084],[-83.0859,42.4138],[-83.0895,42.4182],[-83.1126,42.4467],[-83.1133,42.4476],[-83.1172,42.4539],[-83.1238,42.4603],[-83.1475,42.4892],[-83.1942,42.5456],[-83.2405,42.59],[-83.2439,42.5953],[-83.2501,42.6005],[-83.2553,42.6067],[-83.272,42.618],[-83.2834,42.6234],[-83.288,42.6276],[-83.2933,42.6336]]}},{"type":"Feature","properties":{"n":1,"a":"amtrak"},"geometry":{"type":"LineString","coordinates":[[-93.0571,44.9447],[-93.0505,44.9431],[-93.049,44.9427],[-93.0423,44.9404],[-93.0381,44.9383],[-93.0286,44.9338],[-93.022,44.9264],[-93.0183,44.922],[-93.0157,44.9167],[-93.0138,44.9091],[-93.0074,44.8907],[-92.9997,44.8678],[-92.9994,44.8667],[-92.998,44.862],[-92.9933,44.8531],[-92.992,44.8513],[-92.9895,44.8494],[-92.9816,44.845],[-92.9606,44.8277],[-92.9564,44.8252],[-92.9436,44.8181],[-92.9418,44.817],[-92.9353,44.8135],[-92.9288,44.8089],[-92.9172,44.7983],[-92.9092,44.7916],[-92.9038,44.7892],[-92.8952,44.7866],[-92.8819,44.7789],[-92.8769,44.7746],[-92.8692,44.7656],[-92.8624,44.7595],[-92.8619,44.759],[-92.8593,44.7573],[-92.8503,44.7517],[-92.8486,44.7494],[-92.8478,44.7467],[-92.8475,44.7457],[-92.8465,44.7413],[-92.845,44.7394],[-92.8434,44.7384],[-92.8409,44.7374],[-92.831,44.7355],[-92.8284,44.7346],[-92.8217,44.7317],[-92.809,44.7287],[-92.7958,44.7259],[-92.7899,44.7233],[-92.7856,44.7207],[-92.7495,44.6949],[-92.7325,44.6827],[-92.7196,44.6734],[-92.7179,44.6722],[-92.6485,44.6224],[-92.6433,44.619],[-92.6194,44.6055],[-92.582,44.5717],[-92.5792,44.5698],[-92.5759,44.5687],[-92.5659,44.5656],[-92.5542,44.5637],[-92.545,44.5634],[-92.5392,44.5656],[-92.5354,44.5677],[-92.533,44.5696],[-92.5306,44.5706],[-92.5252,44.5712],[-92.5218,44.5708],[-92.5196,44.5699],[-92.5151,44.567],[-92.503,44.5642],[-92.495,44.5617],[-92.4864,44.5566],[-92.4511,44.5462],[-92.442,44.5438],[-92.4278,44.544],[-92.4228,44.5419],[-92.4201,44.5397],[-92.4082,44.5227],[-92.406,44.5207],[-92.4036,44.5195],[-92.4001,44.5185],[-92.3585,44.5109],[-92.3428,44.5081],[-92.3377,44.5065],[-92.3336,44.5043],[-92.3168,44.493],[-92.312,44.4884],[-92.3063,44.4819],[-92.2866,44.4546],[-92.2822,44.4492],[-92.2735,44.4435],[-92.2687,44.4405],[-92.2676,44.4399],[-92.2535,44.4339],[-92.2435,44.4264],[-92.2408,44.4249],[-92.2369,44.424],[-92.2305,44.4242],[-92.2236,44.4235],[-92.218,44.422],[-92.2127,44.4188],[-92.2095,44.4177],[-92.1943,44.417],[-92.1871,44.4156],[-92.1762,44.4149],[-92.1732,44.4142],[-92.1684,44.412],[-92.1647,44.4113],[-92.152,44.4129],[-92.1431,44.4112],[-92.1348,44.4119],[-92.1135,44.41],[-92.1063,44.4106],[-92.1004,44.41],[-92.0859,44.4066],[-92.0729,44.3997],[-92.0667,44.3961],[-92.0598,44.3908],[-92.0549,44.387],[-92.0516,44.3845],[-92.0429,44.3778],[-92.0405,44.3757],[-92.0365,44.3711],[-92.0308,44.3609],[-92.0252,44.3561],[-92.0169,44.3515],[-92.0025,44.336],[-92.001,44.3325],[-92.0002,44.3217],[-91.9923,44.3058],[-91.9906,44.3018],[-91.9882,44.2915],[-91.9882,44.2805],[-91.9855,44.2707],[-91.973,44.252],[-91.9689,44.2479],[-91.9608,44.2422],[-91.953,44.2378],[-91.9466,44.2282],[-91.9448,44.2263],[-91.9421,44.2248],[-91.9323,44.2211],[-91.9303,44.2195],[-91.9275,44.216],[-91.9213,44.2081],[-91.9169,44.2054],[-91.8964,44.2008],[-91.8838,44.2012],[-91.8799,44.2007],[-91.8758,44.1989],[-91.8685,44.193],[-91.865,44.1912],[-91.857,44.1891],[-91.8528,44.1871],[-91.8462,44.1825],[-91.8391,44.1738],[-91.8252,44.1658],[-91.8153,44.1611],[-91.8088,44.1568],[-91.8059,44.1539],[-91.7967,44.1466],[-91.7873,44.1391],[-91.7816,44.1307],[-91.7733,44.124],[-91.7633,44.1158],[-91.7586,44.1108],[-91.753,44.0987],[-91.7515,44.0966],[-91.7439,44.089],[-91.7322,44.0799],[-91.7268,44.0773],[-91.7201,44.0747],[-91.7198,44.0746],[-91.7093,44.0705],[-91.6934,44.0643],[-91.6833,44.0605],[-91.6756,44.0589],[-91.6751,44.0588],[-91.672,44.058],[-91.6685,44.0561],[-91.6535,44.0477],[-91.6462,44.0455],[-91.6362,44.0427],[-91.634,44.0421],[-91.6163,44.0391],[-91.6095,44.037],[-91.6004,44.0331],[-91.5997,44.0328],[-91.5828,44.0258],[-91.5679,44.0251],[-91.552,44.0211],[-91.5378,44.0197],[-91.5302,44.0198],[-91.522,44.0175],[-91.5125,44.0144],[-91.5053,44.0105],[-91.4958,44.0072],[-91.4921,44.0067],[-91.4832,44.0071],[-91.479,44.0063],[-91.4591,43.9961],[-91.4512,43.9937],[-91.4448,43.9907],[-91.4358,43.988],[-91.4339,43.9868],[-91.4321,43.985],[-91.4255,43.9737],[-91.4189,43.9679],[-91.4157,43.9663],[-91.4074,43.9623],[-91.398,43.9586],[-91.3917,43.9534],[-91.3869,43.9483],[-91.3831,43.9446],[-91.3751,43.9384],[-91.3679,43.9305],[-91.3613,43.9198],[-91.3586,43.9134],[-91.3563,43.9104],[-91.348,43.9047],[-91.3457,43.9026],[-91.3444,43.9004],[-91.3416,43.8924],[-91.3371,43.8869],[-91.3335,43.8843],[-91.3249,43.8785],[-91.3128,43.868],[-91.3112,43.8659],[-91.3093,43.8617],[-91.3056,43.8576],[-91.3011,43.8539],[-91.2988,43.8508],[-91.2978,43.8481],[-91.2977,43.8479],[-91.2964,43.8442],[-91.2884,43.8331],[-91.287,43.8321],[-91.2854,43.8317],[-91.2837,43.8319],[-91.2793,43.8343],[-91.277,43.8347],[-91.2716,43.8349],[-91.2654,43.8337],[-91.2646,43.8336],[-91.257,43.8321],[-91.2544,43.8317],[-91.251,43.8316],[-91.2472,43.8336],[-91.2434,43.836],[-91.2302,43.8446],[-91.2115,43.8568],[-91.2071,43.8588],[-91.2042,43.8596],[-91.1953,43.8614],[-91.1866,43.865],[-91.1833,43.8657],[-91.1544,43.8635],[-91.1465,43.8645],[-91.1421,43.8661],[-91.1387,43.868],[-91.136,43.8704],[-91.1318,43.8755],[-91.1282,43.8783],[-91.106,43.8896],[-91.0888,43.8945],[-91.0824,43.895],[-91.0762,43.8948],[-91.0191,43.8932],[-91.0094,43.8917],[-90.9933,43.8915],[-90.9669,43.8925],[-90.9604,43.8937],[-90.9194,43.9033],[-90.91,43.9055],[-90.8225,43.926],[-90.8186,43.9275],[-90.811,43.9318],[-90.8071,43.9341],[-90.8008,43.9379],[-90.796,43.9406],[-90.7955,43.9409],[-90.7893,43.9446],[-90.7425,43.9756],[-90.7047,43.9907],[-90.6986,43.9919],[-90.6885,43.992],[-90.6689,43.9922],[-90.6118,43.9979],[-90.608,43.999],[-90.5993,44.0038],[-90.5865,44.0083],[-90.5813,44.0085],[-90.5732,44.0067],[-90.5638,44.0054],[-90.5545,43.9996],[-90.5496,43.9976],[-90.512,43.9878],[-90.5055,43.9862],[-90.4927,43.9831],[-90.4262,43.9737],[-90.4217,43.9723],[-90.4066,43.9662],[-90.3981,43.9628],[-90.3811,43.9562],[-90.3461,43.948],[-90.3121,43.9369],[-90.2876,43.9288],[-90.2737,43.9235],[-90.267,43.9196],[-90.2638,43.9177],[-90.1866,43.8818],[-90.1717,43.8726],[-90.1641,43.8668],[-90.097,43.8082],[-90.0816,43.7978],[-90.0694,43.7906],[-89.9759,43.756],[-89.9,43.7124],[-89.8444,43.6804],[-89.8308,43.6738],[-89.8271,43.671],[-89.803,43.6478],[-89.7934,43.6432],[-89.7904,43.6409],[-89.7823,43.6339],[-89.779,43.6282],[-89.7781,43.6271],[-89.7756,43.6241],[-89.7723,43.6213],[-89.7666,43.6168],[-89.7604,43.6136],[-89.7477,43.6035],[-89.7433,43.6018],[-89.7368,43.6008],[-89.7247,43.6015],[-89.7189,43.6009],[-89.7036,43.5975],[-89.6457,43.5813],[-89.6311,43.5791],[-89.5284,43.559],[-89.5235,43.558],[-89.5166,43.5567],[-89.5036,43.5558],[-89.4958,43.5552],[-89.4904,43.5539],[-89.4832,43.5516],[-89.4791,43.5493],[-89.476,43.5477],[-89.4722,43.5472],[-89.4513,43.5476],[-89.4491,43.5473],[-89.4468,43.5462],[-89.4446,43.5445],[-89.4368,43.538],[-89.4174,43.522],[-89.4134,43.5196],[-89.4095,43.5181],[-89.3684,43.5042],[-89.3409,43.4988],[-89.311,43.4932],[-89.2938,43.49],[-89.2874,43.4882],[-89.2794,43.4853],[-89.2745,43.4816],[-89.2724,43.4784],[-89.2713,43.4718],[-89.2694,43.4695],[-89.2355,43.4473],[-89.2321,43.4451],[-89.2295,43.4441],[-89.2051,43.4392],[-89.1869,43.4355],[-89.1459,43.4272],[-89.1358,43.4251],[-89.1308,43.4236],[-89.1157,43.4164],[-89.1114,43.4137],[-89.0926,43.401],[-89.0887,43.3995],[-89.0709,43.3945],[-89.0682,43.3933],[-89.0555,43.3805],[-89.0386,43.3629],[-89.0222,43.3459],[-89.0181,43.3431],[-89.0138,43.3413],[-89.0093,43.3397],[-88.9982,43.3358],[-88.9928,43.3349],[-88.9453,43.3336],[-88.938,43.3333],[-88.9314,43.3316],[-88.8821,43.3076],[-88.8761,43.3063],[-88.8522,43.3052],[-88.8471,43.3045],[-88.8432,43.3023],[-88.8119,43.2686],[-88.7924,43.2565],[-88.7903,43.2538],[-88.7832,43.2407],[-88.7771,43.2301],[-88.7563,43.2098],[-88.7525,43.2063],[-88.7437,43.1977],[-88.7383,43.1926],[-88.7356,43.191],[-88.7354,43.1909],[-88.7347,43.1906],[-88.7317,43.1894],[-88.7195,43.1847],[-88.7077,43.1803],[-88.6533,43.1675],[-88.5993,43.1441],[-88.5869,43.1387],[-88.569,43.1291],[-88.5393,43.1197],[-88.5199,43.1137],[-88.5046,43.1105],[-88.485,43.1065],[-88.478,43.1051],[-88.4727,43.1049],[-88.4495,43.1084],[-88.4437,43.1085],[-88.431,43.1065],[-88.412,43.0994],[-88.407,43.0986],[-88.402,43.0986],[-88.381,43.1022],[-88.3774,43.102],[-88.3668,43.0998],[-88.3526,43.1],[-88.3344,43.1003],[-88.3,43.089],[-88.2672,43.0855],[-88.2618,43.0845],[-88.2399,43.0781],[-88.233,43.0761],[-88.2264,43.0747],[-88.2009,43.0737],[-88.1915,43.0733],[-88.1546,43.0719]]}},{"type":"Feature","properties":{"n":1,"a":"amtrak"},"geometry":{"type":"LineString","coordinates":[[-93.2474,44.9988],[-93.2422,44.9917],[-93.2415,44.991],[-93.2375,44.988],[-93.2336,44.9859],[-93.2268,44.9821],[-93.2254,44.9814],[-93.2208,44.9789],[-93.2179,44.9774],[-93.2147,44.976],[-93.2077,44.9748],[-93.2002,44.9739],[-93.1993,44.9737],[-93.1978,44.9732],[-93.1971,44.973],[-93.1964,44.9728],[-93.1959,44.9726],[-93.1954,44.9724],[-93.1946,44.972],[-93.1941,44.9718],[-93.1884,44.9709],[-93.1855,44.969],[-93.1852,44.9687],[-93.1843,44.9672],[-93.184,44.9663],[-93.184,44.9659],[-93.184,44.9655],[-93.1841,44.9654],[-93.184,44.9612],[-93.1845,44.9604],[-93.1849,44.9599],[-93.1852,44.9592],[-93.1855,44.9588],[-93.186,44.9577],[-93.186,44.956],[-93.1854,44.9552],[-93.1849,44.9548],[-93.1841,44.9545],[-93.1829,44.954],[-93.1816,44.9536],[-93.1723,44.9505],[-93.1617,44.9469],[-93.1569,44.9452],[-93.154,44.9433],[-93.1524,44.9413],[-93.15,44.9345],[-93.1479,44.9327],[-93.1457,44.9318],[-93.1423,44.9315],[-93.1331,44.9325],[-93.1182,44.9325],[-93.1146,44.9333],[-93.1031,44.9394],[-93.0962,44.9425],[-93.0878,44.9451],[-93.0791,44.949],[-93.078,44.9496],[-93.0759,44.9502],[-93.0724,44.9496],[-93.0571,44.9447]]}},{"type":"Feature","properties":{"n":1,"a":"amtrak"},"geometry":{"type":"LineString","coordinates":[[-93.0571,44.9447],[-93.0566,44.9445],[-93.0538,44.9438]]}},{"type":"Feature","properties":{"n":1,"a":"amtrak"},"geometry":{"type":"LineString","coordinates":[[-73.9136,40.7996],[-73.9048,40.8078],[-73.8958,40.8142],[-73.8916,40.8185],[-73.8866,40.8228],[-73.8852,40.8277],[-73.8851,40.8282],[-73.8801,40.8347],[-73.8772,40.8368],[-73.8653,40.8414],[-73.8565,40.8427],[-73.848,40.8453],[-73.8454,40.8474],[-73.8407,40.854],[-73.8388,40.8553],[-73.8364,40.8561],[-73.8206,40.8614],[-73.8161,40.8649],[-73.8029,40.886],[-73.7961,40.8979],[-73.7904,40.9063],[-73.787,40.9084]]}},{"type":"Feature","properties":{"n":1,"a":"amtrak"},"geometry":{"type":"LineString","coordinates":[[-70.2796,43.6474],[-70.2798,43.6478]]}},{"type":"Feature","properties":{"n":1,"a":"amtrak"},"geometry":{"type":"LineString","coordinates":[[-117.2405,47.6888],[-117.2141,47.6941],[-117.2077,47.6946],[-117.185,47.6958],[-117.1686,47.6967],[-117.1541,47.6994],[-117.0949,47.7128],[-117.0419,47.7352],[-117.0159,47.7463],[-117.0043,47.7513],[-116.9922,47.7565],[-116.9801,47.7634],[-116.9778,47.7647],[-116.942,47.7856],[-116.9165,47.8004],[-116.9061,47.8065],[-116.9004,47.8098],[-116.8985,47.8109],[-116.8938,47.8135],[-116.8496,47.8336],[-116.83,47.8459],[-116.8111,47.8618],[-116.8077,47.8641],[-116.7724,47.8851],[-116.7245,47.9136],[-116.7205,47.9166],[-116.7171,47.9201],[-116.7144,47.9288],[-116.7104,47.9424],[-116.7103,47.9427],[-116.7093,47.9461],[-116.7039,47.9647],[-116.7018,47.9773],[-116.7003,47.9845],[-116.6974,47.9884],[-116.6944,47.9905],[-116.688,47.9932],[-116.6846,47.9953],[-116.6817,47.9984],[-116.6785,48.0044],[-116.676,48.0069],[-116.6596,48.0158],[-116.6513,48.022],[-116.6486,48.0249],[-116.6472,48.0271],[-116.6423,48.0393],[-116.6425,48.0414],[-116.6446,48.0497],[-116.6446,48.0544],[-116.6428,48.0595],[-116.636,48.0715],[-116.6347,48.0769],[-116.631,48.0837],[-116.6265,48.091],[-116.6222,48.0997],[-116.6163,48.1122],[-116.615,48.1157],[-116.6107,48.1254],[-116.6003,48.1356],[-116.6003,48.1369],[-116.604,48.147],[-116.6044,48.1498],[-116.6037,48.1522],[-116.6011,48.1563],[-116.5968,48.1609],[-116.5942,48.167],[-116.5923,48.1796],[-116.5917,48.1834],[-116.5909,48.1853],[-116.5889,48.1877],[-116.5865,48.1894],[-116.5754,48.1945],[-116.559,48.197],[-116.5545,48.1984],[-116.5474,48.202],[-116.5446,48.2043],[-116.5396,48.2112],[-116.5357,48.2148],[-116.5323,48.2188],[-116.5317,48.2207],[-116.5321,48.2256],[-116.5311,48.2277],[-116.5225,48.2406],[-116.5223,48.2422],[-116.5231,48.245],[-116.5238,48.2525],[-116.5256,48.255],[-116.5433,48.2713],[-116.5449,48.2747],[-116.5461,48.2785],[-116.5467,48.2804],[-116.5475,48.2829],[-116.5484,48.2843],[-116.5505,48.2858],[-116.5537,48.287],[-116.5669,48.2909],[-116.5694,48.2931],[-116.5704,48.2961],[-116.5703,48.2968],[-116.57,48.2979],[-116.5673,48.3043],[-116.565,48.3115],[-116.5491,48.3759],[-116.548,48.3785],[-116.5423,48.3868],[-116.5385,48.3937],[-116.5297,48.4044],[-116.529,48.4051],[-116.5259,48.4087],[-116.5233,48.4105],[-116.503,48.4188],[-116.5003,48.4202],[-116.4975,48.4225],[-116.496,48.4244],[-116.4912,48.4334],[-116.477,48.453],[-116.4706,48.465],[-116.459,48.4871],[-116.4552,48.4923],[-116.4482,48.5013],[-116.4463,48.5045],[-116.4426,48.5158],[-116.4385,48.5215],[-116.4361,48.5226],[-116.4292,48.5239],[-116.4258,48.5271],[-116.424,48.5281],[-116.4149,48.5294],[-116.4074,48.5334],[-116.4059,48.5348],[-116.4034,48.5381],[-116.4011,48.5429],[-116.3995,48.5498],[-116.3931,48.5585],[-116.3928,48.561],[-116.3938,48.5654],[-116.4009,48.593],[-116.4027,48.6015],[-116.4003,48.6084],[-116.3996,48.6165],[-116.3988,48.6177],[-116.3974,48.6186],[-116.3919,48.6198],[-116.3896,48.6206],[-116.3846,48.6238],[-116.3836,48.6251],[-116.382,48.6293],[-116.3823,48.6305],[-116.3854,48.6353],[-116.3887,48.6382],[-116.389,48.64],[-116.3884,48.6418],[-116.3865,48.6438],[-116.38,48.6479],[-116.3746,48.6539],[-116.3727,48.6557],[-116.3697,48.6566],[-116.3564,48.6573],[-116.3485,48.6556],[-116.3452,48.6564],[-116.3439,48.6575],[-116.3433,48.6589],[-116.3446,48.6644],[-116.3445,48.6659],[-116.3391,48.6738],[-116.3365,48.6773],[-116.3311,48.683],[-116.3232,48.6901],[-116.3208,48.6918],[-116.3164,48.6936],[-116.3159,48.6938],[-116.3108,48.6955],[-116.3105,48.6955],[-116.3083,48.6954],[-116.299,48.6931],[-116.279,48.6919],[-116.2437,48.701],[-116.233,48.7018],[-116.224,48.7013],[-116.2065,48.6971],[-116.201,48.6957],[-116.1992,48.696],[-116.1889,48.7021],[-116.1844,48.7046],[-116.1841,48.7059],[-116.1846,48.7111],[-116.1837,48.7122],[-116.1805,48.7138],[-116.1744,48.7139],[-116.1687,48.7157],[-116.1596,48.7149],[-116.1559,48.7151],[-116.1519,48.7162],[-116.1459,48.7161],[-116.1434,48.7145],[-116.1424,48.7109],[-116.1389,48.7034],[-116.1382,48.6988],[-116.1358,48.691],[-116.1349,48.687],[-116.1336,48.6846],[-116.1306,48.683],[-116.1273,48.6824],[-116.1236,48.683],[-116.1204,48.6846],[-116.1177,48.6846],[-116.1137,48.6823],[-116.1095,48.6782],[-116.1033,48.6753],[-116.1012,48.6729],[-116.1005,48.6709],[-116.0989,48.6688],[-116.0925,48.663],[-116.0904,48.6604],[-116.0817,48.6542],[-116.0788,48.6509],[-116.0749,48.6487],[-116.0704,48.6443],[-116.0637,48.6361],[-116.0596,48.6299],[-116.0578,48.6283],[-116.0519,48.6205],[-116.0492,48.6167],[-116.0469,48.6085],[-116.0461,48.6071],[-116.0446,48.6059],[-116.0391,48.6039],[-116.0293,48.6039],[-116.0267,48.6034],[-116.0227,48.6003],[-116.0183,48.6003],[-116.016,48.5996],[-116.0122,48.5962],[-116.0064,48.594],[-116.0015,48.589],[-115.9974,48.587],[-115.9947,48.5847],[-115.989,48.5821],[-115.9842,48.5761],[-115.9814,48.5699],[-115.9813,48.5687],[-115.9825,48.5652],[-115.9809,48.5616],[-115.9798,48.5563],[-115.9726,48.5498],[-115.9683,48.5446],[-115.9531,48.5275],[-115.9478,48.5203],[-115.9442,48.5105],[-115.9406,48.5054],[-115.9323,48.5014],[-115.9295,48.4991],[-115.9267,48.4977],[-115.922,48.4956],[-115.9176,48.4945],[-115.9143,48.4927],[-115.9026,48.4856],[-115.8983,48.4773],[-115.8952,48.4731],[-115.888,48.4611],[-115.8866,48.4587],[-115.8857,48.4573],[-115.8839,48.4544],[-115.8823,48.4529],[-115.8684,48.4435],[-115.8647,48.4403],[-115.8601,48.4385],[-115.8346,48.44],[-115.8248,48.4418],[-115.8136,48.4456],[-115.8034,48.445],[-115.7898,48.4469],[-115.778,48.4492],[-115.7745,48.4514],[-115.7687,48.4538],[-115.7629,48.454],[-115.7554,48.4525],[-115.7457,48.4505],[-115.7393,48.4501],[-115.7305,48.4471],[-115.7142,48.4479],[-115.7016,48.4472],[-115.6963,48.4475],[-115.6726,48.4447],[-115.6651,48.4449],[-115.6621,48.4446],[-115.6502,48.4399],[-115.64,48.4371],[-115.6345,48.4336],[-115.6108,48.4241],[-115.6085,48.4224],[-115.5994,48.4112],[-115.5974,48.4102],[-115.5816,48.4053],[-115.5588,48.3982],[-115.5533,48.3965],[-115.5451,48.3939],[-115.5423,48.393],[-115.5345,48.3908],[-115.5307,48.3908],[-115.5284,48.3914],[-115.5256,48.3929],[-115.5058,48.4087],[-115.5036,48.41],[-115.479,48.415],[-115.4701,48.4151],[-115.4644,48.4137],[-115.461,48.4111],[-115.4585,48.4073],[-115.4573,48.4041],[-115.4577,48.3996],[-115.4565,48.3918],[-115.4457,48.3802],[-115.4408,48.3751],[-115.4369,48.3727],[-115.4164,48.3668],[-115.4007,48.3613],[-115.3902,48.3593],[-115.3865,48.3593],[-115.3775,48.3608],[-115.3614,48.366],[-115.3556,48.3668],[-115.335,48.3636],[-115.3297,48.3633],[-115.3264,48.3631],[-115.3218,48.3621],[-115.319,48.3604],[-115.3176,48.3588],[-115.3134,48.3507],[-115.3125,48.3475],[-115.3123,48.3442],[-115.3132,48.341],[-115.3147,48.3381],[-115.3163,48.3349],[-115.3158,48.3321],[-115.3137,48.3296],[-115.3053,48.3225],[-115.3035,48.3197],[-115.3029,48.3172],[-115.3033,48.3135],[-115.3082,48.3036],[-115.3089,48.301],[-115.3056,48.2778],[-115.3021,48.2717],[-115.2972,48.267],[-115.2939,48.2608],[-115.2896,48.2435],[-115.2887,48.2402],[-115.2866,48.2375],[-115.2833,48.2354],[-115.2798,48.2343],[-115.2734,48.234],[-115.2641,48.2369],[-115.2583,48.2374],[-115.2513,48.2381],[-115.227,48.2455],[-115.2072,48.2568],[-115.1989,48.2598],[-115.1926,48.2609],[-115.1363,48.2665],[-115.1009,48.2733],[-115.0891,48.2759],[-115.0699,48.2844],[-115.0671,48.2861],[-115.0616,48.2913],[-115.0432,48.3001],[-115.0402,48.3024],[-115.039,48.3044],[-115.0387,48.3066],[-115.0389,48.3419],[-115.0385,48.3458],[-115.0366,48.3494],[-115.0333,48.3528],[-115.0287,48.3556],[-115.0047,48.3635],[-114.9994,48.3641],[-114.9848,48.3642],[-114.9714,48.369],[-114.9668,48.3715],[-114.9428,48.3891],[-114.9188,48.3981],[-114.9144,48.4009],[-114.9118,48.4041],[-114.9107,48.407],[-114.9107,48.4101],[-114.9118,48.413],[-114.9138,48.4156],[-114.9337,48.4355],[-114.9434,48.4453],[-114.9448,48.4476],[-114.9453,48.4501],[-114.9468,48.4605],[-114.9562,48.551],[-114.9566,48.5546],[-114.9552,48.5676],[-114.9568,48.5973],[-114.9565,48.6],[-114.9547,48.6031],[-114.9516,48.6056],[-114.9484,48.6071],[-114.9407,48.6095],[-114.9311,48.6129],[-114.926,48.6163],[-114.9238,48.6187],[-114.9136,48.6338],[-114.9106,48.6374],[-114.8888,48.6552],[-114.8854,48.6589],[-114.8735,48.672],[-114.8645,48.6805],[-114.857,48.6873],[-114.8503,48.6908],[-114.8465,48.6919],[-114.841,48.6928],[-114.8318,48.6925],[-114.8005,48.6841],[-114.7939,48.6803],[-114.7814,48.6752],[-114.7752,48.6699],[-114.7675,48.6627],[-114.7636,48.6591],[-114.7587,48.6549],[-114.7415,48.6458],[-114.7297,48.643],[-114.7201,48.6394],[-114.6851,48.6202],[-114.6599,48.6094],[-114.6555,48.6072],[-114.6441,48.5974],[-114.6332,48.5919],[-114.6294,48.5875],[-114.6258,48.5847],[-114.6186,48.5769],[-114.5959,48.5624],[-114.5845,48.5525],[-114.577,48.5471],[-114.5673,48.5396],[-114.5601,48.5286],[-114.5547,48.5242],[-114.5483,48.5159],[-114.542,48.5115],[-114.5359,48.5049],[-114.528,48.5009],[-114.5239,48.4959],[-114.5196,48.4925],[-114.5171,48.4905],[-114.5138,48.4854],[-114.5078,48.4817],[-114.5047,48.4796],[-114.4986,48.4725],[-114.4965,48.4671],[-114.4946,48.4646],[-114.4916,48.4627],[-114.4878,48.4617],[-114.4786,48.4611],[-114.4741,48.4615],[-114.4634,48.4652],[-114.4501,48.4674],[-114.4426,48.4713],[-114.4391,48.4721],[-114.4304,48.4715],[-114.4204,48.4721],[-114.4117,48.4697],[-114.4052,48.4687],[-114.3964,48.4643],[-114.392,48.4591],[-114.3916,48.4572],[-114.3924,48.4545],[-114.3933,48.4524],[-114.3933,48.4507],[-114.3903,48.4472],[-114.3897,48.4456],[-114.3915,48.4408],[-114.3914,48.4393],[-114.3906,48.4378],[-114.3873,48.4357],[-114.3804,48.4348],[-114.3775,48.4338],[-114.3754,48.4318],[-114.3743,48.427],[-114.3725,48.4248],[-114.3607,48.4155],[-114.3577,48.4144],[-114.3536,48.4141],[-114.3501,48.414],[-114.339,48.4138],[-114.3251,48.4135],[-114.3172,48.4129],[-114.3086,48.4112],[-114.2464,48.3925],[-114.203,48.3795],[-114.199,48.3785],[-114.1936,48.3779],[-114.189,48.3782],[-114.1845,48.3792],[-114.1836,48.3794],[-114.1665,48.3849],[-114.1528,48.3891],[-114.1482,48.39],[-114.1425,48.3902],[-114.1355,48.3894],[-114.1267,48.3882],[-114.1253,48.388],[-114.1141,48.3867],[-114.1027,48.3886],[-114.0996,48.3893],[-114.0956,48.3918],[-114.0875,48.3933],[-114.0742,48.3971],[-114.069,48.3977],[-114.0634,48.3994],[-114.0595,48.4021],[-114.0516,48.4118],[-114.0511,48.4142],[-114.0525,48.4172],[-114.0579,48.4267],[-114.0582,48.4294],[-114.0564,48.4323],[-114.049,48.4361],[-114.0468,48.4388],[-114.0448,48.4525],[-114.046,48.4574],[-114.0447,48.4605],[-114.0429,48.462],[-114.04,48.4632],[-114.0307,48.4649],[-114.0196,48.4715],[-114.0183,48.4744],[-114.0199,48.4819],[-114.0198,48.484],[-114.0183,48.4869],[-114.0159,48.4888],[-114.0121,48.4903],[-114.009,48.4908],[-113.9946,48.4901],[-113.99,48.4911],[-113.9753,48.4981],[-113.9711,48.4989],[-113.9665,48.4985],[-113.9602,48.4973],[-113.9547,48.4948],[-113.9525,48.4947],[-113.9507,48.4953],[-113.9473,48.4974],[-113.9449,48.5003],[-113.9434,48.5012],[-113.9414,48.5016],[-113.9367,48.5014],[-113.932,48.5021],[-113.9298,48.5014],[-113.9258,48.4982],[-113.9102,48.4932],[-113.9061,48.4931],[-113.9016,48.4942],[-113.8954,48.4942],[-113.8891,48.4959],[-113.8823,48.4941],[-113.877,48.4918],[-113.865,48.4921],[-113.8612,48.4915],[-113.8549,48.4891],[-113.8528,48.4878],[-113.8484,48.4836],[-113.846,48.4791],[-113.8132,48.4469],[-113.8041,48.438],[-113.8012,48.4351],[-113.7948,48.4269],[-113.7917,48.4247],[-113.7826,48.4245],[-113.7759,48.4249],[-113.7647,48.4206],[-113.7605,48.4185],[-113.7561,48.4171],[-113.7538,48.4173],[-113.7506,48.4188],[-113.7485,48.4194],[-113.7394,48.4189],[-113.7326,48.4196],[-113.73,48.4188],[-113.7271,48.4161],[-113.7228,48.4097],[-113.7179,48.4055],[-113.7049,48.3917],[-113.6866,48.3808],[-113.6842,48.3782],[-113.6827,48.3751],[-113.6807,48.3724],[-113.6784,48.37],[-113.6756,48.3686],[-113.6671,48.3663],[-113.6591,48.3601],[-113.6551,48.356],[-113.6474,48.3511],[-113.6452,48.3478],[-113.6435,48.3413],[-113.6432,48.3355],[-113.641,48.3316],[-113.6402,48.3292],[-113.6381,48.3259],[-113.6384,48.3232],[-113.6397,48.3201],[-113.6383,48.3174],[-113.6342,48.3125],[-113.6254,48.3067],[-113.6147,48.2941],[-113.6116,48.2903],[-113.6106,48.2883],[-113.6133,48.2783],[-113.6132,48.2771],[-113.6124,48.2761],[-113.6108,48.2754],[-113.6076,48.2736],[-113.6069,48.2722],[-113.6063,48.2684],[-113.6026,48.2656],[-113.5854,48.2609],[-113.5811,48.2587],[-113.5763,48.2548],[-113.5749,48.2525],[-113.5765,48.2471],[-113.5763,48.245],[-113.573,48.2427],[-113.5682,48.2383],[-113.5648,48.2356],[-113.5576,48.2346],[-113.5507,48.2335],[-113.5427,48.2344],[-113.534,48.2368],[-113.5303,48.2383],[-113.5239,48.2393],[-113.5191,48.2391],[-113.5161,48.2406],[-113.5124,48.2412],[-113.508,48.2427],[-113.5006,48.242],[-113.4951,48.2422],[-113.4894,48.2432],[-113.4863,48.2452],[-113.4738,48.2492],[-113.4731,48.2501],[-113.4729,48.2527],[-113.4678,48.2587],[-113.4667,48.2607],[-113.4651,48.2616],[-113.4613,48.2615],[-113.4594,48.2623],[-113.4579,48.2643],[-113.4539,48.2675],[-113.4536,48.2685],[-113.4546,48.2712],[-113.454,48.272],[-113.4518,48.2732],[-113.4482,48.2753],[-113.4477,48.2767],[-113.4483,48.2777],[-113.4524,48.2808],[-113.4536,48.282],[-113.4535,48.2832],[-113.4523,48.2842],[-113.4506,48.2845],[-113.4339,48.2803],[-113.4303,48.2805],[-113.4286,48.2817],[-113.4277,48.2843],[-113.4247,48.2862],[-113.4231,48.2889],[-113.4204,48.2908],[-113.4196,48.2942],[-113.417,48.296],[-113.4143,48.2965],[-113.4024,48.2943],[-113.3962,48.2938],[-113.3934,48.2941],[-113.386,48.2972],[-113.3837,48.3],[-113.3806,48.3015],[-113.3786,48.3018],[-113.3739,48.3012],[-113.3657,48.3032],[-113.3644,48.3047],[-113.364,48.3073],[-113.3643,48.3093],[-113.364,48.3118],[-113.361,48.3143],[-113.3574,48.3169],[-113.3539,48.3195],[-113.3495,48.3226],[-113.3432,48.3263],[-113.3383,48.3312],[-113.3308,48.3356],[-113.3174,48.3466],[-113.3159,48.3473],[-113.312,48.3478],[-113.3068,48.3503],[-113.3054,48.3514],[-113.3039,48.3533],[-113.2973,48.3585],[-113.288,48.3629],[-113.2804,48.3695],[-113.2794,48.3728],[-113.2765,48.3782],[-113.2745,48.3818],[-113.2728,48.3835],[-113.2608,48.3899],[-113.2588,48.3914],[-113.2575,48.3932],[-113.2538,48.4011],[-113.252,48.4057],[-113.2492,48.4089],[-113.2473,48.4102],[-113.2424,48.4123],[-113.2357,48.4173],[-113.224,48.421],[-113.2216,48.421],[-113.2177,48.4202],[-113.215,48.4212],[-113.2122,48.4252],[-113.212,48.4275],[-113.2143,48.4306],[-113.2141,48.4333],[-113.2145,48.4341],[-113.2195,48.4376],[-113.2199,48.4387],[-113.2196,48.4404],[-113.2174,48.4485],[-113.2157,48.451],[-113.2132,48.4529],[-113.2057,48.4561],[-113.1946,48.4576],[-113.178,48.4596],[-113.1741,48.4609],[-113.1724,48.4621],[-113.1554,48.4793],[-113.1515,48.4832],[-113.1401,48.495],[-113.139,48.4974],[-113.138,48.5037],[-113.1358,48.5066],[-113.1084,48.5206],[-113.1037,48.5221],[-113.0917,48.5241],[-113.0831,48.5265],[-113.0708,48.5293],[-113.0457,48.5424],[-113.0419,48.5435],[-113.0372,48.543],[-113.0342,48.5412],[-113.0332,48.5397],[-113.0318,48.5346],[-113.0294,48.5324],[-113.0252,48.5312],[-113.0196,48.5321],[-113.0033,48.5364],[-112.995,48.5354],[-112.986,48.535],[-112.9731,48.5374],[-112.9683,48.538],[-112.9491,48.5406],[-112.9453,48.542],[-112.9344,48.5502],[-112.9166,48.5624],[-112.9,48.5703],[-112.8955,48.5718],[-112.894,48.5721],[-112.8819,48.5743],[-112.878,48.5749],[-112.85,48.58],[-112.8295,48.5839],[-112.8104,48.5914],[-112.8032,48.5937],[-112.8004,48.5959],[-112.7989,48.5995],[-112.7975,48.6014],[-112.7952,48.6033],[-112.7927,48.6045],[-112.7894,48.6049],[-112.7747,48.6043],[-112.7666,48.6053],[-112.7508,48.6088],[-112.6463,48.631],[-112.6206,48.6324],[-112.6063,48.6342],[-112.5755,48.6339],[-112.5398,48.6335],[-112.4509,48.6379],[-112.4409,48.6383],[-112.4324,48.6375],[-112.4187,48.6384],[-112.4013,48.6376],[-112.3986,48.638],[-112.3915,48.6408],[-112.389,48.6412],[-112.3855,48.6405],[-112.3806,48.6374],[-112.3764,48.6368],[-112.3678,48.6388],[-112.3585,48.6385],[-112.3401,48.6416],[-112.3342,48.6401],[-112.3297,48.6376],[-112.3295,48.6374],[-112.3212,48.6326],[-112.3089,48.6273],[-112.2837,48.6145],[-112.2803,48.6131],[-112.247,48.6083],[-112.2345,48.6057],[-112.2303,48.6043],[-112.2152,48.5956],[-112.2066,48.5924],[-112.1996,48.5903],[-112.1945,48.5858],[-112.1893,48.5837],[-112.1824,48.5812],[-112.1745,48.5763],[-112.1553,48.5667],[-112.1277,48.5617],[-112.1228,48.5609],[-112.043,48.5474],[-112.0202,48.5482],[-111.9942,48.5441],[-111.9916,48.5432],[-111.9745,48.5343],[-111.9644,48.533],[-111.956,48.5296],[-111.953,48.5294],[-111.9467,48.5305],[-111.9434,48.5306],[-111.9139,48.5255],[-111.9069,48.5242],[-111.9004,48.5231],[-111.8877,48.5206],[-111.8815,48.5182],[-111.8584,48.5072],[-111.8545,48.5054],[-111.8381,48.498],[-111.8249,48.4935],[-111.8061,48.492],[-111.7964,48.4919],[-111.7783,48.4876],[-111.7722,48.4853],[-111.7608,48.479],[-111.755,48.4774],[-111.7007,48.4779],[-111.6632,48.48],[-111.6257,48.4823],[-111.6196,48.4822],[-111.5203,48.4705],[-111.4987,48.4657],[-111.4881,48.4656],[-111.4675,48.4661],[-111.4504,48.4635],[-111.4411,48.462],[-111.4306,48.4629],[-111.4176,48.4658],[-111.4071,48.4709],[-111.4028,48.4723],[-111.37,48.4769],[-111.3612,48.4767],[-111.3465,48.4734],[-111.342,48.472],[-111.3356,48.4683],[-111.3313,48.4672],[-111.2937,48.4693],[-111.2755,48.4688],[-111.2439,48.4678],[-111.2389,48.4678],[-111.234,48.4689],[-111.2111,48.4792],[-111.1584,48.503],[-111.1529,48.5049],[-111.1255,48.5082],[-111.0919,48.5088],[-111.0813,48.509],[-111.0476,48.5096],[-110.9763,48.5137],[-110.9617,48.5145],[-110.9156,48.5172],[-110.911,48.5181],[-110.9023,48.5208],[-110.8979,48.5233],[-110.8797,48.5383],[-110.8771,48.5418],[-110.8737,48.5492],[-110.8714,48.5517],[-110.8684,48.5535],[-110.8655,48.5545],[-110.8563,48.556],[-110.8446,48.5576],[-110.8367,48.5599],[-110.8327,48.5605],[-110.8282,48.5604],[-110.8154,48.5582],[-110.8089,48.5574],[-110.7748,48.5579],[-110.7683,48.558],[-110.7562,48.5582],[-110.6906,48.5592],[-110.6789,48.5594],[-110.6611,48.5606],[-110.6489,48.5588],[-110.6147,48.5591],[-110.5928,48.5572],[-110.5617,48.5587],[-110.5366,48.5585],[-110.5233,48.5584],[-110.5029,48.5583],[-110.4684,48.558],[-110.4343,48.5568],[-110.4203,48.5585],[-110.3911,48.5625],[-110.3867,48.5628],[-110.3585,48.5621],[-110.3548,48.5614],[-110.3475,48.5591],[-110.3417,48.5588],[-110.3379,48.5597],[-110.3249,48.5659],[-110.3216,48.567],[-110.2989,48.5701],[-110.2718,48.5736],[-110.2507,48.5763],[-110.2252,48.5813],[-110.1863,48.5838],[-110.1804,48.583],[-110.1713,48.5797],[-110.1666,48.5788],[-110.0983,48.5749],[-110.0607,48.5727],[-110.0233,48.5706],[-109.9913,48.5681],[-109.9051,48.5613],[-109.8955,48.5611],[-109.8583,48.5605],[-109.8353,48.5604],[-109.8171,48.5628],[-109.8039,48.5662],[-109.8004,48.5665],[-109.7965,48.5657],[-109.7814,48.5599],[-109.7711,48.5589],[-109.7679,48.5582],[-109.7587,48.5564],[-109.7436,48.5557],[-109.741,48.556],[-109.7387,48.5569],[-109.7296,48.5633],[-109.725,48.5648],[-109.7212,48.5644],[-109.7074,48.5596],[-109.6999,48.557],[-109.694,48.5562],[-109.6865,48.5555],[-109.667,48.5538],[-109.6628,48.5541],[-109.6576,48.5562],[-109.6523,48.5618],[-109.6494,48.5646],[-109.6468,48.5663],[-109.6394,48.5685],[-109.6352,48.5687],[-109.621,48.5668],[-109.6146,48.5663],[-109.581,48.5674],[-109.555,48.5666],[-109.5245,48.5603],[-109.5204,48.5599],[-109.4969,48.5632],[-109.4628,48.5655],[-109.4575,48.5676],[-109.4417,48.5778],[-109.4308,48.5849],[-109.4272,48.5866],[-109.4024,48.5905],[-109.3725,48.5946],[-109.2575,48.5971],[-109.236,48.5956],[-109.2279,48.595],[-109.2054,48.5932],[-109.1199,48.5865],[-109.1046,48.5853],[-109.093,48.5847],[-109.0537,48.5857],[-109.0435,48.5846],[-108.9996,48.5795],[-108.9456,48.5732],[-108.8051,48.5389],[-108.7951,48.5364],[-108.7944,48.5363],[-108.7624,48.5284],[-108.754,48.5265],[-108.7534,48.5263],[-108.5986,48.4953],[-108.5721,48.4867],[-108.5549,48.477],[-108.5479,48.4745],[-108.513,48.4659],[-108.4679,48.4547],[-108.4459,48.4511],[-108.4372,48.4506],[-108.4088,48.449],[-108.4045,48.4481],[-108.3899,48.4431],[-108.3855,48.4426],[-108.3761,48.443],[-108.3708,48.4426],[-108.3462,48.437],[-108.3386,48.435],[-108.3286,48.4296],[-108.308,48.4136],[-108.3007,48.4098],[-108.2947,48.4081],[-108.2509,48.3991],[-108.2332,48.3955],[-108.1435,48.377],[-108.1114,48.3725],[-108.08,48.3683],[-108.0653,48.3668],[-108.0574,48.3663],[-108.036,48.3669],[-108.0244,48.3649],[-108.0189,48.3646],[-107.9878,48.3671],[-107.8756,48.3605],[-107.8634,48.3598],[-107.8393,48.3596],[-107.8214,48.3596],[-107.8106,48.3601],[-107.7619,48.3669],[-107.6645,48.3795],[-107.6066,48.3927],[-107.5719,48.3997],[-107.5605,48.402],[-107.5568,48.4033],[-107.5536,48.4051],[-107.5152,48.4309],[-107.4902,48.4499],[-107.468,48.4656],[-107.4612,48.469],[-107.4559,48.4705],[-107.4411,48.4732],[-107.4202,48.4745],[-107.4006,48.4738],[-107.3838,48.4705],[-107.3721,48.4665],[-107.3458,48.4567],[-107.3453,48.4566],[-107.3268,48.4496],[-107.3017,48.4402],[-107.2713,48.4283],[-107.2622,48.4238],[-107.2289,48.4166],[-107.2241,48.4159],[-107.1674,48.4125],[-107.1153,48.4007],[-107.1054,48.3983],[-107.0776,48.3895],[-107.0632,48.3857],[-107.0295,48.3766],[-107.0228,48.3753],[-107.0122,48.3726],[-107.0037,48.373],[-106.9879,48.3727],[-106.9792,48.3712],[-106.9692,48.373],[-106.9604,48.3734],[-106.9573,48.3731],[-106.939,48.3688],[-106.93,48.3639],[-106.9116,48.3547],[-106.8975,48.3482],[-106.8461,48.3241],[-106.8436,48.3224],[-106.8278,48.3086],[-106.8055,48.2891],[-106.7931,48.2784],[-106.7431,48.2412],[-106.7396,48.239],[-106.7293,48.2341],[-106.7154,48.2275],[-106.6745,48.2081],[-106.6478,48.1993],[-106.647,48.199],[-106.6309,48.1934],[-106.6272,48.1919],[-106.6239,48.1891],[-106.6218,48.1872],[-106.611,48.1771],[-106.6103,48.1764],[-106.6078,48.1742],[-106.5994,48.1687],[-106.5893,48.1634],[-106.5862,48.1622],[-106.5802,48.1609],[-106.5696,48.1615],[-106.5619,48.1646],[-106.5582,48.1651],[-106.5116,48.163],[-106.4853,48.1632],[-106.4542,48.1608],[-106.429,48.155],[-106.4092,48.1454],[-106.4022,48.1403],[-106.3983,48.1381],[-106.3918,48.1361],[-106.3845,48.1353],[-106.347,48.1328],[-106.3334,48.1319],[-106.314,48.1293],[-106.3067,48.1271],[-106.2822,48.1138],[-106.2676,48.1035],[-106.2535,48.0899],[-106.2488,48.0876],[-106.2252,48.08],[-106.2161,48.0778],[-106.1721,48.0746],[-106.1357,48.072],[-106.0745,48.0676],[-106.0298,48.0593],[-105.9639,48.0473],[-105.9574,48.0475],[-105.8915,48.0555],[-105.8552,48.0599],[-105.844,48.0613],[-105.7566,48.0717],[-105.6757,48.0859],[-105.6431,48.0916],[-105.6174,48.0961],[-105.5978,48.0995],[-105.5804,48.1018],[-105.5738,48.1026],[-105.5295,48.1083],[-105.5173,48.1098],[-105.4932,48.1129],[-105.3447,48.1332],[-105.3347,48.1346],[-105.3296,48.1344],[-105.2114,48.109],[-105.2048,48.1081],[-105.1945,48.1068],[-105.1844,48.1067],[-105.1677,48.1069],[-105.0679,48.1075],[-105.03,48.1078],[-105.0226,48.1088],[-104.9432,48.139],[-104.9214,48.1469],[-104.8916,48.1534],[-104.8748,48.1569],[-104.8601,48.1581],[-104.8539,48.1577],[-104.8194,48.149],[-104.7986,48.1444],[-104.7955,48.1432],[-104.7904,48.1399],[-104.7844,48.1386],[-104.7805,48.1389],[-104.7447,48.1465],[-104.7317,48.1475],[-104.67,48.1451],[-104.6568,48.1454],[-104.62,48.1467],[-104.6132,48.1461],[-104.5797,48.1325],[-104.5749,48.1316],[-104.5711,48.1318],[-104.5609,48.1347],[-104.5204,48.1423],[-104.5191,48.1424],[-104.5117,48.1438],[-104.4849,48.1489],[-104.4677,48.1513],[-104.4489,48.1506],[-104.3449,48.1401],[-104.3399,48.1399],[-104.3183,48.1423],[-104.2628,48.1585],[-104.2578,48.1588],[-104.2544,48.1584],[-104.2512,48.1574],[-104.2478,48.1557],[-104.2393,48.151],[-104.2254,48.1453],[-104.2167,48.1417],[-104.2121,48.1401],[-104.2036,48.1382],[-104.1997,48.1367],[-104.1741,48.1209],[-104.1716,48.1187],[-104.17,48.1163],[-104.1695,48.1139],[-104.1696,48.112],[-104.1715,48.1082],[-104.1891,48.094],[-104.192,48.0905],[-104.1927,48.0877],[-104.1923,48.0849],[-104.1909,48.0824],[-104.188,48.0798],[-104.156,48.0654],[-104.1372,48.0609],[-104.1339,48.0598],[-104.1311,48.058],[-104.1211,48.0502],[-104.1014,48.041],[-104.0979,48.0388],[-104.0928,48.0348],[-104.088,48.0296],[-104.0725,48.0163],[-104.0651,48.0118],[-104.0554,48.0065],[-104.0481,48.0037],[-104.0439,48.0028],[-104.0197,47.9999],[-103.9915,47.999],[-103.9648,48.0029],[-103.9294,48.0118],[-103.9262,48.0131],[-103.9068,48.0236],[-103.905,48.0246],[-103.8993,48.0277],[-103.8903,48.0326],[-103.8809,48.0386],[-103.8753,48.043],[-103.8486,48.0649],[-103.8453,48.0664],[-103.8298,48.0718],[-103.8181,48.0758],[-103.7947,48.0816],[-103.7825,48.0836],[-103.7695,48.0873],[-103.7434,48.0949],[-103.7288,48.1028],[-103.7247,48.107],[-103.7181,48.1112],[-103.7145,48.1176],[-103.7094,48.1232],[-103.7042,48.1259],[-103.6978,48.1279],[-103.6925,48.1312],[-103.6866,48.1333],[-103.6563,48.1437],[-103.6514,48.1446],[-103.646,48.1445],[-103.619,48.1425],[-103.6167,48.1426],[-103.613,48.1428],[-103.5987,48.1433],[-103.5871,48.1437],[-103.584,48.1443],[-103.5799,48.147],[-103.5646,48.1604],[-103.5464,48.1714],[-103.5325,48.1788],[-103.5191,48.1894],[-103.5128,48.1967],[-103.4995,48.2072],[-103.4961,48.2115],[-103.4891,48.2346],[-103.4873,48.2371],[-103.4686,48.2504],[-103.4171,48.2818],[-103.4121,48.2842],[-103.4063,48.2856],[-103.3943,48.2864],[-103.375,48.2853],[-103.3671,48.2837],[-103.359,48.2827],[-103.3252,48.2829],[-103.3195,48.2838],[-103.3062,48.2877],[-103.2644,48.2935],[-103.2483,48.2946],[-103.2431,48.2955],[-103.2395,48.2971],[-103.2272,48.3062],[-103.2177,48.3132],[-103.1848,48.3319],[-103.1745,48.3363],[-103.1693,48.3392],[-103.1591,48.3452],[-103.1468,48.3524],[-103.1319,48.3596],[-103.1072,48.3751],[-103.0962,48.3787],[-103.0884,48.3838],[-103.0837,48.3868],[-103.0756,48.3896],[-103.0722,48.3898],[-103.0612,48.3887],[-103.0469,48.3918],[-103.0373,48.3917],[-103.0309,48.3921],[-102.9881,48.3992],[-102.9843,48.3992],[-102.9777,48.3982],[-102.9691,48.3981],[-102.956,48.3979],[-102.9492,48.3969],[-102.9426,48.3955],[-102.9343,48.3939],[-102.928,48.3927],[-102.9223,48.3929],[-102.9209,48.393],[-102.9053,48.3944],[-102.8858,48.3948],[-102.8784,48.394],[-102.8566,48.3872],[-102.8521,48.3864],[-102.8301,48.385],[-102.8137,48.3869],[-102.8056,48.3869],[-102.7789,48.3847],[-102.776,48.3839],[-102.7685,48.3805],[-102.7493,48.3729],[-102.7321,48.3612],[-102.7233,48.3544],[-102.714,48.3504],[-102.7073,48.3447],[-102.7038,48.3429],[-102.7008,48.3422],[-102.6975,48.3421],[-102.6843,48.3447],[-102.6795,48.345],[-102.6747,48.3444],[-102.6655,48.3417],[-102.6514,48.3377],[-102.6348,48.3337],[-102.6306,48.3327],[-102.5975,48.3284],[-102.5622,48.3146],[-102.5582,48.3138],[-102.5529,48.3138],[-102.5166,48.3157],[-102.4997,48.3163],[-102.4473,48.3121],[-102.431,48.3108],[-102.4228,48.3109],[-102.4189,48.3117],[-102.4097,48.3153],[-102.3899,48.32],[-102.3706,48.3244],[-102.3585,48.3258],[-102.3555,48.3258],[-102.3521,48.3252],[-102.3492,48.3245],[-102.3304,48.3206],[-102.3233,48.3206],[-102.3066,48.325],[-102.299,48.3284],[-102.2938,48.3298],[-102.2744,48.3332],[-102.2644,48.3342],[-102.2526,48.3373],[-102.236,48.3375],[-102.2289,48.3375],[-102.2143,48.3374],[-102.1892,48.34],[-102.1802,48.3403],[-102.1742,48.3398],[-102.1505,48.3363],[-102.1346,48.3363],[-102.1192,48.3348],[-102.1096,48.3352],[-102.0929,48.3372],[-102.0853,48.3386],[-102.0782,48.3382],[-102.0719,48.3377],[-102.0132,48.3367],[-102.0083,48.3374],[-102.0012,48.34],[-101.9967,48.3409],[-101.9915,48.3411],[-101.9818,48.3396],[-101.9754,48.3396],[-101.9605,48.3426],[-101.9433,48.3431],[-101.9309,48.3443],[-101.922,48.3458],[-101.9147,48.3479],[-101.9052,48.3497],[-101.8896,48.3485],[-101.8814,48.3463],[-101.8575,48.3367],[-101.8531,48.3356],[-101.8381,48.3334],[-101.826,48.3283],[-101.8212,48.3269],[-101.784,48.3236],[-101.763,48.3209],[-101.7571,48.3194],[-101.7426,48.3149],[-101.7144,48.3061],[-101.6448,48.2844],[-101.6377,48.2821],[-101.5437,48.2529],[-101.5038,48.2463],[-101.5009,48.2465],[-101.4841,48.2502],[-101.4813,48.25],[-101.4742,48.2481],[-101.471,48.2478],[-101.461,48.2498],[-101.4477,48.2506],[-101.4297,48.247],[-101.4194,48.2432],[-101.4143,48.2388],[-101.4121,48.2376],[-101.3988,48.233],[-101.3899,48.2313],[-101.3861,48.2297],[-101.3648,48.2205],[-101.3604,48.2187],[-101.3573,48.2185],[-101.3305,48.2207],[-101.3272,48.2215],[-101.3186,48.2245],[-101.3049,48.2327],[-101.2997,48.2358],[-101.2953,48.2374],[-101.2861,48.2401],[-101.283,48.2405],[-101.2775,48.2399],[-101.2665,48.2384],[-101.2648,48.2379],[-101.2561,48.2355],[-101.25,48.235],[-101.2489,48.235],[-101.2396,48.2348],[-101.2383,48.2349],[-101.2315,48.2351],[-101.2276,48.2352],[-101.2257,48.2353],[-101.2181,48.2353],[-101.2104,48.2356],[-101.191,48.2363],[-101.1548,48.2376],[-101.149,48.2378],[-101.1385,48.2383],[-101.1374,48.2384],[-101.053,48.2442],[-101.0493,48.2444],[-101.0144,48.2468],[-100.9996,48.2479],[-100.9822,48.249],[-100.9254,48.253],[-100.8547,48.2668],[-100.8477,48.2681],[-100.8471,48.2682],[-100.8469,48.2683],[-100.8374,48.2701],[-100.8318,48.2712],[-100.5888,48.3128],[-100.5765,48.3149],[-100.4654,48.3371],[-100.453,48.3396],[-100.4186,48.345],[-100.4122,48.3461],[-100.4102,48.3464],[-100.3764,48.3517],[-100.3151,48.3614],[-100.2516,48.3629],[-100.2373,48.3632],[-100.2317,48.3633],[-100.123,48.3655],[-100.107,48.3658],[-100.0331,48.3673],[-100.0122,48.3689],[-99.9977,48.3698],[-99.9849,48.3702],[-99.9691,48.3706],[-99.9442,48.371],[-99.9092,48.3633],[-99.8472,48.3623],[-99.8093,48.3617],[-99.7991,48.3615],[-99.7936,48.3613],[-99.7892,48.3599],[-99.7863,48.3579],[-99.7818,48.353],[-99.7789,48.3515],[-99.7659,48.3501],[-99.7519,48.3458],[-99.6982,48.3429],[-99.6889,48.3425],[-99.6809,48.342],[-99.6341,48.3333],[-99.6314,48.3319],[-99.6274,48.328],[-99.6251,48.3268],[-99.5884,48.3165],[-99.5821,48.3147],[-99.5795,48.314],[-99.5624,48.3114],[-99.5137,48.3043],[-99.4837,48.297],[-99.4479,48.2924],[-99.4445,48.292],[-99.4423,48.2917],[-99.4095,48.2875],[-99.3629,48.2816],[-99.3393,48.2806],[-99.3334,48.2803],[-99.2187,48.2757],[-99.2152,48.2751],[-99.2036,48.2709],[-99.2001,48.2696],[-99.1981,48.2689],[-99.1739,48.2601],[-99.0921,48.2199],[-99.0076,48.1783],[-98.9842,48.1699],[-98.9186,48.1403],[-98.9042,48.1331],[-98.8919,48.127],[-98.8912,48.1267],[-98.878,48.1201],[-98.8679,48.1141],[-98.8653,48.1125],[-98.8648,48.1122],[-98.8553,48.1065],[-98.8521,48.1057],[-98.7863,48.0981],[-98.75,48.0931],[-98.73,48.0903],[-98.7171,48.0877],[-98.6887,48.0859],[-98.6774,48.0831],[-98.6485,48.073],[-98.6384,48.0705],[-98.6084,48.0636],[-98.5859,48.0613],[-98.5716,48.0606],[-98.5543,48.0569],[-98.54,48.0557],[-98.5284,48.0547],[-98.4986,48.0498],[-98.4779,48.0509],[-98.4455,48.0464],[-98.4319,48.0462],[-98.4224,48.0457],[-98.3593,48.0409],[-98.3524,48.0404],[-98.2278,48.0309],[-98.1307,48.0234],[-98.1254,48.0234],[-98.1027,48.0256],[-98.0723,48.0252],[-98.045,48.0231],[-98.0285,48.0202],[-98.0179,48.0169],[-97.994,48.0117],[-97.9625,48.005],[-97.9591,48.0038],[-97.947,47.998],[-97.9297,47.9947],[-97.9251,47.9943],[-97.9025,47.9954],[-97.882,47.9963],[-97.8736,47.9964],[-97.8639,47.9943],[-97.8421,47.9912],[-97.8206,47.991],[-97.8064,47.9904],[-97.803,47.9897],[-97.7905,47.983],[-97.7759,47.9697],[-97.7531,47.9563],[-97.7417,47.9453],[-97.7193,47.9295],[-97.7162,47.9277],[-97.712,47.9264],[-97.7084,47.9258],[-97.6701,47.9256],[-97.6672,47.9251],[-97.6647,47.924],[-97.6521,47.9156],[-97.6496,47.9139],[-97.6387,47.9066],[-97.6355,47.9048],[-97.6318,47.9038],[-97.6157,47.9037],[-97.6118,47.9037],[-97.5788,47.9039],[-97.5302,47.9154],[-97.5139,47.9191],[-97.4951,47.9192],[-97.3987,47.9191],[-97.3816,47.9191],[-97.3654,47.919],[-97.1748,47.9187],[-97.1146,47.9186],[-97.1111,47.9173],[-97.1101,47.916],[-97.1098,47.9144],[-97.1099,47.8894],[-97.1101,47.8526],[-97.1101,47.8467],[-97.1103,47.7949],[-97.1104,47.7705],[-97.1107,47.6805],[-97.1098,47.6721],[-97.1091,47.6682],[-97.0975,47.6052],[-97.0941,47.5867],[-97.0815,47.5176],[-97.07,47.4543],[-97.0673,47.4396],[-97.0617,47.4085],[-97.0614,47.4068],[-97.0598,47.3981],[-97.0579,47.3875],[-97.053,47.3737],[-97.0388,47.3356],[-97.0342,47.3233],[-97.0035,47.2406],[-97.0028,47.2388],[-96.9968,47.2227],[-96.9704,47.1512],[-96.9661,47.1398],[-96.9355,47.0566],[-96.934,47.0533],[-96.9314,47.0497],[-96.8881,46.9902],[-96.876,46.9736],[-96.8258,46.9043],[-96.8243,46.9023],[-96.8165,46.8916],[-96.8118,46.8877],[-96.804,46.884],[-96.7999,46.8827],[-96.7908,46.8814],[-96.7846,46.8812],[-96.7788,46.881],[-96.7756,46.8792],[-96.773,46.877],[-96.771,46.8762],[-96.7594,46.8754],[-96.7566,46.8752],[-96.7531,46.8745]]}},{"type":"Feature","properties":{"n":1,"a":"amtrak"},"geometry":{"type":"LineString","coordinates":[[-122.1964,47.9736],[-122.1948,47.9688],[-122.1951,47.9549],[-122.1942,47.9505],[-122.1928,47.9483],[-122.1916,47.9467],[-122.1706,47.928],[-122.1673,47.9257],[-122.113,47.911],[-122.0967,47.9072],[-122.0953,47.9066],[-122.093,47.9057],[-122.0159,47.8753],[-122.0075,47.872],[-121.9701,47.8575],[-121.9632,47.8567],[-121.9543,47.856],[-121.9431,47.8564],[-121.9071,47.8544],[-121.8982,47.8553],[-121.8807,47.8537],[-121.8613,47.8507],[-121.8517,47.8522],[-121.8175,47.8613],[-121.8112,47.8615],[-121.7734,47.8622],[-121.7356,47.8669],[-121.7292,47.8661],[-121.7219,47.8661],[-121.7178,47.8647],[-121.7003,47.8557],[-121.6827,47.8466],[-121.6724,47.8413],[-121.6618,47.8359],[-121.6551,47.8341],[-121.6497,47.834],[-121.6234,47.8361],[-121.6207,47.8359],[-121.6187,47.8351],[-121.6174,47.834],[-121.6168,47.8326],[-121.6169,47.8301],[-121.617,47.8278],[-121.6164,47.8264],[-121.6123,47.8225],[-121.6015,47.8174],[-121.5983,47.817],[-121.5905,47.8183],[-121.5837,47.8159],[-121.5813,47.8155],[-121.5721,47.8177],[-121.5605,47.8211],[-121.5583,47.8213],[-121.5564,47.8206],[-121.5548,47.8191],[-121.5547,47.8179],[-121.5553,47.8166],[-121.5578,47.8152],[-121.5639,47.8146],[-121.5655,47.814],[-121.5664,47.8131],[-121.5668,47.8119],[-121.5664,47.8107],[-121.5653,47.8097],[-121.5604,47.8075],[-121.5551,47.8069],[-121.5493,47.805],[-121.542,47.8052],[-121.5332,47.8023],[-121.53,47.8023],[-121.5216,47.8036],[-121.5173,47.8029],[-121.5145,47.8004],[-121.514,47.7969],[-121.5119,47.7928],[-121.4981,47.7851],[-121.4959,47.7815],[-121.4943,47.7801],[-121.4916,47.7779],[-121.4657,47.7575],[-121.4483,47.7463],[-121.442,47.7443],[-121.4376,47.7407],[-121.4292,47.7371],[-121.4225,47.7342],[-121.3997,47.7235],[-121.3958,47.7192],[-121.3931,47.7182],[-121.3908,47.718],[-121.3869,47.7179],[-121.3832,47.7165],[-121.3817,47.7154],[-121.3797,47.7126],[-121.3723,47.7088],[-121.3686,47.7081],[-121.3654,47.7084],[-121.3501,47.7102],[-121.3414,47.7136],[-121.3292,47.7122],[-121.3201,47.711],[-121.3128,47.7045],[-121.3111,47.7038],[-121.307,47.7032],[-121.3044,47.7017],[-121.3008,47.6967],[-121.3007,47.6952],[-121.3017,47.6922],[-121.3008,47.6888],[-121.2996,47.6878],[-121.2981,47.6876],[-121.2963,47.6882],[-121.2954,47.6898],[-121.295,47.6945],[-121.2952,47.7045],[-121.2947,47.7059],[-121.2919,47.7077],[-121.2878,47.7087],[-121.2839,47.709],[-121.2778,47.7116],[-121.2633,47.7074],[-121.2593,47.7069],[-121.2537,47.7077],[-121.2501,47.7094],[-121.2434,47.7092],[-121.2408,47.7097],[-121.2377,47.7094],[-121.2306,47.7097],[-121.2235,47.7106],[-121.2208,47.7114],[-121.2177,47.7114],[-121.2131,47.7135],[-121.2091,47.7128],[-121.2053,47.7136],[-121.1992,47.7133],[-121.1961,47.7138],[-121.1914,47.7129],[-121.19,47.7132],[-121.1873,47.7151],[-121.1838,47.7152],[-121.1764,47.7142],[-121.1586,47.7083],[-121.1549,47.709],[-121.1488,47.7131],[-121.1455,47.7152],[-121.0797,47.7399],[-120.9985,47.7703],[-120.996,47.7703],[-120.9932,47.7687],[-120.9903,47.7681],[-120.9838,47.7694],[-120.9794,47.7705],[-120.9694,47.7719],[-120.9633,47.7716],[-120.9586,47.7727],[-120.9508,47.7732],[-120.9465,47.7743],[-120.9435,47.7774],[-120.9401,47.7785],[-120.937,47.779],[-120.9151,47.7788],[-120.9102,47.7777],[-120.8993,47.7769],[-120.8919,47.7795],[-120.8804,47.7809],[-120.8771,47.7827],[-120.8743,47.7858],[-120.8719,47.7868],[-120.8605,47.7864],[-120.8567,47.7854],[-120.8292,47.776],[-120.8142,47.7703],[-120.7887,47.7641],[-120.7855,47.7639],[-120.7779,47.7653],[-120.774,47.7654],[-120.7647,47.7637],[-120.7583,47.762],[-120.7534,47.7621],[-120.7501,47.7621],[-120.7478,47.7614],[-120.7453,47.7596],[-120.7433,47.7567],[-120.7426,47.7539],[-120.7427,47.7501],[-120.7414,47.7468],[-120.7424,47.7425],[-120.7411,47.734],[-120.7406,47.7302],[-120.7396,47.7279],[-120.7381,47.726],[-120.7352,47.7239],[-120.7149,47.7149],[-120.7073,47.7126],[-120.7009,47.7096],[-120.697,47.7095],[-120.6909,47.7112],[-120.6784,47.7133],[-120.6582,47.7191],[-120.6538,47.7187],[-120.642,47.7148],[-120.6394,47.7134],[-120.6375,47.7117],[-120.6365,47.709],[-120.637,47.7028],[-120.6368,47.6965],[-120.6399,47.6894],[-120.6402,47.6776],[-120.6448,47.6704],[-120.6429,47.6611],[-120.6467,47.6514],[-120.6488,47.6355],[-120.6469,47.6278],[-120.6479,47.62],[-120.6479,47.6156],[-120.6467,47.6094],[-120.6446,47.6067],[-120.6282,47.5974],[-120.6249,47.5954],[-120.6105,47.5836],[-120.6095,47.5815],[-120.6098,47.578],[-120.6095,47.5766],[-120.6081,47.5748],[-120.6034,47.5717],[-120.6012,47.5705],[-120.5986,47.5698],[-120.5914,47.5707],[-120.5888,47.5704],[-120.5802,47.5654],[-120.5743,47.5599],[-120.5733,47.557],[-120.5673,47.5466],[-120.5623,47.5433],[-120.5438,47.5335],[-120.5372,47.5327],[-120.5269,47.5324],[-120.5222,47.5311],[-120.5143,47.5323],[-120.5117,47.5322],[-120.4995,47.5288],[-120.4885,47.527],[-120.4869,47.5263],[-120.4824,47.5229],[-120.4794,47.5222],[-120.4639,47.52],[-120.4555,47.5142],[-120.4489,47.5074],[-120.4403,47.5025],[-120.4378,47.5016],[-120.4328,47.5024],[-120.4297,47.5016],[-120.4238,47.4918],[-120.4173,47.4868],[-120.4094,47.4815],[-120.4068,47.4803],[-120.4032,47.4798],[-120.397,47.4799],[-120.3901,47.4784],[-120.3841,47.4778],[-120.382,47.4766],[-120.3789,47.4732],[-120.3672,47.466],[-120.3618,47.4646],[-120.3529,47.4645],[-120.35,47.464],[-120.3431,47.4601],[-120.3365,47.458],[-120.333,47.4544],[-120.326,47.4458],[-120.3174,47.4353],[-120.314,47.431],[-120.3078,47.4235],[-120.3065,47.4218],[-120.3,47.4139],[-120.2981,47.4113],[-120.2978,47.4086],[-120.2973,47.403],[-120.295,47.3972],[-120.2942,47.3932],[-120.29,47.3902],[-120.2871,47.389],[-120.277,47.386],[-120.2718,47.3856],[-120.2691,47.3845],[-120.2664,47.3831],[-120.2564,47.3798],[-120.2253,47.3746],[-120.2195,47.3738],[-120.1919,47.3721],[-120.1853,47.371],[-120.1805,47.3699],[-120.1724,47.3683],[-120.1705,47.366],[-120.169,47.3651],[-120.167,47.365],[-120.1636,47.3658],[-120.1588,47.3653],[-120.1558,47.3653],[-120.1538,47.3671],[-120.1524,47.3692],[-120.1507,47.37],[-120.1423,47.3708],[-120.1388,47.3705],[-120.131,47.3688],[-120.1273,47.3676],[-120.1105,47.3589],[-120.1011,47.3515],[-120.0985,47.3497],[-120.0926,47.3471],[-120.0843,47.3398],[-120.0821,47.3366],[-120.0803,47.3316],[-120.08,47.3295],[-120.0804,47.3276],[-120.0834,47.3162],[-120.0836,47.3104],[-120.0828,47.3049],[-120.0821,47.2971],[-120.0861,47.2687],[-120.0882,47.262],[-120.0883,47.2602],[-120.0874,47.2528],[-120.0848,47.2441],[-120.0829,47.2411],[-120.0761,47.2331],[-120.0734,47.2313],[-120.07,47.2301],[-120.0536,47.2277],[-120.0495,47.228],[-120.0444,47.2297],[-120.0393,47.2307],[-120.0352,47.2324],[-120.0288,47.2334],[-120.0264,47.2332],[-120.0213,47.2317],[-120.0093,47.23],[-120.0048,47.2304],[-120.0018,47.2313],[-119.9988,47.2332],[-119.9975,47.2348],[-119.9946,47.24],[-119.9876,47.2463],[-119.9861,47.2478],[-119.9839,47.2518],[-119.9821,47.2541],[-119.9755,47.2589],[-119.9705,47.2641],[-119.9673,47.2717],[-119.9657,47.2728],[-119.9639,47.2732],[-119.9623,47.2724],[-119.962,47.2714],[-119.9643,47.2687],[-119.9684,47.256],[-119.9673,47.2506],[-119.9666,47.2495],[-119.9644,47.2483],[-119.962,47.2478],[-119.9532,47.2466],[-119.9433,47.2436],[-119.9388,47.2415],[-119.9357,47.2401],[-119.9254,47.2372],[-119.92,47.235],[-119.9146,47.2331],[-119.9105,47.2326],[-119.8823,47.2351],[-119.876,47.2357],[-119.8335,47.2396],[-119.8302,47.2399],[-119.8284,47.2401],[-119.8153,47.2413],[-119.7247,47.2496],[-119.7113,47.2508],[-119.6391,47.2574],[-119.624,47.2608],[-119.6012,47.2663],[-119.5851,47.2741],[-119.5807,47.2771],[-119.5682,47.2944],[-119.5658,47.2977],[-119.558,47.3086],[-119.5494,47.3204],[-119.5425,47.3301],[-119.5382,47.3331],[-119.5189,47.343],[-119.5041,47.3502],[-119.4713,47.3613],[-119.4686,47.3629],[-119.4636,47.3674],[-119.4587,47.3719],[-119.4538,47.3762],[-119.4497,47.379],[-119.4435,47.3822],[-119.4373,47.3843],[-119.4289,47.3852],[-119.3971,47.3846],[-119.3892,47.3867],[-119.3737,47.3916],[-119.3712,47.3928],[-119.369,47.3945],[-119.3678,47.3965],[-119.3675,47.4018],[-119.3664,47.4038],[-119.3635,47.4057],[-119.3589,47.4068],[-119.3537,47.408],[-119.3419,47.4134],[-119.3331,47.416],[-119.3285,47.4167],[-119.3103,47.4174],[-119.288,47.4209],[-119.278,47.4225],[-119.261,47.427],[-119.2447,47.4282],[-119.2373,47.4298],[-119.2288,47.4325],[-119.2249,47.4331],[-119.1989,47.4323],[-119.1807,47.4312],[-119.1769,47.4298],[-119.1729,47.4261],[-119.1705,47.425],[-119.1678,47.4246],[-119.1554,47.425],[-119.1379,47.4254],[-119.1339,47.4246],[-119.1291,47.4226],[-119.1231,47.42],[-119.1223,47.4196],[-119.1201,47.4186],[-119.115,47.4146],[-119.1079,47.4128],[-119.0873,47.4142],[-119.0804,47.4155],[-119.0665,47.4168],[-119.0498,47.4149],[-119.0412,47.4148],[-119.0323,47.4124],[-119.0266,47.4118],[-119.0203,47.4099],[-119.0019,47.4098],[-118.9932,47.4079],[-118.9827,47.4054],[-118.9788,47.4044],[-118.9606,47.3998],[-118.9332,47.3887],[-118.9188,47.3827],[-118.9003,47.3715],[-118.8953,47.3694],[-118.8869,47.3686],[-118.8746,47.3652],[-118.8637,47.3641],[-118.8562,47.3616],[-118.8489,47.3589],[-118.8257,47.3503],[-118.8198,47.3456],[-118.8082,47.3405],[-118.7971,47.333],[-118.7948,47.3321],[-118.7921,47.332],[-118.7898,47.3327],[-118.7701,47.3464],[-118.7667,47.3479],[-118.7643,47.3482],[-118.7609,47.3475],[-118.752,47.341],[-118.738,47.3345],[-118.7028,47.3329],[-118.6977,47.3333],[-118.6954,47.3338],[-118.6872,47.3356],[-118.6781,47.3371],[-118.6749,47.3372],[-118.6722,47.3367],[-118.6667,47.3346],[-118.6595,47.3336],[-118.6533,47.3329],[-118.6492,47.3331],[-118.6301,47.3382],[-118.6113,47.3374],[-118.6077,47.3377],[-118.6034,47.3389],[-118.5964,47.3424],[-118.5909,47.3451],[-118.5879,47.346],[-118.5586,47.3463],[-118.514,47.3561],[-118.4986,47.357],[-118.4907,47.3583],[-118.4781,47.3607],[-118.4579,47.3642],[-118.4505,47.3653],[-118.4469,47.3654],[-118.4268,47.3612],[-118.4136,47.3608],[-118.4095,47.362],[-118.4004,47.3694],[-118.3929,47.3755],[-118.3815,47.3832],[-118.3529,47.3925],[-118.3302,47.4046],[-118.3167,47.4123],[-118.29,47.4331],[-118.2744,47.4407],[-118.2678,47.4454],[-118.2658,47.4484],[-118.2639,47.4568],[-118.2644,47.4685],[-118.2633,47.47],[-118.2582,47.4728],[-118.2564,47.4749],[-118.2515,47.4821],[-118.2503,47.4881],[-118.2487,47.4899],[-118.2392,47.497],[-118.2158,47.5093],[-118.2125,47.5101],[-118.1962,47.5115],[-118.1794,47.5171],[-118.1708,47.5188],[-118.169,47.5198],[-118.1665,47.5223],[-118.16,47.5248],[-118.1529,47.5293],[-118.1501,47.5302],[-118.1461,47.5304],[-118.1336,47.5285],[-118.1313,47.5281],[-118.12,47.5263],[-118.0956,47.5224],[-118.0885,47.5203],[-118.0863,47.5191],[-118.084,47.5159],[-118.0825,47.5147],[-118.0795,47.5132],[-118.0757,47.512],[-118.0674,47.5078],[-118.0648,47.5074],[-118.0575,47.5086],[-118.0494,47.509],[-118.0463,47.5086],[-118.0439,47.5077],[-118.0341,47.5018],[-118.0259,47.499],[-118.0232,47.4988],[-118.0146,47.5003],[-118.0099,47.5004],[-118.0055,47.4995],[-117.9978,47.4967],[-117.9931,47.496],[-117.9898,47.496],[-117.9687,47.5],[-117.96,47.5023],[-117.956,47.5039],[-117.9289,47.5171],[-117.9179,47.5223],[-117.9147,47.523],[-117.8977,47.5209],[-117.8929,47.5209],[-117.8889,47.5216],[-117.8532,47.5359],[-117.8476,47.5382],[-117.8412,47.5418],[-117.8221,47.5546],[-117.7951,47.5725],[-117.7613,47.5919],[-117.7372,47.6056],[-117.7243,47.6129],[-117.7203,47.6142],[-117.7119,47.6167],[-117.6749,47.6323],[-117.6504,47.6425],[-117.5943,47.6669],[-117.5862,47.6709],[-117.5805,47.6761],[-117.5739,47.6841],[-117.572,47.6863],[-117.5699,47.6871],[-117.5533,47.6889],[-117.5404,47.6868],[-117.5346,47.6849],[-117.5197,47.6791],[-117.5168,47.6785],[-117.5134,47.6788],[-117.4988,47.6824],[-117.4942,47.6823],[-117.4909,47.6813],[-117.4883,47.6796],[-117.479,47.6712],[-117.4774,47.6693],[-117.4767,47.6669],[-117.4766,47.6591],[-117.4751,47.6565],[-117.4721,47.6549],[-117.4652,47.6537],[-117.4634,47.653],[-117.4557,47.6474],[-117.4535,47.647],[-117.4507,47.6477]]}},{"type":"Feature","properties":{"n":1,"a":"amtrak"},"geometry":{"type":"LineString","coordinates":[[-122.6811,45.6274],[-122.6767,45.6243],[-122.665,45.6196],[-122.657,45.618],[-122.6508,45.6176],[-122.6246,45.618],[-122.6189,45.6168],[-122.606,45.612],[-122.5921,45.6087],[-122.5693,45.6035],[-122.5307,45.596],[-122.511,45.5898],[-122.4835,45.5853],[-122.4662,45.5826],[-122.4454,45.5777],[-122.4285,45.5781],[-122.4219,45.5789],[-122.4089,45.5831],[-122.4028,45.5842],[-122.4004,45.5844],[-122.3762,45.5824],[-122.3725,45.582],[-122.3428,45.5789],[-122.3409,45.5786],[-122.3363,45.5779],[-122.3216,45.5756],[-122.3063,45.5731],[-122.2953,45.5693],[-122.2891,45.5671],[-122.2662,45.5611],[-122.2578,45.5591],[-122.249,45.5585],[-122.2403,45.5584],[-122.2281,45.5593],[-122.2133,45.5622],[-122.2077,45.5654],[-122.2012,45.5668],[-122.1978,45.5692],[-122.1927,45.5741],[-122.1886,45.5756],[-122.1778,45.5808],[-122.1715,45.582],[-122.1666,45.5843],[-122.1468,45.5897],[-122.1294,45.5951],[-122.1232,45.5957],[-122.1193,45.5965],[-122.1161,45.5979],[-122.1094,45.6019],[-122.1064,45.6024],[-122.0997,45.602],[-122.0887,45.6058],[-122.0762,45.6069],[-122.0702,45.6076],[-122.0654,45.6086],[-122.05,45.6148],[-122.0372,45.618],[-122.0242,45.621],[-122.0219,45.6225],[-122.0193,45.6264],[-122.0175,45.6279],[-122.0151,45.629],[-122.0076,45.6308],[-122.0018,45.6344],[-121.9977,45.6366],[-121.9891,45.6401],[-121.986,45.6407],[-121.9759,45.6413],[-121.9705,45.6424],[-121.9602,45.6455],[-121.9437,45.6522],[-121.9401,45.6524],[-121.9339,45.651],[-121.9311,45.6509],[-121.9239,45.6517],[-121.9159,45.6534],[-121.9127,45.6543],[-121.9098,45.6558],[-121.9043,45.6622],[-121.9037,45.6639],[-121.9038,45.6653],[-121.905,45.6672],[-121.9064,45.6684],[-121.9082,45.6701],[-121.9091,45.6717],[-121.9096,45.6734],[-121.9094,45.6754],[-121.9074,45.6785],[-121.9026,45.6815],[-121.8979,45.6842],[-121.8858,45.6907],[-121.8795,45.6943],[-121.8736,45.6987],[-121.8607,45.701],[-121.8489,45.7055],[-121.8385,45.7083],[-121.8316,45.712],[-121.8221,45.7136],[-121.8145,45.7162],[-121.81,45.7164],[-121.8034,45.7152],[-121.7976,45.7164],[-121.7951,45.7164],[-121.7902,45.7151],[-121.7796,45.7117],[-121.7655,45.7072],[-121.7609,45.7039],[-121.7588,45.703],[-121.7562,45.7025],[-121.7451,45.7022],[-121.7423,45.7011],[-121.7388,45.6987],[-121.7355,45.6978],[-121.7329,45.6979],[-121.7253,45.6996],[-121.7167,45.6986],[-121.7057,45.6991],[-121.6943,45.7027],[-121.6852,45.7053],[-121.6759,45.7099],[-121.6722,45.7101],[-121.6653,45.7086],[-121.6569,45.7107],[-121.6514,45.7115],[-121.6378,45.7098],[-121.6267,45.7104],[-121.6234,45.7114],[-121.6163,45.7163],[-121.6094,45.7181],[-121.6041,45.7204],[-121.5845,45.7204],[-121.5687,45.7227],[-121.5599,45.7244],[-121.5525,45.7265],[-121.5456,45.7282],[-121.5333,45.7293],[-121.5258,45.7292],[-121.5217,45.7284],[-121.5177,45.7275],[-121.5091,45.7271],[-121.4957,45.7246],[-121.4921,45.7237],[-121.4797,45.7191],[-121.474,45.7169],[-121.4691,45.7151],[-121.4634,45.713],[-121.4624,45.7126],[-121.4468,45.7067],[-121.4335,45.7027],[-121.427,45.6999],[-121.4241,45.6993],[-121.4207,45.6993],[-121.4139,45.6992],[-121.3966,45.6976],[-121.3932,45.6987],[-121.3828,45.7048],[-121.3774,45.7067],[-121.3708,45.7076],[-121.3597,45.7071],[-121.349,45.7098],[-121.3458,45.7102],[-121.3416,45.7096],[-121.3239,45.7053],[-121.316,45.7049],[-121.2941,45.6977],[-121.2911,45.696],[-121.289,45.694],[-121.2868,45.6924],[-121.2831,45.6907],[-121.2772,45.6883],[-121.2723,45.6866],[-121.2657,45.686],[-121.2607,45.6845],[-121.2504,45.6823],[-121.242,45.6794],[-121.216,45.6741],[-121.2116,45.6722],[-121.2086,45.6699],[-121.2039,45.6639],[-121.1988,45.6586],[-121.1942,45.6463],[-121.1942,45.6405],[-121.193,45.6365],[-121.1912,45.6305],[-121.1931,45.6226],[-121.1925,45.6184],[-121.1911,45.6162],[-121.1888,45.614],[-121.1818,45.6109],[-121.1765,45.609],[-121.1714,45.6084],[-121.1612,45.6097],[-121.1495,45.6101],[-121.1455,45.6117],[-121.1384,45.6177],[-121.1281,45.6236],[-121.1087,45.6346],[-121.1029,45.6412],[-121.0952,45.647],[-121.092,45.6508],[-121.0893,45.6525],[-121.0712,45.6572],[-121.0586,45.6578],[-121.0436,45.6624],[-121.0367,45.6631],[-121.0318,45.6626],[-121.0179,45.6592]]}},{"type":"Feature","properties":{"n":1,"a":"amtrak"},"geometry":{"type":"LineString","coordinates":[[-122.6867,45.634],[-122.6883,45.6493],[-122.6884,45.6499],[-122.6884,45.6502],[-122.6902,45.662],[-122.6911,45.6679],[-122.6927,45.6779],[-122.6945,45.6808],[-122.6992,45.6843],[-122.7035,45.6876],[-122.7068,45.694],[-122.714,45.6999],[-122.7256,45.7137],[-122.7315,45.7248],[-122.7364,45.7377],[-122.744,45.7533],[-122.7463,45.7611],[-122.7458,45.7698],[-122.7424,45.7836],[-122.7426,45.7907],[-122.7396,45.7994],[-122.7392,45.8061],[-122.7408,45.8096],[-122.7461,45.8135],[-122.7479,45.8156],[-122.7486,45.8178],[-122.749,45.8239],[-122.749,45.8251],[-122.7494,45.8312],[-122.7486,45.8395],[-122.7481,45.844],[-122.7453,45.8493],[-122.745,45.852],[-122.7455,45.8537],[-122.7481,45.8578],[-122.751,45.8642],[-122.7526,45.8684],[-122.7551,45.9022],[-122.7552,45.9038],[-122.756,45.9143],[-122.7564,45.9197],[-122.7571,45.9285],[-122.7581,45.9306],[-122.7595,45.9321],[-122.797,45.9562],[-122.8066,45.96],[-122.8107,45.9624],[-122.8193,45.9704],[-122.8273,45.9811],[-122.8296,45.9843],[-122.8315,45.9866],[-122.8384,45.9926],[-122.8421,45.9959],[-122.8433,45.9974],[-122.8454,46.0054],[-122.8474,46.0099],[-122.8488,46.013],[-122.851,46.0178],[-122.8568,46.0306],[-122.8579,46.0331],[-122.8624,46.0436],[-122.8638,46.0518],[-122.8646,46.0556],[-122.8674,46.0614],[-122.8685,46.0673],[-122.8686,46.0701],[-122.8676,46.0752],[-122.8694,46.0843],[-122.8715,46.0889],[-122.8762,46.0958],[-122.8806,46.0997],[-122.8871,46.1037],[-122.8891,46.1064],[-122.8912,46.1101],[-122.8926,46.1118],[-122.9129,46.1273],[-122.915,46.1302],[-122.9159,46.1335],[-122.9157,46.1359],[-122.9136,46.1419],[-122.9134,46.1424],[-122.9123,46.146],[-122.9114,46.1517],[-122.9125,46.1564],[-122.9128,46.1595],[-122.9121,46.167],[-122.9113,46.1696],[-122.9096,46.1718],[-122.9046,46.1764],[-122.9007,46.1805],[-122.8991,46.1854],[-122.8966,46.1893],[-122.8964,46.191],[-122.8969,46.1926],[-122.9023,46.207],[-122.9028,46.211],[-122.9043,46.2158],[-122.9042,46.2183],[-122.903,46.2209],[-122.8978,46.2272],[-122.8926,46.2314],[-122.8899,46.2349],[-122.8885,46.2391],[-122.8883,46.2465],[-122.8854,46.2505],[-122.8849,46.2526],[-122.8858,46.2549],[-122.8991,46.2715],[-122.9059,46.2804],[-122.9059,46.2878],[-122.9127,46.3015],[-122.9187,46.326],[-122.9215,46.3357],[-122.9228,46.3373],[-122.9309,46.3436],[-122.9333,46.3459],[-122.9344,46.3483],[-122.9328,46.3539],[-122.934,46.3619],[-122.936,46.365],[-122.9414,46.3702],[-122.947,46.3775],[-122.9492,46.384],[-122.9509,46.3854],[-122.9549,46.3874],[-122.9574,46.3895],[-122.9581,46.3943],[-122.9623,46.3997],[-122.9628,46.4031],[-122.9632,46.4171],[-122.9636,46.4207],[-122.9651,46.4261],[-122.9653,46.4307],[-122.9648,46.4334],[-122.9605,46.4426],[-122.9546,46.4602],[-122.9497,46.473],[-122.9477,46.4767],[-122.9383,46.4901],[-122.9376,46.4934],[-122.9369,46.4972],[-122.934,46.5009],[-122.9326,46.5034],[-122.9335,46.5072],[-122.9354,46.5098],[-122.9429,46.517],[-122.9442,46.5197],[-122.9364,46.5413],[-122.9333,46.546],[-122.9105,46.5738],[-122.9089,46.5758],[-122.9084,46.5773],[-122.9086,46.579],[-122.9098,46.5808],[-122.926,46.5914],[-122.9293,46.5953],[-122.9309,46.5998],[-122.9319,46.6013],[-122.9342,46.6027],[-122.9395,46.6046],[-122.9519,46.6136],[-122.9637,46.6266],[-122.9666,46.6306],[-122.9684,46.6346],[-122.9691,46.6377],[-122.9697,46.6474],[-122.9702,46.6512],[-122.9703,46.6525],[-122.9714,46.661],[-122.9718,46.6637],[-122.9722,46.6671],[-122.9723,46.6716],[-122.9711,46.6752],[-122.971,46.6756],[-122.9524,46.7179],[-122.9514,46.7199],[-122.9508,46.7213],[-122.945,46.7356],[-122.9432,46.739],[-122.942,46.7408],[-122.9382,46.7468],[-122.9369,46.7499],[-122.9359,46.7551],[-122.9291,46.764],[-122.9241,46.7684],[-122.8888,46.7905],[-122.8819,46.7926],[-122.873,46.7962],[-122.8712,46.7974],[-122.8678,46.8009],[-122.863,46.8066],[-122.8625,46.8085],[-122.8623,46.8137],[-122.8615,46.8358],[-122.8611,46.8462],[-122.8609,46.8586],[-122.8665,46.8738],[-122.8611,46.9016],[-122.8522,46.9468],[-122.8511,46.9491],[-122.8487,46.9518],[-122.8321,46.9695],[-122.8255,46.9766],[-122.8213,46.979],[-122.7941,46.9916],[-122.7539,47.0102],[-122.7233,47.0243],[-122.7201,47.0259],[-122.7175,47.0279],[-122.708,47.0404],[-122.6927,47.0552],[-122.6915,47.0568],[-122.6912,47.0581],[-122.6918,47.0602],[-122.694,47.063],[-122.6946,47.065],[-122.6949,47.0705],[-122.6929,47.0738],[-122.6901,47.0763],[-122.6783,47.0794],[-122.6747,47.0826],[-122.6596,47.0847],[-122.6412,47.0892],[-122.6298,47.0921],[-122.6191,47.0947],[-122.6071,47.1005],[-122.5897,47.1055],[-122.5716,47.1107],[-122.5624,47.116],[-122.549,47.1238]]}},{"type":"Feature","properties":{"n":1,"a":"amtrak"},"geometry":{"type":"LineString","coordinates":[[-122.6867,45.634],[-122.6865,45.6327],[-122.6863,45.6323],[-122.685,45.6306],[-122.6843,45.63],[-122.6841,45.6299],[-122.6811,45.6274]]}},{"type":"Feature","properties":{"n":1,"a":"amtrak"},"geometry":{"type":"LineString","coordinates":[[-122.1964,47.9736],[-122.1963,47.9733],[-122.1959,47.9726],[-122.1956,47.9721],[-122.1939,47.9713],[-122.1918,47.9716],[-122.1909,47.9725],[-122.1893,47.9761],[-122.1865,47.9779],[-122.1818,47.9803],[-122.1814,47.9805],[-122.1786,47.9828],[-122.1782,47.9847],[-122.1801,47.9914],[-122.1822,47.9942],[-122.1824,47.9946],[-122.1831,47.9969],[-122.1834,47.9979],[-122.1861,48.0045],[-122.1871,48.0089],[-122.1873,48.0095],[-122.1874,48.0098],[-122.1877,48.0104],[-122.1879,48.0109],[-122.1881,48.0114],[-122.1883,48.0119],[-122.1885,48.0124],[-122.189,48.0133],[-122.1895,48.0142],[-122.1894,48.0152],[-122.1893,48.0159],[-122.1805,48.0493],[-122.1799,48.0528],[-122.1789,48.0591],[-122.1737,48.0924],[-122.1741,48.0957],[-122.1756,48.0999],[-122.1765,48.1024],[-122.1814,48.116],[-122.1839,48.1226],[-122.1883,48.1284],[-122.2095,48.1559],[-122.2227,48.1708],[-122.2316,48.1783],[-122.2378,48.1902],[-122.2408,48.1938],[-122.2427,48.1954],[-122.25,48.1989],[-122.2592,48.2034],[-122.2639,48.2072],[-122.2666,48.2086],[-122.3367,48.2313],[-122.3423,48.2344],[-122.3475,48.2397],[-122.3496,48.2422],[-122.3529,48.2461],[-122.362,48.2565],[-122.3644,48.2594],[-122.366,48.2624],[-122.3666,48.2657],[-122.3664,48.2681],[-122.3535,48.2976],[-122.3451,48.317],[-122.3428,48.3378],[-122.3425,48.3403],[-122.3374,48.3923],[-122.3355,48.4119],[-122.3352,48.4188],[-122.3355,48.4214],[-122.3382,48.4255],[-122.338,48.4272],[-122.3369,48.4286],[-122.3304,48.4355],[-122.3259,48.4408],[-122.3242,48.4484],[-122.3244,48.4509],[-122.3267,48.462],[-122.3269,48.4626],[-122.3281,48.4697],[-122.3286,48.4716],[-122.3305,48.4795],[-122.333,48.4915],[-122.337,48.5106],[-122.3379,48.512],[-122.364,48.5244],[-122.3709,48.5276],[-122.3729,48.5293],[-122.3951,48.5606],[-122.4118,48.584],[-122.4219,48.5981],[-122.4245,48.6002],[-122.4318,48.6042],[-122.433,48.6059],[-122.4349,48.6091],[-122.4399,48.6145],[-122.4487,48.623],[-122.454,48.6239],[-122.4577,48.6251],[-122.4636,48.626],[-122.4704,48.631],[-122.4801,48.6402],[-122.4847,48.6423],[-122.4881,48.6452],[-122.4921,48.6508],[-122.4919,48.653],[-122.4923,48.654],[-122.4973,48.6566],[-122.4999,48.6614],[-122.499,48.6633],[-122.4903,48.6688],[-122.4891,48.6703],[-122.4895,48.6788],[-122.4923,48.6876],[-122.4962,48.6948],[-122.4983,48.6966],[-122.5002,48.6972],[-122.5114,48.6982],[-122.5141,48.6994],[-122.5152,48.7012],[-122.5141,48.7046],[-122.5148,48.7063],[-122.5186,48.7122],[-122.519,48.7135],[-122.5182,48.7172],[-122.5153,48.719],[-122.509,48.7215],[-122.5061,48.7231],[-122.5057,48.7279],[-122.5004,48.7327],[-122.495,48.7375],[-122.4907,48.7413],[-122.4897,48.742],[-122.4871,48.7456],[-122.4854,48.747],[-122.4832,48.7486],[-122.4826,48.7498],[-122.4833,48.7514],[-122.4857,48.7531],[-122.4888,48.7551],[-122.492,48.7571],[-122.4937,48.7577],[-122.495,48.7581],[-122.5037,48.7606],[-122.5063,48.7614],[-122.5177,48.765],[-122.5264,48.7679],[-122.5301,48.7715],[-122.5342,48.7759],[-122.5385,48.7775],[-122.5412,48.7796],[-122.5457,48.7806],[-122.5498,48.7841],[-122.5615,48.7895],[-122.5634,48.7916],[-122.5649,48.7966],[-122.5663,48.8012],[-122.5663,48.8028],[-122.5629,48.8126],[-122.5678,48.8216],[-122.5784,48.8392],[-122.5896,48.8469],[-122.5905,48.8482],[-122.5906,48.8495],[-122.5905,48.8525],[-122.5904,48.8533],[-122.5897,48.878],[-122.59,48.8819],[-122.5925,48.885],[-122.6296,48.9098],[-122.6374,48.915],[-122.6404,48.9171],[-122.662,48.9313],[-122.6908,48.9505],[-122.7118,48.9644],[-122.7177,48.9684],[-122.7406,48.9835],[-122.7478,48.9859],[-122.7504,48.9871],[-122.752,48.9891],[-122.7526,48.9951],[-122.7538,48.9974],[-122.7569,49.0014],[-122.7572,49.0017],[-122.7575,49.0021]]}},{"type":"Feature","properties":{"n":1,"a":"amtrak"},"geometry":{"type":"LineString","coordinates":[[-119.1083,46.2806],[-119.1111,46.2864],[-119.1129,46.2929],[-119.1162,46.3079],[-119.1176,46.3133],[-119.12,46.3238],[-119.1194,46.3263],[-119.1175,46.3288],[-119.1135,46.3339],[-119.1069,46.342],[-119.0983,46.3501],[-119.0913,46.3569],[-119.0682,46.3876],[-119.0602,46.4005],[-119.0541,46.4127],[-119.0518,46.4157],[-119.0422,46.4252],[-119.0302,46.4317],[-119.0274,46.434],[-119.0171,46.4535],[-119.0148,46.4596],[-119.014,46.4638],[-119.012,46.4805],[-119.0122,46.4828],[-119.0137,46.4878],[-119.0166,46.4974],[-119.0147,46.5149],[-119.016,46.5333],[-119.0141,46.5381],[-119.0023,46.554],[-119.0006,46.5573],[-118.9998,46.5637],[-119.002,46.5678],[-119.0057,46.5717],[-119.0074,46.5736],[-119.0084,46.5756],[-119.0084,46.5799],[-119.0075,46.5824],[-119.0052,46.5847],[-118.9988,46.5873],[-118.9747,46.5954],[-118.9625,46.5983],[-118.9548,46.6002],[-118.9452,46.6028],[-118.9267,46.6143],[-118.9229,46.6169],[-118.9194,46.6224],[-118.9072,46.6304],[-118.9,46.6336],[-118.8948,46.6366],[-118.8874,46.6377],[-118.8837,46.6396],[-118.8815,46.6423],[-118.8783,46.6515],[-118.8773,46.654],[-118.876,46.6554],[-118.8674,46.6584],[-118.8662,46.6589],[-118.8638,46.6604],[-118.863,46.6619],[-118.8628,46.6639],[-118.864,46.6744],[-118.8648,46.6766],[-118.8666,46.6788],[-118.868,46.6813],[-118.869,46.6866],[-118.8729,46.6931],[-118.8754,46.696],[-118.8755,46.7003],[-118.8807,46.7036],[-118.8815,46.7055],[-118.8816,46.7075],[-118.8806,46.7099],[-118.8771,46.7139],[-118.8658,46.7186],[-118.8644,46.7197],[-118.8638,46.7215],[-118.8634,46.7261],[-118.8616,46.7296],[-118.8622,46.732],[-118.8621,46.7331],[-118.8612,46.7341],[-118.858,46.7357],[-118.8557,46.7383],[-118.8507,46.7396],[-118.8478,46.7425],[-118.843,46.7439],[-118.8392,46.7491],[-118.8341,46.7522],[-118.8309,46.7624],[-118.8266,46.7691],[-118.8263,46.7716],[-118.826,46.776],[-118.8241,46.7804],[-118.8168,46.796],[-118.8104,46.8097],[-118.8091,46.8159],[-118.8088,46.8183],[-118.8085,46.8207],[-118.8079,46.8246],[-118.8061,46.8375],[-118.8053,46.8395],[-118.7959,46.8479],[-118.7924,46.8536],[-118.7911,46.8572],[-118.7878,46.8622],[-118.7718,46.877],[-118.7684,46.8804],[-118.766,46.8845],[-118.7641,46.8894],[-118.7574,46.8961],[-118.755,46.8969],[-118.7485,46.8977],[-118.7342,46.9023],[-118.7308,46.9046],[-118.7299,46.9059],[-118.7299,46.907],[-118.7306,46.9081],[-118.7341,46.9107],[-118.7344,46.9118],[-118.734,46.913],[-118.7271,46.9225],[-118.722,46.9258],[-118.7173,46.9264],[-118.7156,46.9268],[-118.7127,46.9288],[-118.711,46.9309],[-118.7103,46.9347],[-118.711,46.9367],[-118.7126,46.9392],[-118.7119,46.9412],[-118.7092,46.9426],[-118.7051,46.9423],[-118.7031,46.9426],[-118.6934,46.9483],[-118.6915,46.9515],[-118.6903,46.9526],[-118.6775,46.9577],[-118.6657,46.9657],[-118.657,46.9667],[-118.6507,46.9658],[-118.646,46.9657],[-118.6312,46.9702],[-118.6256,46.9708],[-118.6222,46.9706],[-118.6141,46.9701],[-118.6113,46.97],[-118.5824,46.9683],[-118.5783,46.9682],[-118.575,46.9697],[-118.5477,46.9983],[-118.5453,47.0003],[-118.5321,47.0075],[-118.5197,47.0121],[-118.5144,47.0149],[-118.4939,47.021],[-118.4884,47.0231],[-118.4724,47.0303],[-118.4607,47.0377],[-118.447,47.0462],[-118.4373,47.0512],[-118.4244,47.0555],[-118.421,47.0585],[-118.4138,47.0674],[-118.4131,47.0688],[-118.4151,47.0839],[-118.4152,47.0859],[-118.4136,47.0944],[-118.4112,47.101],[-118.4067,47.1059],[-118.3845,47.1224],[-118.3775,47.1282],[-118.3746,47.1305],[-118.3709,47.1336],[-118.3654,47.1376],[-118.3491,47.1451],[-118.3453,47.1468],[-118.3215,47.1578],[-118.3197,47.1592],[-118.312,47.1676],[-118.3017,47.1798],[-118.2848,47.2011],[-118.2811,47.2048],[-118.2767,47.2074],[-118.2556,47.2144],[-118.2361,47.2203],[-118.2299,47.2219],[-118.1893,47.2318],[-118.1521,47.241],[-118.1511,47.2412],[-118.1369,47.2446],[-118.1009,47.249],[-118.09,47.2539],[-118.0779,47.2576],[-118.0727,47.2607],[-118.0675,47.2633],[-118.0601,47.2678],[-118.0573,47.2712],[-118.052,47.2762],[-118.045,47.2814],[-118.0368,47.2845],[-118.032,47.2852],[-118.0291,47.287],[-118.0281,47.2879],[-118.0256,47.2929],[-118.0219,47.2957],[-118.0099,47.2997],[-118.0071,47.2998],[-118.0005,47.2986],[-117.9903,47.3001],[-117.9706,47.3015],[-117.9628,47.302],[-117.9513,47.3005],[-117.9449,47.3002],[-117.9329,47.3008],[-117.9257,47.3017],[-117.9208,47.3037],[-117.9114,47.3098],[-117.9086,47.3125],[-117.9039,47.3192],[-117.8999,47.3243],[-117.8933,47.3298],[-117.888,47.3332],[-117.884,47.3359],[-117.876,47.3425],[-117.8687,47.3463],[-117.864,47.3497],[-117.8623,47.3521],[-117.8604,47.358],[-117.8584,47.3609],[-117.8556,47.3634],[-117.8492,47.3678],[-117.8415,47.3742],[-117.838,47.3794],[-117.8333,47.3845],[-117.8231,47.3982],[-117.8177,47.4057],[-117.8144,47.4102],[-117.8107,47.4141],[-117.803,47.4202],[-117.7999,47.4235],[-117.796,47.4261],[-117.7928,47.4301],[-117.7884,47.4321],[-117.7797,47.4349],[-117.7758,47.4361],[-117.7651,47.4376],[-117.739,47.4457],[-117.7143,47.4481],[-117.7061,47.4494],[-117.6964,47.4496],[-117.6817,47.4547],[-117.6713,47.4563],[-117.6359,47.4612],[-117.6185,47.4638],[-117.6093,47.4667],[-117.6034,47.4696],[-117.5806,47.4826],[-117.575,47.4861],[-117.5673,47.4924],[-117.564,47.4945],[-117.5603,47.4955],[-117.5539,47.496],[-117.5478,47.4989],[-117.5463,47.5003],[-117.5434,47.505],[-117.5357,47.51],[-117.5289,47.5116],[-117.5218,47.5121],[-117.518,47.5136],[-117.5146,47.5171],[-117.5098,47.5201],[-117.5086,47.5214],[-117.5083,47.5233],[-117.5098,47.528],[-117.5099,47.5307],[-117.5085,47.5338],[-117.5058,47.5383],[-117.5054,47.5399],[-117.5079,47.5464],[-117.5086,47.5488],[-117.5077,47.5511],[-117.5008,47.5559],[-117.4981,47.5578],[-117.4968,47.5593],[-117.494,47.5665],[-117.4925,47.5683],[-117.4896,47.5698],[-117.4799,47.5719],[-117.4742,47.5734],[-117.4699,47.576],[-117.4625,47.5846],[-117.4497,47.5968],[-117.4468,47.5995],[-117.4459,47.6012],[-117.4431,47.612],[-117.4529,47.6447],[-117.4525,47.6465],[-117.4507,47.6477]]}},{"type":"Feature","properties":{"n":1,"a":"amtrak"},"geometry":{"type":"LineString","coordinates":[[-121.0083,45.6595],[-121.0046,45.6596],[-121.0019,45.6591],[-120.9901,45.655],[-120.9859,45.6536],[-120.9829,45.6532],[-120.9795,45.6534],[-120.9758,45.6544],[-120.9678,45.6571],[-120.9588,45.66],[-120.9531,45.6611],[-120.9466,45.6613],[-120.9374,45.6601],[-120.9347,45.6597],[-120.9259,45.6568],[-120.9112,45.6569],[-120.9082,45.6573],[-120.9014,45.66],[-120.8945,45.6637],[-120.8853,45.6644],[-120.877,45.6686],[-120.8672,45.6697],[-120.8568,45.6769],[-120.8499,45.6781],[-120.841,45.6812],[-120.8294,45.6845],[-120.8207,45.6882],[-120.8132,45.6894],[-120.8034,45.6905],[-120.7947,45.6901],[-120.791,45.6905],[-120.7822,45.6927],[-120.7755,45.6961],[-120.7681,45.6986],[-120.7603,45.6999],[-120.7565,45.7006],[-120.7455,45.7049],[-120.731,45.7102],[-120.7115,45.7171],[-120.6847,45.7289],[-120.6779,45.7331],[-120.6603,45.7411],[-120.6459,45.7468],[-120.638,45.7489],[-120.6234,45.752],[-120.6077,45.7523],[-120.6017,45.752],[-120.5832,45.7497],[-120.5683,45.7466],[-120.5464,45.7397],[-120.5339,45.7332],[-120.5079,45.7106],[-120.5053,45.7089],[-120.5027,45.7079],[-120.4789,45.7021],[-120.4294,45.7049],[-120.4061,45.7059],[-120.3859,45.7083],[-120.3753,45.7103],[-120.3621,45.7106],[-120.3504,45.713],[-120.3307,45.715],[-120.3095,45.7191],[-120.2912,45.7245],[-120.2859,45.7255],[-120.2794,45.7265],[-120.2714,45.726],[-120.2618,45.726],[-120.2538,45.7271],[-120.2432,45.7274],[-120.232,45.7289],[-120.2281,45.7306],[-120.1989,45.7498],[-120.1913,45.7548],[-120.1898,45.7564],[-120.1866,45.7616],[-120.1828,45.764],[-120.1707,45.7703],[-120.1569,45.7758],[-120.1495,45.7794],[-120.142,45.7813],[-120.1173,45.7853],[-120.0923,45.7882],[-120.0821,45.7906],[-120.0697,45.7946],[-120.0639,45.7978],[-120.0483,45.803],[-120.0366,45.8083],[-120.0276,45.8105],[-120.0227,45.8125],[-120.0176,45.8146],[-119.9961,45.8208],[-119.9892,45.823],[-119.9778,45.8277],[-119.9675,45.8299],[-119.958,45.8305],[-119.9485,45.833],[-119.9335,45.8356],[-119.9232,45.8351],[-119.9156,45.8345],[-119.9042,45.836],[-119.8913,45.8392],[-119.8776,45.841],[-119.8709,45.8429],[-119.868,45.8444],[-119.8661,45.8466],[-119.8635,45.8525],[-119.858,45.8599],[-119.8494,45.8665],[-119.8457,45.8681],[-119.8414,45.869],[-119.8335,45.8696],[-119.8227,45.8693],[-119.8049,45.8653],[-119.7969,45.865],[-119.7771,45.8658],[-119.7605,45.8705],[-119.7437,45.8753],[-119.7317,45.8763],[-119.702,45.8837],[-119.6982,45.8852],[-119.6955,45.8877],[-119.6876,45.8972],[-119.6748,45.9049],[-119.6394,45.9205],[-119.6215,45.9265],[-119.6015,45.933],[-119.5936,45.9345],[-119.5798,45.937],[-119.5546,45.9393],[-119.5371,45.938],[-119.5199,45.9347],[-119.5096,45.9301],[-119.5057,45.9289],[-119.465,45.9195],[-119.461,45.9191],[-119.4472,45.9216],[-119.4296,45.9236],[-119.3918,45.9334],[-119.3902,45.9338],[-119.3687,45.9392],[-119.3603,45.9401],[-119.3528,45.9399],[-119.3269,45.9389],[-119.3218,45.9398],[-119.306,45.944],[-119.265,45.9484],[-119.2522,45.9481],[-119.2484,45.9476],[-119.2385,45.9453],[-119.217,45.9381],[-119.2056,45.9359],[-119.1784,45.9341],[-119.1707,45.9347],[-119.155,45.9371],[-119.1268,45.9415],[-119.1175,45.9428],[-119.1005,45.9478],[-119.0661,45.9644],[-119.036,45.9726],[-119.0298,45.9751],[-119.015,45.9839],[-119.0079,45.9894],[-118.9984,46.0006],[-118.9967,46.0042],[-118.9955,46.0057],[-118.9584,46.0324],[-118.9558,46.0373],[-118.9555,46.0403],[-118.9557,46.0469],[-118.9515,46.0618],[-118.9513,46.064],[-118.9518,46.0671],[-118.9541,46.0781],[-118.9552,46.0811],[-118.9574,46.0842],[-118.9664,46.0927],[-118.9685,46.0953],[-118.974,46.1086],[-118.9759,46.1116],[-118.9789,46.1144],[-119.0138,46.1406],[-119.0307,46.1532],[-119.0789,46.1892],[-119.0883,46.1963],[-119.0997,46.2048],[-119.1009,46.2062],[-119.1016,46.2091],[-119.1001,46.2119],[-119.0976,46.2149],[-119.0931,46.2206],[-119.0916,46.2224],[-119.0882,46.2264],[-119.0859,46.2292],[-119.0856,46.2296]]}},{"type":"Feature","properties":{"n":1,"a":"amtrak"},"geometry":{"type":"LineString","coordinates":[[-117.4411,47.6519],[-117.434,47.6552],[-117.4306,47.6555],[-117.4152,47.6559],[-117.4091,47.6578],[-117.4044,47.6585],[-117.4033,47.6587],[-117.4007,47.659],[-117.3971,47.6582],[-117.3924,47.6582],[-117.3814,47.6603],[-117.3802,47.6605],[-117.3783,47.6609],[-117.3774,47.6611],[-117.3488,47.6669],[-117.3459,47.6674],[-117.3222,47.6722],[-117.3134,47.674],[-117.3125,47.6742],[-117.3104,47.6746],[-117.3082,47.675],[-117.3077,47.6752],[-117.3045,47.6758],[-117.3025,47.6762]]}},{"type":"Feature","properties":{"n":1,"a":"amtrak"},"geometry":{"type":"LineString","coordinates":[[-117.3025,47.6762],[-117.2828,47.6802],[-117.2718,47.6825],[-117.2405,47.6888]]}},{"type":"Feature","properties":{"n":1,"a":"amtrak"},"geometry":{"type":"LineString","coordinates":[[-117.4423,47.6512],[-117.4411,47.6519]]}},{"type":"Feature","properties":{"n":1,"a":"amtrak"},"geometry":{"type":"LineString","coordinates":[[-117.3025,47.6762],[-117.298,47.6776],[-117.2831,47.6802],[-117.2721,47.6828],[-117.2451,47.6882],[-117.2405,47.6888]]}},{"type":"Feature","properties":{"n":1,"a":"amtrak"},"geometry":{"type":"LineString","coordinates":[[-121.0179,45.6592],[-121.0142,45.659],[-121.0083,45.6595]]}},{"type":"Feature","properties":{"n":1,"a":"amtrak"},"geometry":{"type":"LineString","coordinates":[[-117.4507,47.6477],[-117.4411,47.6519]]}},{"type":"Feature","properties":{"n":1,"a":"amtrak"},"geometry":{"type":"LineString","coordinates":[[-122.1964,47.9736],[-122.1982,47.9775]]}},{"type":"Feature","properties":{"n":1,"a":"amtrak"},"geometry":{"type":"LineString","coordinates":[[-119.0874,46.2377],[-119.0888,46.2405],[-119.1028,46.2691],[-119.1035,46.2705],[-119.1044,46.2723]]}},{"type":"Feature","properties":{"n":1,"a":"amtrak"},"geometry":{"type":"LineString","coordinates":[[-119.0856,46.2296],[-119.0846,46.2309],[-119.0844,46.2323],[-119.0874,46.2377]]}},{"type":"Feature","properties":{"n":1,"a":"amtrak"},"geometry":{"type":"LineString","coordinates":[[-121.0179,45.6592],[-121.017,45.6589],[-121.013,45.6586],[-121.0083,45.6595]]}},{"type":"Feature","properties":{"n":1,"a":"amtrak"},"geometry":{"type":"LineString","coordinates":[[-119.1044,46.2723],[-119.1051,46.2754],[-119.1055,46.2761],[-119.1062,46.2774],[-119.1083,46.2806]]}},{"type":"Feature","properties":{"n":1,"a":"amtrak"},"geometry":{"type":"LineString","coordinates":[[-119.1044,46.2723],[-119.1083,46.2806]]}},{"type":"Feature","properties":{"n":1,"a":"amtrak"},"geometry":{"type":"LineString","coordinates":[[-119.0856,46.2296],[-119.0844,46.2313],[-119.0845,46.2333],[-119.0853,46.2349],[-119.0865,46.2365],[-119.0874,46.2377]]}},{"type":"Feature","properties":{"n":1,"a":"amtrak"},"geometry":{"type":"LineString","coordinates":[[-118.2121,34.064],[-118.2057,34.0652],[-118.2027,34.0653],[-118.1992,34.0647],[-118.1838,34.062],[-118.1809,34.0633],[-118.1779,34.0669]]}},{"type":"Feature","properties":{"n":1,"a":"amtrak"},"geometry":{"type":"LineString","coordinates":[[-116.0847,40.721],[-116.084,40.7211],[-116.0776,40.7226],[-116.0744,40.7233],[-116.0674,40.7247],[-116.0616,40.725],[-116.0573,40.7251],[-116.0527,40.7252],[-116.0292,40.7256],[-116.0245,40.725],[-116.0201,40.7237],[-116.0065,40.7169],[-116.0022,40.7154],[-115.9826,40.7131],[-115.9782,40.7147],[-115.9585,40.7274],[-115.9537,40.7311],[-115.9492,40.7362],[-115.9435,40.7473],[-115.9402,40.7522],[-115.9348,40.7575],[-115.9277,40.7621],[-115.9192,40.7658],[-115.9078,40.7721],[-115.8697,40.7838],[-115.8501,40.7925],[-115.8064,40.8165],[-115.7941,40.8206],[-115.7887,40.8218],[-115.7852,40.8221],[-115.7804,40.8226],[-115.7777,40.8228],[-115.7708,40.8235],[-115.7705,40.8235],[-115.7673,40.8239],[-115.7643,40.8249],[-115.7585,40.8295],[-115.7515,40.8354],[-115.7486,40.839],[-115.743,40.8476],[-115.7411,40.8499],[-115.7304,40.8589],[-115.7265,40.8627],[-115.723,40.8678],[-115.7145,40.8813],[-115.7091,40.8884],[-115.7062,40.8922],[-115.6868,40.9172],[-115.6831,40.92],[-115.6757,40.924],[-115.6684,40.9279],[-115.6624,40.9311],[-115.6568,40.9337],[-115.6498,40.9359],[-115.6078,40.9441],[-115.6044,40.9442],[-115.5992,40.9428],[-115.5928,40.9408],[-115.556,40.9299],[-115.5517,40.929],[-115.521,40.9277],[-115.5113,40.9286],[-115.4936,40.9303],[-115.4879,40.9309],[-115.4837,40.9319],[-115.4658,40.9388],[-115.4603,40.9424],[-115.4568,40.9465],[-115.4441,40.9664],[-115.4262,40.9943],[-115.4217,40.9995],[-115.4158,41.0045],[-115.3818,41.0282],[-115.3524,41.0435],[-115.3481,41.0454],[-115.2813,41.0632],[-115.2739,41.0657],[-115.2637,41.0696],[-115.2629,41.0699],[-115.2507,41.0748],[-115.2496,41.0753]]}},{"type":"Feature","properties":{"n":1,"a":"amtrak"},"geometry":{"type":"LineString","coordinates":[[-121.2739,37.9471],[-121.2728,37.9473],[-121.2693,37.9479],[-121.2654,37.9489],[-121.2597,37.9504],[-121.2545,37.9512],[-121.2518,37.9508],[-121.249,37.9498],[-121.2405,37.9461],[-121.231,37.941],[-121.2268,37.9385],[-121.2171,37.9328],[-121.2039,37.9249],[-121.185,37.9137],[-121.1643,37.9013],[-121.1429,37.8885],[-121.123,37.8766],[-121.0963,37.8606],[-121.0248,37.8178],[-121.013,37.8091],[-120.9959,37.7962],[-120.9548,37.7651],[-120.9495,37.7609],[-120.947,37.7575],[-120.9421,37.7423],[-120.9397,37.7349],[-120.9389,37.7329],[-120.9386,37.7323],[-120.9381,37.731],[-120.9298,37.7112],[-120.9209,37.6898],[-120.9122,37.669],[-120.9093,37.6599],[-120.9064,37.6492],[-120.9032,37.637],[-120.9001,37.6249],[-120.8983,37.6198],[-120.8876,37.6112],[-120.8762,37.6022],[-120.8727,37.5994],[-120.8721,37.599],[-120.8666,37.5941],[-120.8466,37.5746],[-120.8298,37.5582],[-120.8144,37.5431],[-120.798,37.527],[-120.7934,37.5225],[-120.7587,37.4886],[-120.7518,37.4823],[-120.7355,37.4721],[-120.71,37.4562],[-120.6836,37.4396],[-120.6785,37.4364],[-120.6764,37.4342],[-120.6727,37.4239],[-120.6703,37.4209],[-120.6207,37.39],[-120.593,37.3727],[-120.5668,37.3564],[-120.5192,37.3267],[-120.5093,37.3206],[-120.503,37.3172],[-120.4829,37.3098],[-120.4485,37.2971],[-120.4412,37.295],[-120.4209,37.2949],[-120.4092,37.295],[-120.385,37.2956],[-120.3795,37.2958],[-120.3428,37.2954],[-120.3319,37.2952],[-120.3281,37.2943],[-120.3258,37.293],[-120.313,37.2827],[-120.2532,37.2347],[-120.2299,37.216],[-120.183,37.1782],[-120.1799,37.1743],[-120.1754,37.1649],[-120.1595,37.1385],[-120.1537,37.1302],[-120.1276,37.0941],[-120.0969,37.0514],[-120.0803,37.0283],[-120.0778,37.025],[-120.0751,37.0224],[-120.0263,36.9822],[-120.0233,36.9792],[-120.0206,36.9761],[-120.0041,36.9575],[-119.9721,36.9214],[-119.9702,36.9193],[-119.9433,36.8888],[-119.9242,36.8672],[-119.9147,36.8566],[-119.9109,36.8533],[-119.9061,36.8502],[-119.8653,36.8238],[-119.8396,36.8072],[-119.8084,36.7867],[-119.7901,36.7634],[-119.7875,36.7599],[-119.7872,36.758],[-119.7871,36.7434],[-119.7865,36.7423],[-119.7824,36.7385],[-119.7733,36.7302],[-119.7725,36.7288],[-119.7724,36.7267],[-119.7724,36.7241],[-119.7724,36.7215],[-119.7724,36.7208],[-119.7725,36.7153],[-119.772,36.7136],[-119.7654,36.7073],[-119.756,36.7007],[-119.7514,36.6973],[-119.7504,36.6942],[-119.7503,36.6939],[-119.7503,36.6932],[-119.7503,36.6929],[-119.7501,36.6904],[-119.7503,36.6188],[-119.7502,36.6015],[-119.7482,36.592],[-119.7449,36.5781],[-119.7424,36.5678],[-119.7413,36.5634],[-119.7389,36.5547],[-119.7297,36.5332],[-119.7187,36.5078],[-119.691,36.4436],[-119.6865,36.4333],[-119.6852,36.4306],[-119.6825,36.4287],[-119.6786,36.4268],[-119.6766,36.4253],[-119.6678,36.4143],[-119.6649,36.4106],[-119.664,36.4085],[-119.664,36.3882],[-119.664,36.3568],[-119.6636,36.3458],[-119.6522,36.3262],[-119.6504,36.3176],[-119.6475,36.3007],[-119.646,36.2919],[-119.6459,36.282],[-119.6459,36.2688],[-119.6459,36.2686],[-119.6459,36.2599],[-119.6459,36.2293],[-119.6459,36.2246],[-119.6457,36.2219],[-119.6447,36.2188],[-119.64,36.2119],[-119.6347,36.2047],[-119.5776,36.1266],[-119.5647,36.1091],[-119.5597,36.1021],[-119.5592,36.1016],[-119.5571,36.0987],[-119.5544,36.0949],[-119.5515,36.0909],[-119.5487,36.0871],[-119.5481,36.0863],[-119.5363,36.0702],[-119.5095,36.0335],[-119.484,35.9986],[-119.4795,35.9925],[-119.4724,35.9828],[-119.4672,35.9756],[-119.4264,35.9197],[-119.4177,35.9078],[-119.3965,35.8788],[-119.3857,35.864],[-119.3798,35.8558],[-119.3761,35.85],[-119.3555,35.7902],[-119.3502,35.7748],[-119.3413,35.749],[-119.3311,35.7193],[-119.3306,35.7148],[-119.3307,35.6975],[-119.331,35.671],[-119.3315,35.6209],[-119.3316,35.6153],[-119.3317,35.5962],[-119.3318,35.5948],[-119.3318,35.5858],[-119.332,35.5716],[-119.332,35.5655],[-119.3317,35.5617],[-119.3305,35.5586],[-119.3233,35.545],[-119.3207,35.5415],[-119.2688,35.499],[-119.2676,35.498],[-119.2542,35.4871],[-119.2529,35.4859],[-119.2401,35.4755],[-119.2278,35.4654],[-119.2027,35.4448],[-119.1992,35.442],[-119.1889,35.4335],[-119.1657,35.4145],[-119.1359,35.3901],[-119.1202,35.3775],[-119.1163,35.3764],[-119.107,35.3764],[-119.0731,35.3763],[-119.0724,35.3763],[-119.0665,35.3763],[-119.0631,35.376],[-119.0601,35.3747],[-119.056,35.3723],[-119.0529,35.3715],[-119.0513,35.3715],[-119.0335,35.3715],[-119.0228,35.3715],[-119.0205,35.3714],[-119.0119,35.3714],[-119.0096,35.3715],[-119.0052,35.372],[-118.9992,35.3728],[-118.9839,35.3747],[-118.9802,35.3744]]}},{"type":"Feature","properties":{"n":1,"a":"amtrak"},"geometry":{"type":"LineString","coordinates":[[-122.1804,37.7367],[-122.1819,37.7381],[-122.1934,37.7481],[-122.1952,37.7496],[-122.1965,37.7508],[-122.1984,37.7524],[-122.1999,37.7537],[-122.2022,37.7557],[-122.2119,37.7642],[-122.2197,37.7696],[-122.2264,37.7743],[-122.2314,37.7777],[-122.2388,37.7828],[-122.2427,37.7853],[-122.2473,37.7874],[-122.2531,37.7893],[-122.2598,37.7906],[-122.2618,37.7909],[-122.2673,37.7921],[-122.2677,37.7922],[-122.2716,37.7933],[-122.2739,37.7943],[-122.282,37.7974],[-122.288,37.7992],[-122.2884,37.7993],[-122.2907,37.7998],[-122.297,37.8012],[-122.3011,37.8027],[-122.304,37.8047],[-122.3055,37.8075],[-122.3052,37.8104],[-122.3031,37.8131],[-122.2949,37.8198],[-122.2929,37.8218],[-122.292,37.8238],[-122.291,37.8299],[-122.2909,37.8315],[-122.2917,37.8383],[-122.292,37.8392],[-122.2923,37.8405],[-122.2939,37.8455],[-122.295,37.8489],[-122.2951,37.8492],[-122.3009,37.867],[-122.306,37.8828],[-122.3088,37.8933],[-122.3114,37.8974],[-122.3172,37.9047],[-122.3198,37.9079],[-122.3199,37.908],[-122.3272,37.9166],[-122.3383,37.925],[-122.351,37.9343],[-122.3537,37.9369],[-122.3572,37.9416],[-122.3592,37.9461],[-122.3601,37.9504],[-122.36,37.9559],[-122.3599,37.9565],[-122.3584,37.9736],[-122.358,37.9786],[-122.3575,37.983],[-122.3567,37.9923],[-122.3563,37.9958],[-122.3555,37.9979],[-122.3539,37.9998],[-122.3518,38.0012],[-122.3486,38.0022],[-122.3457,38.0024],[-122.3377,38.0008],[-122.3336,38.0006],[-122.3297,38.0017],[-122.3239,38.0053],[-122.3164,38.0109],[-122.3141,38.011],[-122.3092,38.0098],[-122.3051,38.0103],[-122.2996,38.0101],[-122.2976,38.0107],[-122.2957,38.0123],[-122.2948,38.0131],[-122.2894,38.0194],[-122.2869,38.0207],[-122.2832,38.0218],[-122.2819,38.0227],[-122.2796,38.0265],[-122.2763,38.0294],[-122.274,38.0363],[-122.2728,38.0372],[-122.2698,38.0381],[-122.2654,38.0395],[-122.2639,38.0404],[-122.2629,38.0419],[-122.2625,38.0439],[-122.262,38.0477],[-122.2614,38.0494],[-122.2603,38.0504],[-122.2563,38.0511],[-122.2536,38.0512],[-122.2495,38.052],[-122.2453,38.0558],[-122.242,38.0576],[-122.2399,38.058],[-122.2363,38.0571],[-122.2302,38.0565],[-122.2227,38.0557],[-122.2165,38.057],[-122.2079,38.055],[-122.198,38.0529],[-122.1911,38.0524],[-122.1862,38.0499],[-122.1843,38.0484],[-122.1788,38.0442],[-122.1751,38.0387],[-122.1746,38.0359],[-122.1737,38.0337],[-122.1713,38.032],[-122.1695,38.0297],[-122.1644,38.0272],[-122.159,38.025],[-122.1475,38.0205],[-122.1467,38.0202],[-122.1458,38.0199]]}},{"type":"Feature","properties":{"n":1,"a":"amtrak"},"geometry":{"type":"LineString","coordinates":[[-121.2773,37.952],[-121.2803,37.9627],[-121.2826,37.9712],[-121.283,37.9748],[-121.2826,37.9814],[-121.2802,38.0142],[-121.2787,38.0353],[-121.277,38.0584],[-121.2749,38.0877],[-121.2732,38.1118],[-121.2719,38.1299],[-121.2714,38.1362],[-121.2707,38.1474],[-121.2714,38.1565],[-121.2722,38.1595],[-121.2728,38.1611],[-121.2817,38.1854],[-121.2954,38.2224],[-121.3006,38.2365],[-121.3054,38.2493],[-121.3084,38.2575],[-121.3118,38.2666],[-121.3277,38.3096],[-121.349,38.367],[-121.3529,38.3777],[-121.3557,38.3854],[-121.3563,38.3869],[-121.3584,38.3925],[-121.3652,38.411],[-121.3826,38.4579],[-121.3893,38.4758],[-121.39,38.4778],[-121.3933,38.4866],[-121.3966,38.4955],[-121.4036,38.5144],[-121.4074,38.5244],[-121.4083,38.5269],[-121.4099,38.5314],[-121.4121,38.5373],[-121.415,38.5426],[-121.42,38.5489],[-121.4214,38.5506],[-121.4219,38.5513],[-121.4306,38.5621],[-121.434,38.5752],[-121.4351,38.5769],[-121.4372,38.5788],[-121.4453,38.582],[-121.4501,38.5837],[-121.4534,38.5826]]}},{"type":"Feature","properties":{"n":1,"a":"amtrak"},"geometry":{"type":"LineString","coordinates":[[-115.0285,41.1336],[-115.0228,41.133],[-114.9981,41.1304],[-114.9947,41.1294],[-114.988,41.1251],[-114.979,41.1227],[-114.9765,41.1212],[-114.9749,41.1193],[-114.9744,41.1174],[-114.9756,41.1128],[-114.9789,41.1041],[-114.9791,41.1012],[-114.974,41.0854],[-114.967,41.0736],[-114.9663,41.0706],[-114.9674,41.0671],[-114.9752,41.0576],[-114.9769,41.0544],[-114.9792,41.0376],[-114.9792,41.0345],[-114.9755,41.0171],[-114.9531,40.9687],[-114.9448,40.9509],[-114.9424,40.9477],[-114.8949,40.9005],[-114.8906,40.8963],[-114.8872,40.8939],[-114.8725,40.8847],[-114.8251,40.8656],[-114.8038,40.8571],[-114.6747,40.805],[-114.6522,40.7959],[-114.6471,40.7935],[-114.6437,40.7909],[-114.631,40.7743],[-114.6159,40.7625],[-114.6046,40.7571],[-114.6007,40.754],[-114.5991,40.7518],[-114.5982,40.7494],[-114.5956,40.7355],[-114.5947,40.7331],[-114.5918,40.7318],[-114.5687,40.7328],[-114.566,40.7336],[-114.5646,40.735],[-114.5622,40.7433],[-114.5565,40.7555],[-114.5527,40.7609],[-114.5481,40.767],[-114.5427,40.7776],[-114.5411,40.7804],[-114.5394,40.7818],[-114.5335,40.7842],[-114.5257,40.7865],[-114.5218,40.7886],[-114.4438,40.8546],[-114.4402,40.8576],[-114.4397,40.8581],[-114.4277,40.8682],[-114.3769,40.911],[-114.3726,40.9135],[-114.3634,40.9167],[-114.3474,40.922],[-114.3436,40.9224],[-114.3402,40.9218],[-114.3235,40.9184],[-114.3001,40.9101],[-114.2971,40.9101],[-114.2882,40.912],[-114.2858,40.9135],[-114.2818,40.9193],[-114.2819,40.9208],[-114.2837,40.9236],[-114.2834,40.925],[-114.2763,40.9284],[-114.2712,40.9319],[-114.27,40.9408],[-114.2705,40.9441],[-114.2699,40.945],[-114.2687,40.9454],[-114.2669,40.9448],[-114.2665,40.9435],[-114.2694,40.9392],[-114.2694,40.9339],[-114.2698,40.932],[-114.2737,40.9272],[-114.2773,40.9225],[-114.2778,40.9159],[-114.2807,40.9094],[-114.2825,40.9069],[-114.287,40.9041],[-114.2875,40.9032],[-114.2873,40.9023],[-114.2861,40.9013],[-114.2808,40.8999],[-114.2685,40.891],[-114.2675,40.8895],[-114.2674,40.8867],[-114.2643,40.8844],[-114.2642,40.8834],[-114.2656,40.8812],[-114.2656,40.8802],[-114.2619,40.8759],[-114.2593,40.8697],[-114.2566,40.8601],[-114.2572,40.8552],[-114.257,40.8536],[-114.2561,40.8521],[-114.2485,40.8439],[-114.2477,40.8413],[-114.2472,40.8326],[-114.2461,40.8307],[-114.2432,40.8276],[-114.2291,40.8127],[-114.2243,40.806],[-114.2217,40.8038],[-114.2063,40.7987],[-114.1788,40.7801],[-114.1752,40.7785],[-114.1622,40.7743],[-114.1417,40.7638],[-114.1401,40.7626],[-114.1368,40.7562],[-114.1366,40.7538],[-114.1447,40.7422],[-114.1468,40.7287],[-114.1471,40.7247],[-114.1446,40.7102],[-114.1435,40.7059],[-114.142,40.7049],[-114.1396,40.7047],[-114.1377,40.7059],[-114.1323,40.7136],[-114.1282,40.7159],[-114.0587,40.7354],[-114.0536,40.7354],[-114.0469,40.7328],[-114.044,40.7321],[-114.0436,40.7321],[-114.0392,40.7322],[-114.0354,40.7335],[-114.0235,40.7375],[-114.0189,40.7381],[-114.0143,40.738],[-113.9976,40.7377],[-113.986,40.7375],[-113.9291,40.7364],[-113.8704,40.7352],[-113.8459,40.7347],[-113.6843,40.7313],[-113.6598,40.7308],[-113.499,40.7272],[-113.4745,40.7266],[-113.3036,40.7224],[-113.2797,40.7218],[-113.204,40.7199],[-113.1278,40.7098],[-113.1057,40.7069],[-113.1042,40.7067],[-113.0744,40.7027],[-113.071,40.7031],[-113.022,40.7234],[-113.0079,40.7354],[-113.0056,40.7382],[-113.0018,40.7443],[-112.9921,40.76],[-112.9895,40.7623],[-112.9854,40.7638],[-112.9623,40.7661],[-112.9604,40.7672],[-112.9528,40.7744],[-112.9491,40.7771],[-112.9433,40.7816],[-112.9368,40.7924],[-112.9357,40.7944],[-112.934,40.7998],[-112.9306,40.8041],[-112.9292,40.8072],[-112.928,40.8086],[-112.9236,40.8107],[-112.9166,40.8121],[-112.9092,40.8176],[-112.8966,40.8229],[-112.8944,40.8248],[-112.8867,40.8349],[-112.8839,40.8377],[-112.8807,40.839],[-112.8766,40.839],[-112.8729,40.8374],[-112.8707,40.8348],[-112.8646,40.821],[-112.8608,40.8165],[-112.7958,40.7753],[-112.7817,40.7668],[-112.7769,40.7654],[-112.7697,40.7643],[-112.659,40.7481],[-112.6561,40.7477],[-112.6358,40.7447],[-112.6283,40.7425],[-112.5232,40.7119],[-112.5144,40.7093],[-112.4591,40.6932],[-112.4521,40.6911],[-112.4366,40.6866],[-112.3755,40.6687],[-112.3709,40.6679],[-112.3668,40.6679],[-112.3604,40.6692],[-112.2862,40.6952],[-112.2582,40.7051],[-112.229,40.7227],[-112.2259,40.7241],[-112.2212,40.7252],[-112.2021,40.7267],[-112.1988,40.7271]]}},{"type":"Feature","properties":{"n":1,"a":"amtrak"},"geometry":{"type":"LineString","coordinates":[[-115.2496,41.0753],[-115.1934,41.1053],[-115.1887,41.1068],[-115.174,41.1096],[-115.1692,41.1109],[-115.1354,41.1277],[-115.1323,41.1285],[-115.1194,41.1303],[-115.0668,41.137],[-115.0285,41.1336]]}},{"type":"Feature","properties":{"n":1,"a":"amtrak"},"geometry":{"type":"LineString","coordinates":[[-110.7618,32.0753],[-110.7353,32.0604],[-110.718,32.0503],[-110.6896,32.0277],[-110.6854,32.0263],[-110.6748,32.0248],[-110.6686,32.0219],[-110.6605,32.0188],[-110.6555,32.0158],[-110.6527,32.0155],[-110.6498,32.0165],[-110.6443,32.0225],[-110.6399,32.0252],[-110.6187,32.0296],[-110.614,32.0285],[-110.5953,32.0158],[-110.5905,32.0143],[-110.585,32.0132],[-110.572,32.0097],[-110.5638,32.0043],[-110.5598,32.0026],[-110.5565,32.002],[-110.5451,32.002],[-110.5426,32.0016],[-110.5397,32.0003],[-110.5353,31.9964],[-110.5327,31.9949],[-110.5301,31.9944],[-110.5171,31.9936],[-110.5094,31.9901],[-110.499,31.9885],[-110.4858,31.9822],[-110.4832,31.9814],[-110.4781,31.9815],[-110.4705,31.9847],[-110.4636,31.9863],[-110.4553,31.9897],[-110.4514,31.99],[-110.4497,31.9897],[-110.447,31.9882],[-110.4443,31.9884],[-110.4414,31.9891],[-110.4354,31.9907],[-110.4243,31.9924],[-110.4069,31.9925],[-110.3942,31.9966],[-110.3864,31.9974],[-110.3818,31.9972],[-110.3531,31.9926],[-110.331,31.9891],[-110.3287,31.9884],[-110.3258,31.9867],[-110.324,31.985],[-110.3203,31.9781],[-110.3137,31.9739],[-110.305,31.9706],[-110.2943,31.9683],[-110.2919,31.9677],[-110.2901,31.9665],[-110.287,31.9649],[-110.2832,31.9646],[-110.2407,31.9643],[-110.2378,31.965],[-110.2343,31.9667],[-110.2322,31.9686],[-110.2307,31.9709],[-110.229,31.9746],[-110.2278,31.9757],[-110.2257,31.9766],[-110.2216,31.9764],[-110.2178,31.9746],[-110.2087,31.9663],[-110.2081,31.9646],[-110.2074,31.9543],[-110.2061,31.952],[-110.2038,31.9506],[-110.2009,31.9502],[-110.1952,31.9516],[-110.1815,31.9517],[-110.177,31.9523],[-110.1717,31.9535],[-110.17,31.9543],[-110.1688,31.9557],[-110.1671,31.9596],[-110.1625,31.9624],[-110.1611,31.9643],[-110.1616,31.967],[-110.168,31.9756],[-110.1683,31.9799],[-110.1669,31.9822],[-110.1651,31.9831],[-110.1631,31.9832],[-110.1444,31.9809],[-110.1377,31.9801],[-110.1314,31.9777],[-110.1298,31.9775],[-110.127,31.9786],[-110.1249,31.9827],[-110.1236,31.9833],[-110.1214,31.9834],[-110.1159,31.9837],[-110.1147,31.9844],[-110.113,31.9869],[-110.1117,31.9879],[-110.0939,31.9924],[-110.0893,31.9953],[-110.0773,31.9987],[-110.0739,32.003],[-110.0724,32.0038],[-110.0685,32.0043],[-110.0668,32.0051],[-110.0593,32.0137],[-110.0436,32.0236],[-110.0397,32.027],[-110.0343,32.0314],[-110.024,32.0357],[-110.0169,32.0352],[-110.0074,32.0367],[-109.9963,32.0356],[-109.9881,32.0354],[-109.9758,32.0382],[-109.973,32.041],[-109.9471,32.0795],[-109.9448,32.0829],[-109.9237,32.1144],[-109.8414,32.2363],[-109.8276,32.2567],[-109.8076,32.2861],[-109.7998,32.2962],[-109.7938,32.307],[-109.7918,32.3097],[-109.7894,32.3118],[-109.7802,32.3179],[-109.7564,32.3375],[-109.7487,32.342],[-109.7431,32.3441],[-109.7157,32.3462],[-109.7041,32.3483],[-109.6862,32.3477],[-109.6783,32.3461],[-109.6756,32.3459],[-109.6439,32.3532],[-109.6316,32.3545],[-109.6256,32.3547],[-109.6134,32.3524],[-109.6066,32.3528],[-109.5908,32.3522],[-109.4979,32.3312],[-109.4917,32.3298],[-109.4857,32.3284],[-109.4794,32.327],[-109.4704,32.325],[-109.3395,32.2951],[-109.3353,32.2942],[-109.2258,32.2691],[-109.1073,32.2417],[-109.1048,32.2415],[-109.0993,32.2421],[-109.0933,32.2406],[-109.088,32.2405],[-109.0842,32.2394],[-109.0773,32.2374],[-109.0687,32.235],[-109.0627,32.2324],[-109.0484,32.2289],[-109.046,32.2287],[-109.0421,32.2294],[-109.0397,32.2292],[-109.0274,32.224],[-109.0246,32.2236],[-109.0189,32.2252],[-109.005,32.2259],[-108.9979,32.2287],[-108.9931,32.2298],[-108.985,32.2288],[-108.9811,32.2291],[-108.9702,32.2311],[-108.9621,32.2348],[-108.9056,32.2672],[-108.8581,32.2946],[-108.8549,32.2971],[-108.8361,32.3147],[-108.8251,32.3212],[-108.801,32.335],[-108.7644,32.3556],[-108.7587,32.3567],[-108.7546,32.357],[-108.7393,32.3555],[-108.7308,32.3547],[-108.727,32.3543],[-108.7189,32.3532]]}},{"type":"Feature","properties":{"n":1,"a":"amtrak"},"geometry":{"type":"LineString","coordinates":[[-122.1042,38.0925],[-122.1013,38.1038],[-122.1009,38.1097],[-122.1011,38.128],[-122.1002,38.1323],[-122.0473,38.2326],[-122.0434,38.2401],[-122.0414,38.2435],[-122.0392,38.2457],[-122.0362,38.2479],[-121.9975,38.2693],[-121.9837,38.2768],[-121.971,38.2838],[-121.9679,38.2855],[-121.9591,38.2904],[-121.9556,38.293],[-121.9523,38.2966],[-121.9498,38.3007],[-121.9409,38.315],[-121.9099,38.35],[-121.9025,38.3584],[-121.8241,38.4465],[-121.7989,38.4749],[-121.7765,38.5001],[-121.7409,38.54],[-121.7405,38.5404],[-121.737,38.5435],[-121.7354,38.5441],[-121.7343,38.5445],[-121.7332,38.5447],[-121.7188,38.548],[-121.7127,38.5494],[-121.6761,38.5577],[-121.6592,38.5615],[-121.6405,38.5657],[-121.5678,38.5821],[-121.5425,38.5878],[-121.5368,38.5885],[-121.5148,38.5876],[-121.5106,38.5873],[-121.5062,38.5862],[-121.5038,38.5856],[-121.5006,38.5848],[-121.4997,38.5846],[-121.4975,38.5847],[-121.4962,38.586],[-121.4949,38.5877],[-121.489,38.5886],[-121.4827,38.5872],[-121.4788,38.5862]]}},{"type":"Feature","properties":{"n":1,"a":"amtrak"},"geometry":{"type":"LineString","coordinates":[[-117.2834,34.523],[-117.285,34.5276],[-117.2857,34.5312],[-117.2894,34.5347],[-117.2926,34.5371],[-117.2938,34.538],[-117.2986,34.5419],[-117.3026,34.55],[-117.3101,34.5614],[-117.3149,34.5667],[-117.317,34.5718],[-117.3265,34.5762],[-117.3294,34.5788],[-117.3305,34.5815],[-117.3315,34.5917],[-117.3333,34.5948],[-117.3406,34.6052],[-117.3439,34.6188],[-117.3472,34.6458],[-117.3463,34.6539],[-117.347,34.6671],[-117.3317,34.7279],[-117.3253,34.7403],[-117.3233,34.744],[-117.3166,34.7552],[-117.3139,34.7581],[-117.3032,34.763],[-117.2959,34.7677],[-117.2839,34.7737],[-117.271,34.7828],[-117.2674,34.7841],[-117.2591,34.7852],[-117.2553,34.7862],[-117.2163,34.8019],[-117.2072,34.8057],[-117.2044,34.8073],[-117.191,34.8188],[-117.1884,34.823],[-117.1869,34.8321],[-117.1852,34.8347],[-117.1833,34.8365],[-117.1713,34.8455],[-117.1481,34.8607],[-117.1339,34.8673],[-117.1128,34.8769],[-117.1087,34.8787],[-117.0987,34.882],[-117.095,34.884],[-117.0827,34.8917],[-117.0793,34.8935],[-117.075,34.8947],[-117.0712,34.8955],[-117.0669,34.8965],[-117.0344,34.9038],[-117.0304,34.9043]]}},{"type":"Feature","properties":{"n":1,"a":"amtrak"},"geometry":{"type":"LineString","coordinates":[[-116.2695,40.5823],[-116.269,40.5825],[-116.2659,40.5837],[-116.262,40.5841],[-116.2421,40.5823],[-116.2386,40.5813],[-116.2343,40.5786],[-116.2319,40.5782],[-116.2215,40.5798],[-116.2192,40.5815],[-116.2176,40.5849],[-116.2139,40.5942],[-116.2128,40.5959],[-116.2103,40.5974],[-116.2036,40.5991],[-116.2011,40.6011],[-116.1978,40.6109],[-116.1969,40.6135],[-116.1959,40.6167],[-116.1946,40.6185],[-116.1897,40.6213],[-116.1861,40.6227],[-116.182,40.6226],[-116.18,40.6232],[-116.1789,40.6243],[-116.1763,40.6296],[-116.1744,40.6308],[-116.1699,40.6326],[-116.1682,40.6342],[-116.1653,40.6388],[-116.1607,40.6486],[-116.1571,40.6664],[-116.1559,40.6702],[-116.1552,40.6747],[-116.154,40.6779],[-116.1424,40.6939],[-116.1404,40.6954],[-116.1322,40.6989],[-116.1187,40.7083],[-116.1159,40.7097],[-116.1145,40.7103],[-116.0935,40.7187],[-116.0867,40.7205]]}},{"type":"Feature","properties":{"n":1,"a":"amtrak"},"geometry":{"type":"LineString","coordinates":[[-121.4788,38.5862],[-121.4769,38.5856],[-121.4704,38.5839],[-121.4592,38.5814],[-121.4549,38.5819],[-121.4534,38.5826]]}},{"type":"Feature","properties":{"n":1,"a":"amtrak"},"geometry":{"type":"LineString","coordinates":[[-122.1458,38.0199],[-122.1427,38.0191],[-122.1389,38.0193],[-122.1346,38.0201],[-122.134,38.0204]]}},{"type":"Feature","properties":{"n":1,"a":"amtrak"},"geometry":{"type":"LineString","coordinates":[[-121.4534,38.5826],[-121.4513,38.5842],[-121.4505,38.5872],[-121.45,38.5946],[-121.4485,38.5982],[-121.4416,38.6052],[-121.424,38.6214],[-121.4087,38.6355],[-121.3959,38.6474],[-121.3752,38.6665],[-121.3702,38.6711],[-121.3492,38.6904],[-121.3321,38.7063],[-121.3172,38.7234],[-121.3122,38.7289],[-121.3049,38.7373],[-121.3023,38.739],[-121.297,38.7412],[-121.2883,38.7479],[-121.2867,38.749],[-121.2863,38.7493],[-121.285,38.7503],[-121.2848,38.7505],[-121.2807,38.753],[-121.2796,38.7537],[-121.2726,38.7575],[-121.2695,38.7583],[-121.2634,38.7588],[-121.2612,38.7599],[-121.2556,38.7681],[-121.2479,38.777],[-121.2396,38.7885],[-121.2314,38.7998],[-121.229,38.8036],[-121.2246,38.8179],[-121.2205,38.8263],[-121.2205,38.8454],[-121.2194,38.8502],[-121.2171,38.8538],[-121.211,38.8598],[-121.2029,38.865],[-121.1886,38.8713],[-121.1862,38.872],[-121.1836,38.8719],[-121.1778,38.8697],[-121.1746,38.8694],[-121.1685,38.8707],[-121.1629,38.8712],[-121.1584,38.8725],[-121.1526,38.8729],[-121.1435,38.8771],[-121.1347,38.8761],[-121.1317,38.8757],[-121.1105,38.877],[-121.1066,38.8783],[-121.0991,38.8825],[-121.0924,38.8832],[-121.0899,38.8841],[-121.0858,38.8872],[-121.0809,38.895],[-121.0808,38.8976],[-121.0831,38.903],[-121.0866,38.9106],[-121.092,38.9179],[-121.0928,38.92],[-121.0901,38.9311],[-121.0876,38.9337],[-121.082,38.938],[-121.0795,38.9389],[-121.0773,38.939],[-121.0638,38.9371],[-121.0479,38.9416],[-121.0444,38.9434]]}},{"type":"Feature","properties":{"n":1,"a":"amtrak"},"geometry":{"type":"LineString","coordinates":[[-117.3115,34.1046],[-117.3084,34.1046],[-117.3049,34.1052],[-117.3036,34.1063],[-117.3032,34.1082],[-117.3031,34.1117],[-117.3031,34.1225],[-117.3033,34.1271],[-117.3048,34.13],[-117.3154,34.1373],[-117.3181,34.1398],[-117.335,34.1575],[-117.3361,34.1586],[-117.34,34.1626],[-117.3511,34.1742],[-117.3619,34.1855],[-117.3711,34.1951],[-117.3748,34.1987],[-117.3804,34.2028],[-117.3843,34.2047],[-117.3905,34.2062],[-117.3922,34.207],[-117.3936,34.2084],[-117.3966,34.213],[-117.3995,34.2151],[-117.4033,34.2175],[-117.4115,34.2192],[-117.4283,34.2293],[-117.4381,34.2349],[-117.4443,34.2417],[-117.4517,34.2455],[-117.4587,34.25],[-117.4655,34.2525],[-117.469,34.2562],[-117.4704,34.2602],[-117.4694,34.2626],[-117.4642,34.2662],[-117.4591,34.2682],[-117.4543,34.2716],[-117.4534,34.2727],[-117.4534,34.2743],[-117.4563,34.2805],[-117.4557,34.2901],[-117.4568,34.2933],[-117.4622,34.3027],[-117.4635,34.3035],[-117.4711,34.3055],[-117.4749,34.3088],[-117.4804,34.3109],[-117.4858,34.3148],[-117.4863,34.3158],[-117.486,34.3171],[-117.4817,34.3194],[-117.4785,34.3235],[-117.4757,34.3254],[-117.4709,34.3271],[-117.4655,34.3296],[-117.4567,34.3297],[-117.453,34.333],[-117.4433,34.3363],[-117.4398,34.336],[-117.4363,34.3337],[-117.4346,34.3317],[-117.4337,34.3287]]}},{"type":"Feature","properties":{"n":1,"a":"amtrak"},"geometry":{"type":"LineString","coordinates":[[-117.4337,34.3287],[-117.4318,34.3264],[-117.4292,34.3256],[-117.4137,34.3283],[-117.4103,34.3301],[-117.4067,34.3352],[-117.4031,34.3379],[-117.3988,34.3408],[-117.3963,34.3444],[-117.3931,34.3474],[-117.3883,34.3498],[-117.3836,34.3513],[-117.374,34.3542],[-117.3704,34.3561],[-117.365,34.3604],[-117.3588,34.3621],[-117.352,34.3653],[-117.3467,34.3661],[-117.3359,34.3693],[-117.3309,34.3714],[-117.3232,34.3728],[-117.3209,34.374],[-117.3138,34.3816],[-117.3081,34.3928],[-117.3013,34.423],[-117.2969,34.4439],[-117.2955,34.4478],[-117.2795,34.4673],[-117.2791,34.469],[-117.28,34.4734],[-117.2813,34.4797],[-117.2811,34.4824],[-117.2808,34.4852],[-117.2819,34.4914]]}},{"type":"Feature","properties":{"n":1,"a":"amtrak"},"geometry":{"type":"LineString","coordinates":[[-117.0304,34.9043],[-117.0168,34.9034]]}},{"type":"Feature","properties":{"n":1,"a":"amtrak"},"geometry":{"type":"LineString","coordinates":[[-122.1289,38.0515],[-122.1281,38.0567],[-122.127,38.0605],[-122.1261,38.0627],[-122.1244,38.0647],[-122.1075,38.0832],[-122.1062,38.085],[-122.1056,38.0871],[-122.1042,38.0925]]}},{"type":"Feature","properties":{"n":1,"a":"amtrak"},"geometry":{"type":"LineString","coordinates":[[-122.1804,37.7367],[-122.1783,37.7349],[-122.1531,37.7129],[-122.131,37.6936],[-122.1151,37.6796],[-122.099,37.6656],[-122.0886,37.6565],[-122.0341,37.6087],[-122.0164,37.5935],[-122.0089,37.5882],[-122.002,37.5845],[-121.9952,37.5817],[-121.9873,37.5793],[-121.9781,37.5776],[-121.9756,37.5769],[-121.9705,37.5725],[-121.97,37.5715]]}},{"type":"Feature","properties":{"n":1,"a":"amtrak"},"geometry":{"type":"LineString","coordinates":[[-115.2496,41.0753],[-115.2063,41.0985],[-115.1917,41.106],[-115.1733,41.1098],[-115.1682,41.1113],[-115.1388,41.1264],[-115.1329,41.1284],[-115.068,41.137],[-115.0632,41.137],[-115.0321,41.134],[-115.0248,41.1333],[-115.0285,41.1336]]}},{"type":"Feature","properties":{"n":1,"a":"amtrak"},"geometry":{"type":"LineString","coordinates":[[-118.2118,34.0641],[-118.2057,34.0653],[-118.2027,34.0654],[-118.1841,34.0621],[-118.1812,34.0631],[-118.1779,34.0669]]}},{"type":"Feature","properties":{"n":1,"a":"amtrak"},"geometry":{"type":"LineString","coordinates":[[-122.1313,38.022],[-122.1289,38.0232],[-122.1216,38.0252],[-122.1188,38.0275],[-122.1178,38.034],[-122.1183,38.0354],[-122.1207,38.0386],[-122.1279,38.0478],[-122.1288,38.0495],[-122.1289,38.0515]]}},{"type":"Feature","properties":{"n":1,"a":"amtrak"},"geometry":{"type":"LineString","coordinates":[[-122.1458,38.0199],[-122.143,38.0192],[-122.1387,38.0194],[-122.135,38.0201],[-122.1318,38.0216]]}},{"type":"Feature","properties":{"n":1,"a":"amtrak"},"geometry":{"type":"LineString","coordinates":[[-117.0304,34.9043],[-117.0246,34.9045],[-117.0213,34.9044],[-117.0194,34.9039],[-117.0168,34.9034]]}},{"type":"Feature","properties":{"n":1,"a":"amtrak"},"geometry":{"type":"LineString","coordinates":[[-118.2121,34.064],[-118.2118,34.0641]]}},{"type":"Feature","properties":{"n":1,"a":"amtrak"},"geometry":{"type":"LineString","coordinates":[[-122.1318,38.0216],[-122.1295,38.0231],[-122.1234,38.0248],[-122.1169,38.0255]]}},{"type":"Feature","properties":{"n":1,"a":"amtrak"},"geometry":{"type":"LineString","coordinates":[[-122.134,38.0204],[-122.1313,38.022]]}},{"type":"Feature","properties":{"n":1,"a":"amtrak"},"geometry":{"type":"LineString","coordinates":[[-110.7618,32.0753],[-110.7373,32.0649],[-110.702,32.0418],[-110.6992,32.041],[-110.6942,32.0416],[-110.688,32.0383],[-110.685,32.0374],[-110.6798,32.0349],[-110.6744,32.0317],[-110.6711,32.0313],[-110.6662,32.0264],[-110.6636,32.0254],[-110.6616,32.0251],[-110.6592,32.0236],[-110.6556,32.0181],[-110.6502,32.0178],[-110.648,32.0194],[-110.6468,32.0196]]}},{"type":"Feature","properties":{"n":1,"a":"amtrak"},"geometry":{"type":"LineString","coordinates":[[-122.134,38.0204],[-122.1327,38.0209],[-122.1307,38.0222],[-122.1284,38.0232],[-122.1207,38.0251],[-122.1169,38.0255]]}},{"type":"Feature","properties":{"n":1,"a":"amtrak"},"geometry":{"type":"LineString","coordinates":[[-122.1318,38.0216],[-122.1313,38.022]]}},{"type":"Feature","properties":{"n":1,"a":"amtrak"},"geometry":{"type":"LineString","coordinates":[[-117.2819,34.4914],[-117.2828,34.4964],[-117.2827,34.4985],[-117.2818,34.5004],[-117.2791,34.5034],[-117.2786,34.5056],[-117.2805,34.5112],[-117.2816,34.5175],[-117.2834,34.523]]}},{"type":"Feature","properties":{"n":1,"a":"amtrak"},"geometry":{"type":"LineString","coordinates":[[-117.4337,34.3287],[-117.4339,34.3299]]}},{"type":"Feature","properties":{"n":1,"a":"amtrak"},"geometry":{"type":"LineString","coordinates":[[-111.6287,40.2018],[-111.6288,40.2023]]}},{"type":"Feature","properties":{"n":1,"a":"amtrak"},"geometry":{"type":"LineString","coordinates":[[-116.0867,40.7205],[-116.0847,40.721]]}},{"type":"Feature","properties":{"n":1,"a":"amtrak"},"geometry":{"type":"LineString","coordinates":[[-121.2768,37.95],[-121.2759,37.9477],[-121.2739,37.9471]]}},{"type":"Feature","properties":{"n":1,"a":"amtrak"},"geometry":{"type":"LineString","coordinates":[[-122.1289,38.0515],[-122.1287,38.0568],[-122.1307,38.0622],[-122.1301,38.0647],[-122.1191,38.0779],[-122.1073,38.0873],[-122.1055,38.0898],[-122.1042,38.0925]]}},{"type":"Feature","properties":{"n":1,"a":"amtrak"},"geometry":{"type":"LineString","coordinates":[[-112.1999,40.7267],[-112.1988,40.7271]]}},{"type":"Feature","properties":{"n":1,"a":"amtrak"},"geometry":{"type":"LineString","coordinates":[[-116.0056,40.7153],[-116.0052,40.7152]]}},{"type":"Feature","properties":{"n":1,"a":"amtrak"},"geometry":{"type":"LineString","coordinates":[[-118.2268,34.0623],[-118.2259,34.0624],[-118.2229,34.0627]]}},{"type":"Feature","properties":{"n":1,"a":"amtrak"},"geometry":{"type":"LineString","coordinates":[[-121.0444,38.9434],[-121.0435,38.9438]]}},{"type":"Feature","properties":{"n":1,"a":"amtrak"},"geometry":{"type":"LineString","coordinates":[[-117.2819,34.4914],[-117.2829,34.4963],[-117.2828,34.4987],[-117.2818,34.5011],[-117.2786,34.5058],[-117.2782,34.5079],[-117.2834,34.523]]}},{"type":"Feature","properties":{"n":1,"a":"amtrak"},"geometry":{"type":"LineString","coordinates":[[-107.326,39.548],[-107.3218,39.5485],[-107.3192,39.5498],[-107.3154,39.5535],[-107.3129,39.5573],[-107.3115,39.5574],[-107.3079,39.5561],[-107.3063,39.5564],[-107.3055,39.5572],[-107.3046,39.5599],[-107.3036,39.5606],[-107.3017,39.5606],[-107.2998,39.5588],[-107.2967,39.5577],[-107.2913,39.5566],[-107.2867,39.5593],[-107.2817,39.5594],[-107.2794,39.56],[-107.2742,39.5653],[-107.2728,39.5658],[-107.2711,39.5654],[-107.2694,39.5633],[-107.2682,39.5626],[-107.2635,39.5618],[-107.2594,39.5619],[-107.2506,39.5596],[-107.2492,39.5591],[-107.246,39.5567],[-107.2443,39.5564],[-107.2427,39.5568],[-107.2386,39.5603],[-107.2361,39.564],[-107.2239,39.5705],[-107.2224,39.5749],[-107.2215,39.576],[-107.2184,39.5769],[-107.2098,39.5756],[-107.2069,39.576],[-107.2045,39.5775],[-107.2022,39.5804],[-107.1986,39.5824],[-107.1968,39.5857],[-107.1936,39.5872],[-107.1904,39.5881],[-107.1887,39.5887],[-107.1851,39.5914],[-107.1808,39.5908],[-107.1796,39.5911],[-107.171,39.5991],[-107.167,39.6006],[-107.1609,39.6019],[-107.1565,39.6036],[-107.1555,39.6044],[-107.1535,39.6079],[-107.149,39.6093],[-107.1459,39.6095],[-107.1441,39.6102],[-107.1405,39.6128],[-107.1359,39.6133],[-107.1321,39.615],[-107.1298,39.6168],[-107.126,39.6183],[-107.1243,39.6208],[-107.1212,39.624],[-107.12,39.6242],[-107.1172,39.6235],[-107.1134,39.6244],[-107.1089,39.6248],[-107.1055,39.6241],[-107.1036,39.6246],[-107.1008,39.6265],[-107.0996,39.6296],[-107.0986,39.6307],[-107.0941,39.6335],[-107.0867,39.6364],[-107.0808,39.6418],[-107.0793,39.6427],[-107.0761,39.6428],[-107.0685,39.6396],[-107.0667,39.6393],[-107.0606,39.6402],[-107.0573,39.642],[-107.0562,39.6436],[-107.0564,39.6453]]}},{"type":"Feature","properties":{"n":1,"a":"amtrak"},"geometry":{"type":"LineString","coordinates":[[-104.9927,39.7649],[-104.9924,39.7658],[-104.9894,39.769],[-104.9794,39.7766],[-104.9754,39.7797],[-104.9601,39.7913],[-104.9485,39.8001],[-104.9459,39.8021],[-104.9432,39.8041],[-104.9412,39.8057],[-104.9399,39.8067],[-104.9394,39.8071],[-104.9365,39.8096],[-104.9332,39.8124],[-104.9038,39.8378],[-104.9,39.8411],[-104.8928,39.8473],[-104.8731,39.8642],[-104.8662,39.8703],[-104.8459,39.8877],[-104.7793,39.945],[-104.7645,39.9591],[-104.7577,39.9649],[-104.7306,39.9825],[-104.7251,39.9865],[-104.7118,40.0005],[-104.706,40.0067],[-104.6442,40.0719],[-104.6408,40.0748],[-104.6346,40.079],[-104.6181,40.0902],[-104.599,40.1028],[-104.5956,40.1039],[-104.5736,40.1092],[-104.5686,40.1096],[-104.5634,40.109],[-104.5421,40.102],[-104.5374,40.1012],[-104.5341,40.1017],[-104.5317,40.1027],[-104.5244,40.1076],[-104.5212,40.1093],[-104.4777,40.1241],[-104.4729,40.1263],[-104.4699,40.1286],[-104.4658,40.1331],[-104.4547,40.1516],[-104.4513,40.1572],[-104.4488,40.1599],[-104.4444,40.1628],[-104.4392,40.1646],[-104.4344,40.1653],[-104.3838,40.1671],[-104.3654,40.1678],[-104.2528,40.1718],[-104.236,40.1724],[-104.2218,40.173],[-104.1946,40.1786],[-104.1803,40.1836],[-104.1582,40.194],[-104.15,40.1979],[-104.1451,40.2001],[-104.1123,40.212],[-104.0767,40.231],[-104.0685,40.2353],[-104.0482,40.2457],[-104.0441,40.2467],[-104.02,40.2496],[-104.0148,40.2496],[-103.9619,40.2442],[-103.9351,40.2417],[-103.8698,40.2443],[-103.8445,40.2453],[-103.8108,40.2466],[-103.8028,40.2469],[-103.7989,40.2471],[-103.7778,40.2479],[-103.7714,40.2482],[-103.7598,40.2486],[-103.7545,40.2488],[-103.7063,40.2507],[-103.6848,40.2515],[-103.6188,40.2541],[-103.6172,40.2541],[-103.6147,40.2543],[-103.5945,40.26],[-103.5871,40.2619],[-103.5663,40.2641],[-103.5202,40.2571],[-103.5148,40.2551],[-103.4926,40.2429],[-103.4725,40.2304],[-103.4397,40.21],[-103.3805,40.173],[-103.3768,40.1714],[-103.3508,40.1628],[-103.3446,40.161],[-103.3391,40.1605],[-103.2719,40.1642],[-103.2682,40.1635],[-103.2622,40.1605],[-103.2594,40.1598],[-103.2215,40.1586],[-103.2081,40.1571],[-103.1563,40.1507],[-103.0902,40.1541],[-103.0612,40.1555],[-103.0541,40.1557],[-103.0336,40.1547],[-102.9689,40.1487],[-102.9559,40.1475],[-102.912,40.1434],[-102.8834,40.1407],[-102.8372,40.1364],[-102.8263,40.1354],[-102.7943,40.1324],[-102.7536,40.1286],[-102.7378,40.1271],[-102.7205,40.1254],[-102.7192,40.1253],[-102.674,40.121],[-102.668,40.1204],[-102.6054,40.1144],[-102.581,40.1121],[-102.5759,40.1116],[-102.5494,40.109],[-102.5451,40.1091],[-102.5151,40.1149],[-102.5059,40.1162],[-102.4879,40.1148],[-102.4735,40.1135],[-102.4473,40.1083],[-102.4161,40.1089],[-102.3835,40.1052],[-102.3785,40.1042],[-102.3547,40.0984],[-102.3492,40.0975],[-102.3437,40.0976],[-102.3296,40.1015],[-102.3224,40.1017],[-102.316,40.1],[-102.3059,40.095],[-102.293,40.0906],[-102.2749,40.0872],[-102.2594,40.0819],[-102.2432,40.0786],[-102.2379,40.0788],[-102.228,40.0804],[-102.2257,40.0808],[-102.214,40.0827],[-102.2049,40.0841],[-102.1944,40.0844],[-102.1579,40.0852],[-102.1469,40.0844],[-102.1346,40.086],[-102.1298,40.0861],[-102.1063,40.0833],[-102.0836,40.0783],[-102.079,40.0767],[-102.0572,40.0665],[-102.0518,40.0648],[-102.0283,40.0593],[-102.0204,40.0562],[-102.0165,40.0544],[-101.9962,40.0449],[-101.9631,40.0311],[-101.9477,40.0206],[-101.9424,40.0175],[-101.9374,40.016],[-101.9324,40.0155],[-101.9239,40.0162],[-101.9019,40.0181],[-101.8287,40.0284],[-101.8231,40.0282],[-101.8097,40.0262],[-101.797,40.0275],[-101.7849,40.027],[-101.7496,40.0351],[-101.7238,40.0411],[-101.718,40.042],[-101.6933,40.0432],[-101.6727,40.0396],[-101.6228,40.0352],[-101.5934,40.0327],[-101.5865,40.0327],[-101.5604,40.038],[-101.5412,40.0432],[-101.5407,40.0433],[-101.5344,40.0459],[-101.529,40.0502],[-101.5209,40.0573],[-101.5109,40.0657],[-101.4977,40.0724],[-101.4853,40.0802],[-101.4076,40.11],[-101.3845,40.1189],[-101.3765,40.1218],[-101.36,40.1249],[-101.3556,40.1249],[-101.3402,40.1231],[-101.3253,40.1245],[-101.2866,40.1291],[-101.2433,40.144],[-101.231,40.1462],[-101.2269,40.1469],[-101.2252,40.1471],[-101.2016,40.1512],[-101.1213,40.17],[-101.098,40.1733],[-101.0472,40.1754],[-101.019,40.1785],[-101.0097,40.1808],[-100.984,40.1883],[-100.9771,40.1901],[-100.9677,40.192],[-100.9414,40.1971],[-100.9142,40.2004],[-100.9,40.2049],[-100.8684,40.2117],[-100.8552,40.2165],[-100.8405,40.222],[-100.8313,40.2255],[-100.8299,40.226],[-100.8253,40.2278],[-100.8203,40.2296],[-100.8151,40.2307],[-100.7973,40.2309],[-100.7922,40.23],[-100.7607,40.221],[-100.7331,40.213],[-100.7217,40.2098],[-100.6899,40.2007],[-100.6439,40.1954],[-100.6333,40.1975],[-100.6313,40.1975],[-100.6301,40.1974],[-100.6212,40.1971],[-100.6161,40.1969],[-100.6028,40.1965],[-100.5869,40.1966],[-100.5801,40.1977],[-100.5662,40.2024],[-100.5602,40.2056],[-100.5346,40.2162],[-100.5043,40.2233],[-100.5006,40.2242],[-100.4909,40.2259],[-100.4574,40.2261],[-100.4215,40.2318],[-100.42,40.2321],[-100.4135,40.2337],[-100.3975,40.2377],[-100.385,40.2406],[-100.3171,40.247],[-100.3083,40.2478],[-100.3029,40.249],[-100.2281,40.2691],[-100.1953,40.2762],[-100.1918,40.2768],[-100.1854,40.2778],[-100.1697,40.28],[-100.1666,40.2805],[-100.1605,40.2819],[-100.1491,40.2849],[-100.1192,40.2869],[-100.059,40.3006],[-100.0304,40.3054],[-100.0234,40.3054],[-100.01,40.3021],[-100.0047,40.3022],[-99.9789,40.3035],[-99.9412,40.3052],[-99.9081,40.3007],[-99.9061,40.3004],[-99.8982,40.2993],[-99.8916,40.2983],[-99.8845,40.2979],[-99.8686,40.3001],[-99.8629,40.3001],[-99.8571,40.2995],[-99.845,40.2962],[-99.8301,40.2896],[-99.8023,40.2847],[-99.7981,40.2838],[-99.7731,40.2789],[-99.6914,40.2629],[-99.6566,40.2549],[-99.6487,40.253],[-99.6306,40.2495],[-99.6296,40.2493],[-99.6278,40.2488],[-99.5985,40.2347],[-99.5924,40.2325],[-99.568,40.2273],[-99.5651,40.2272],[-99.562,40.2281],[-99.5599,40.2296],[-99.5586,40.2317],[-99.5544,40.2516],[-99.5528,40.2551],[-99.5471,40.267],[-99.5459,40.2705],[-99.5462,40.29],[-99.5331,40.3118],[-99.5297,40.3236],[-99.529,40.3313],[-99.528,40.3339],[-99.526,40.336],[-99.5124,40.3449],[-99.4917,40.351],[-99.4887,40.3525],[-99.4766,40.363],[-99.4588,40.3785],[-99.4178,40.4142],[-99.4029,40.427],[-99.3987,40.4292],[-99.3948,40.4303],[-99.3931,40.4308],[-99.3869,40.4322],[-99.3856,40.4325],[-99.376,40.4346],[-99.3632,40.4375],[-99.3618,40.4378],[-99.3047,40.4506],[-99.296,40.4526],[-99.2812,40.4558],[-99.2529,40.4599],[-99.2458,40.4609],[-99.2365,40.4623],[-99.1795,40.4704],[-99.1318,40.4771],[-99.1302,40.4773],[-99.1036,40.4811],[-99.0845,40.4838],[-99.0691,40.4859],[-99.044,40.4895],[-99.0161,40.4934],[-98.9548,40.5019],[-98.9456,40.5039],[-98.9336,40.5069],[-98.9285,40.5089],[-98.8964,40.5227],[-98.8933,40.524],[-98.8632,40.5369],[-98.8603,40.5381],[-98.8043,40.5621],[-98.8011,40.5634],[-98.7922,40.5673],[-98.7785,40.5731],[-98.7241,40.5963],[-98.6729,40.6182],[-98.6682,40.6201],[-98.6636,40.6208],[-98.6612,40.6206],[-98.6555,40.62],[-98.6537,40.6198],[-98.6471,40.6191],[-98.6202,40.6161],[-98.6141,40.6149],[-98.5837,40.6013],[-98.5644,40.595],[-98.5595,40.5944],[-98.5146,40.5936],[-98.5102,40.5933],[-98.5045,40.593],[-98.504,40.5929],[-98.4725,40.5907],[-98.4665,40.5889],[-98.4575,40.5843],[-98.4519,40.5828],[-98.4358,40.5819],[-98.4222,40.5823],[-98.4098,40.5828],[-98.4069,40.583],[-98.4063,40.583],[-98.4019,40.5832],[-98.4005,40.5832],[-98.3943,40.5835],[-98.392,40.5836],[-98.391,40.5837],[-98.3891,40.5837],[-98.3823,40.584],[-98.3762,40.5843],[-98.3729,40.5844],[-98.3632,40.5849],[-98.3528,40.5853],[-98.3499,40.5854],[-98.3454,40.5856],[-98.3442,40.5856],[-98.3338,40.5861],[-98.329,40.5863],[-98.3168,40.5868],[-98.3158,40.5868],[-98.3013,40.5874],[-98.2988,40.5875],[-98.2783,40.5883],[-98.2474,40.5896],[-98.2387,40.591],[-98.2139,40.5966],[-98.1436,40.6124],[-98.1116,40.617],[-98.1001,40.6168],[-98.0972,40.6166],[-98.0955,40.6166],[-98.0933,40.6165],[-98.0695,40.6155],[-98.0573,40.6148],[-98.0477,40.6123],[-98.031,40.6088],[-97.9504,40.6033],[-97.9248,40.6016],[-97.8963,40.5997],[-97.8807,40.6002],[-97.8772,40.6007],[-97.8728,40.602],[-97.8704,40.603],[-97.8645,40.6054],[-97.8582,40.6079],[-97.8575,40.6082],[-97.8562,40.6087],[-97.8542,40.6101],[-97.8524,40.6122],[-97.8478,40.6175],[-97.8423,40.6205],[-97.8367,40.6218],[-97.8245,40.6226],[-97.7191,40.6292],[-97.6931,40.6308],[-97.6111,40.6358],[-97.6086,40.636],[-97.6025,40.6364],[-97.5891,40.6372],[-97.5801,40.6377],[-97.4641,40.6447],[-97.4513,40.6455],[-97.4368,40.6463],[-97.3684,40.6504],[-97.3029,40.6542],[-97.2771,40.6557],[-97.1902,40.6605],[-97.1811,40.6594],[-97.1428,40.6514],[-97.1172,40.646],[-97.0903,40.6403],[-97.0051,40.6224],[-96.9911,40.6221],[-96.9884,40.6226],[-96.9825,40.6246],[-96.9767,40.6246],[-96.9741,40.6244],[-96.9736,40.6244],[-96.9705,40.6245],[-96.9605,40.6282],[-96.9592,40.6287],[-96.9553,40.6307],[-96.9498,40.6346],[-96.9427,40.6422],[-96.9272,40.6474],[-96.9227,40.6497],[-96.9137,40.6588],[-96.9095,40.6625],[-96.9032,40.6671],[-96.8953,40.6752],[-96.8849,40.6824],[-96.8829,40.6844],[-96.8804,40.6896],[-96.8775,40.6929],[-96.8738,40.6989],[-96.8667,40.7219],[-96.8632,40.728],[-96.8615,40.7301],[-96.8587,40.732],[-96.8463,40.7352],[-96.8435,40.7377],[-96.8386,40.7458],[-96.8367,40.7563],[-96.8361,40.7582],[-96.8347,40.7599],[-96.8252,40.7657],[-96.8222,40.7668],[-96.8181,40.7673],[-96.7826,40.7684],[-96.7659,40.771],[-96.7523,40.7748],[-96.7497,40.7765],[-96.7262,40.7975],[-96.717,40.8083],[-96.7157,40.8093]]}},{"type":"Feature","properties":{"n":1,"a":"amtrak"},"geometry":{"type":"LineString","coordinates":[[-94.5125,39.1053],[-94.5052,39.1087],[-94.5045,39.109],[-94.5026,39.1095],[-94.4982,39.1107],[-94.4955,39.1114],[-94.4869,39.1138],[-94.4841,39.1143],[-94.4812,39.1139],[-94.4788,39.1132],[-94.4719,39.111],[-94.4676,39.1083],[-94.4628,39.1079],[-94.4606,39.107],[-94.459,39.1049],[-94.4593,39.1012],[-94.4587,39.0994],[-94.4527,39.0957],[-94.4497,39.0917],[-94.4476,39.0901],[-94.4443,39.089],[-94.4372,39.0878],[-94.4336,39.0878],[-94.4312,39.0872],[-94.4256,39.085],[-94.4205,39.0804],[-94.4176,39.0738],[-94.4168,39.07],[-94.4151,39.0662],[-94.415,39.0605],[-94.4159,39.0573],[-94.4206,39.0503],[-94.4225,39.035],[-94.4212,39.0305],[-94.4144,39.0204],[-94.412,39.0104],[-94.4118,38.9996],[-94.4137,38.9802],[-94.4135,38.9775],[-94.4119,38.9739],[-94.4022,38.9628],[-94.4012,38.9603],[-94.3986,38.9456],[-94.3936,38.9375],[-94.3912,38.9349],[-94.3894,38.9329],[-94.3881,38.9306],[-94.3877,38.9254],[-94.3864,38.9214],[-94.3807,38.9162],[-94.3773,38.9113],[-94.3768,38.9097],[-94.3757,38.9067],[-94.3696,38.8982],[-94.363,38.8891],[-94.3621,38.8879],[-94.36,38.8849],[-94.3579,38.8815],[-94.3564,38.8757],[-94.3551,38.8736],[-94.35,38.869],[-94.3424,38.8549],[-94.3404,38.853],[-94.3353,38.8495],[-94.3246,38.8364],[-94.3086,38.8259],[-94.303,38.8228],[-94.3004,38.8205],[-94.2807,38.7921],[-94.2798,38.791],[-94.2718,38.7833],[-94.2683,38.7801],[-94.2646,38.7784],[-94.2525,38.7764],[-94.2517,38.7763],[-94.1953,38.7668],[-94.1857,38.7628],[-94.1804,38.762],[-94.1637,38.7602],[-94.1454,38.7583],[-94.1238,38.7581],[-94.1152,38.7579],[-94.0935,38.7552],[-94.0891,38.7538],[-94.0728,38.7459],[-94.068,38.7438],[-94.0625,38.7422],[-94.0188,38.7309],[-93.992,38.7199],[-93.9897,38.7189],[-93.9849,38.717],[-93.977,38.7137],[-93.9725,38.7124],[-93.9685,38.7125],[-93.9617,38.7141],[-93.9525,38.7177],[-93.9386,38.7212],[-93.9181,38.7237],[-93.912,38.725],[-93.9085,38.7262],[-93.9044,38.7284],[-93.8987,38.7337],[-93.8819,38.7424],[-93.8786,38.7436],[-93.8733,38.7448],[-93.8648,38.745],[-93.85,38.7445],[-93.8425,38.7444],[-93.832,38.7456],[-93.815,38.7491],[-93.8115,38.7503],[-93.807,38.7529],[-93.8049,38.7534],[-93.8012,38.7532],[-93.7903,38.7498],[-93.7856,38.75],[-93.7701,38.7557],[-93.7633,38.7562],[-93.7596,38.7581],[-93.754,38.7599],[-93.7488,38.7625],[-93.7447,38.763],[-93.7378,38.7629],[-93.694,38.7625],[-93.6774,38.7658],[-93.6491,38.7693],[-93.6316,38.7767],[-93.6279,38.7773],[-93.6236,38.7767],[-93.6181,38.7758],[-93.5756,38.7682],[-93.5699,38.7668],[-93.5624,38.7667],[-93.5588,38.767],[-93.5526,38.7669],[-93.5512,38.7668],[-93.5477,38.7673],[-93.5179,38.7758],[-93.5135,38.7755],[-93.5073,38.7733],[-93.5005,38.7728],[-93.4929,38.7723],[-93.4584,38.775],[-93.4346,38.775],[-93.4225,38.7749],[-93.4138,38.7749],[-93.4082,38.7739],[-93.3635,38.757],[-93.349,38.7518],[-93.3438,38.7513],[-93.3366,38.7517],[-93.326,38.7521],[-93.3191,38.7506],[-93.3151,38.7486],[-93.311,38.7457],[-93.3085,38.7432],[-93.3068,38.7405],[-93.3032,38.7344],[-93.3009,38.7325],[-93.2981,38.7313],[-93.2856,38.7286],[-93.2838,38.7275],[-93.2809,38.7244],[-93.2768,38.7226],[-93.2689,38.7195],[-93.2616,38.7171],[-93.2561,38.7161],[-93.2541,38.7158],[-93.2379,38.713],[-93.2254,38.7109],[-93.2226,38.7104],[-93.2097,38.7082],[-93.2075,38.7077],[-93.1912,38.7028],[-93.185,38.6982],[-93.1817,38.697],[-93.1771,38.6963],[-93.1392,38.6942],[-93.1354,38.693],[-93.1246,38.6871],[-93.1205,38.6853],[-93.1163,38.6845],[-93.1014,38.684],[-93.0907,38.684],[-93.0867,38.6842],[-93.0791,38.6856],[-93.0606,38.6853],[-93.0524,38.6849],[-93.0452,38.6833],[-93.0427,38.6833],[-93.0355,38.6863],[-93.0261,38.6876],[-93.0185,38.6904],[-93.0184,38.6904],[-93.0082,38.6935],[-93.003,38.697],[-93.0001,38.6982],[-92.9809,38.7014],[-92.9769,38.7027],[-92.9715,38.7055],[-92.9679,38.7058],[-92.9655,38.7052],[-92.9558,38.7005],[-92.9268,38.6911],[-92.9201,38.6881],[-92.9124,38.6873],[-92.9093,38.6851],[-92.8969,38.6754],[-92.8863,38.6728],[-92.8813,38.67],[-92.8772,38.6698],[-92.8688,38.6712],[-92.8553,38.6721],[-92.8461,38.6701],[-92.8401,38.6675],[-92.8352,38.6661],[-92.8113,38.6624],[-92.7841,38.6581],[-92.7677,38.6556],[-92.7514,38.6531],[-92.7475,38.6527],[-92.7448,38.653],[-92.7036,38.663],[-92.7,38.6628],[-92.692,38.6606],[-92.6891,38.6603],[-92.6771,38.6629],[-92.6737,38.663],[-92.6704,38.6622],[-92.6639,38.6593],[-92.6537,38.655],[-92.6505,38.655],[-92.6436,38.6569],[-92.6334,38.6549],[-92.631,38.6538],[-92.6238,38.6474],[-92.6214,38.6463],[-92.6172,38.6454],[-92.5972,38.6419],[-92.5918,38.6394],[-92.5878,38.6363],[-92.5853,38.6342],[-92.5809,38.632],[-92.5708,38.6299],[-92.5635,38.6288],[-92.5554,38.6284],[-92.5546,38.6284],[-92.5377,38.6277],[-92.5308,38.6284],[-92.5267,38.6275],[-92.524,38.6259],[-92.5222,38.6238],[-92.5214,38.6218],[-92.5208,38.6176],[-92.5199,38.6159],[-92.5145,38.6116],[-92.5121,38.6106],[-92.5096,38.6104],[-92.5032,38.6109],[-92.4958,38.6089],[-92.491,38.6082],[-92.4865,38.6085],[-92.481,38.6099],[-92.4732,38.6125],[-92.4654,38.614],[-92.4587,38.6154],[-92.4558,38.617],[-92.4548,38.6185],[-92.4517,38.6263],[-92.4474,38.6303],[-92.4449,38.6312],[-92.4422,38.6313],[-92.4398,38.6305],[-92.4372,38.6289],[-92.4343,38.6274],[-92.4307,38.6272],[-92.4272,38.6277],[-92.4246,38.6273],[-92.4142,38.6209],[-92.4099,38.6199],[-92.4062,38.6193],[-92.4009,38.6169],[-92.3977,38.6166],[-92.3935,38.6176],[-92.3844,38.617],[-92.3792,38.618],[-92.3752,38.6182],[-92.3712,38.6196],[-92.3676,38.6203],[-92.3643,38.6219],[-92.3621,38.6221],[-92.3563,38.6204],[-92.3507,38.6206],[-92.3478,38.6202],[-92.3316,38.6132],[-92.3206,38.6112],[-92.3182,38.6111],[-92.3076,38.613],[-92.3009,38.6166],[-92.2986,38.6173],[-92.2958,38.6172],[-92.29,38.6157],[-92.287,38.6158],[-92.2823,38.6177],[-92.2767,38.6186],[-92.2704,38.6226],[-92.2659,38.6236],[-92.261,38.6225],[-92.2496,38.616],[-92.2469,38.6149],[-92.2441,38.6146],[-92.2381,38.6148],[-92.2313,38.6133],[-92.2275,38.6139],[-92.223,38.6142],[-92.2204,38.6137],[-92.2168,38.6117],[-92.2055,38.603],[-92.2007,38.599],[-92.1921,38.5931],[-92.1866,38.5895],[-92.181,38.5867],[-92.1778,38.5848],[-92.1768,38.584],[-92.1724,38.5805],[-92.1669,38.5772],[-92.1576,38.5741],[-92.1514,38.5725],[-92.1461,38.5707],[-92.1399,38.5677],[-92.1263,38.5635],[-92.1147,38.5607],[-92.0981,38.5576],[-92.0956,38.5564],[-92.0895,38.552],[-92.0806,38.549],[-92.0729,38.5467],[-92.0659,38.5466],[-92.0491,38.5472],[-92.0466,38.5483],[-92.0418,38.5518],[-92.0395,38.553],[-92.0369,38.5533],[-92.0309,38.5526],[-92.0259,38.552],[-92.0194,38.5512],[-92.0166,38.551],[-92.0138,38.5516],[-92.0093,38.5542],[-92.0037,38.5561],[-91.9978,38.5594],[-91.976,38.5698],[-91.9657,38.5784],[-91.9637,38.58],[-91.9351,38.6],[-91.9207,38.6121],[-91.909,38.6188],[-91.9044,38.6237],[-91.8915,38.6321],[-91.8832,38.6386],[-91.8735,38.6439],[-91.851,38.6546],[-91.8445,38.6571],[-91.8364,38.659],[-91.8265,38.6638],[-91.812,38.6686],[-91.7916,38.6739],[-91.773,38.6761],[-91.7691,38.6765],[-91.764,38.6771],[-91.7578,38.6778],[-91.7544,38.6781],[-91.7416,38.6783],[-91.7262,38.6777],[-91.7203,38.6784],[-91.6747,38.6769],[-91.663,38.6782],[-91.6539,38.6784],[-91.6405,38.6763],[-91.6337,38.6758],[-91.6216,38.6753],[-91.5731,38.6763],[-91.5639,38.6752],[-91.562,38.674],[-91.5588,38.6699],[-91.5555,38.669],[-91.5502,38.6697],[-91.5484,38.6708],[-91.5425,38.6765],[-91.5285,38.6826],[-91.5232,38.6856],[-91.5093,38.6899],[-91.4971,38.6927],[-91.4915,38.6934],[-91.4868,38.695],[-91.4828,38.6973],[-91.4738,38.7008],[-91.4509,38.7059],[-91.4376,38.7077],[-91.4347,38.7077],[-91.4287,38.7071],[-91.424,38.7076],[-91.419,38.7072],[-91.4123,38.7077],[-91.3997,38.7063],[-91.3931,38.705],[-91.3819,38.7014],[-91.3692,38.6965],[-91.3518,38.6888],[-91.3406,38.6829],[-91.3388,38.6815],[-91.3366,38.6784],[-91.3347,38.6767],[-91.3241,38.6707],[-91.3107,38.6619],[-91.3012,38.6544],[-91.297,38.6502],[-91.2838,38.645],[-91.2791,38.6422],[-91.274,38.6381],[-91.2658,38.6353],[-91.2461,38.6253],[-91.2224,38.6184],[-91.2156,38.6149],[-91.2121,38.6131],[-91.2014,38.6101],[-91.1914,38.6082],[-91.181,38.6052],[-91.1681,38.6038],[-91.1578,38.602],[-91.1511,38.5986],[-91.1374,38.5959],[-91.1217,38.5957],[-91.1069,38.5991],[-91.1002,38.6014],[-91.0952,38.6022],[-91.0836,38.6029],[-91.0755,38.6025],[-91.0684,38.6012],[-91.0655,38.6001],[-91.0521,38.5884],[-91.0426,38.58],[-91.0233,38.5676],[-91.0138,38.5626],[-91.004,38.5569],[-90.9781,38.546],[-90.9709,38.5413],[-90.9545,38.5385],[-90.9394,38.5344],[-90.9323,38.5334],[-90.918,38.5323],[-90.8923,38.5316],[-90.8901,38.5315],[-90.8846,38.5313],[-90.8802,38.5303],[-90.8727,38.5256],[-90.8696,38.5243],[-90.86,38.5228],[-90.8493,38.5203],[-90.846,38.5189],[-90.8432,38.5161],[-90.8362,38.499],[-90.8346,38.4966],[-90.8311,38.4944],[-90.8242,38.4924],[-90.8172,38.4895],[-90.8117,38.4871],[-90.8054,38.4827],[-90.7953,38.4787],[-90.7926,38.4782],[-90.7507,38.4801],[-90.7406,38.4819],[-90.7372,38.4825],[-90.7359,38.4828],[-90.7352,38.4829],[-90.7308,38.4837],[-90.7262,38.4836],[-90.7219,38.4822],[-90.7132,38.4802],[-90.71,38.4803],[-90.7071,38.4811],[-90.7032,38.484],[-90.6915,38.4957],[-90.6862,38.502],[-90.6823,38.5038],[-90.6763,38.5041],[-90.628,38.5031],[-90.6208,38.5033],[-90.6188,38.5041],[-90.6173,38.5054],[-90.6163,38.5074],[-90.6153,38.5174],[-90.6107,38.5256],[-90.6089,38.5277],[-90.6063,38.529],[-90.5943,38.532],[-90.5874,38.537],[-90.5819,38.5383],[-90.5727,38.54],[-90.567,38.5436],[-90.561,38.5465],[-90.5503,38.5478],[-90.5395,38.5474],[-90.5323,38.5491],[-90.5201,38.5476],[-90.5026,38.5473],[-90.4984,38.5479],[-90.4954,38.549],[-90.4928,38.5506],[-90.4908,38.5528],[-90.4867,38.5576],[-90.4848,38.5591],[-90.4775,38.5622],[-90.4738,38.5641],[-90.4695,38.5673],[-90.4632,38.5703],[-90.4582,38.572],[-90.4469,38.5732],[-90.4357,38.5761],[-90.4281,38.5794],[-90.4249,38.5794],[-90.417,38.5776],[-90.4142,38.578],[-90.411,38.5795],[-90.4081,38.5807],[-90.4059,38.5807],[-90.4,38.578],[-90.394,38.5752],[-90.3898,38.5753],[-90.3834,38.5772],[-90.3765,38.5794],[-90.3742,38.5809],[-90.3729,38.5824],[-90.3688,38.5909],[-90.3676,38.5925],[-90.3653,38.5937],[-90.3597,38.5945],[-90.3558,38.5952],[-90.3526,38.5969],[-90.351,38.5984],[-90.3464,38.6053],[-90.3447,38.6069],[-90.341,38.6081],[-90.3362,38.6072],[-90.3294,38.6048],[-90.326,38.6043],[-90.3226,38.6048],[-90.3204,38.6057],[-90.3139,38.6106],[-90.3091,38.6142],[-90.3009,38.6165],[-90.2971,38.6193],[-90.2941,38.6211],[-90.291,38.6219],[-90.2721,38.6241],[-90.2685,38.624],[-90.2651,38.6231],[-90.2645,38.623],[-90.2602,38.6221],[-90.2552,38.6227],[-90.2533,38.6233],[-90.2488,38.6252],[-90.2436,38.6288],[-90.2407,38.6296],[-90.2373,38.6297],[-90.237,38.6296],[-90.2367,38.6296]]}},{"type":"Feature","properties":{"n":1,"a":"amtrak"},"geometry":{"type":"LineString","coordinates":[[-96.71,40.8214],[-96.6962,40.8287],[-96.6822,40.8361],[-96.6694,40.8428],[-96.6442,40.856],[-96.6426,40.8568],[-96.6398,40.8583],[-96.6265,40.8653],[-96.6237,40.8667],[-96.5511,40.9048],[-96.5279,40.9169],[-96.5245,40.9187],[-96.492,40.9357],[-96.4638,40.9469],[-96.4568,40.9498],[-96.4537,40.9515],[-96.4503,40.9542],[-96.4442,40.9602],[-96.4432,40.9612],[-96.4395,40.965],[-96.3891,41.0152],[-96.3832,41.0209],[-96.3751,41.0269],[-96.3707,41.0302],[-96.3659,41.0337],[-96.3612,41.0371],[-96.3583,41.0391],[-96.3559,41.0408],[-96.3536,41.0426],[-96.3456,41.0502],[-96.3265,41.0615],[-96.2811,41.0884],[-96.2791,41.0906],[-96.2768,41.0948],[-96.2741,41.1009],[-96.2734,41.1105],[-96.273,41.1164],[-96.2717,41.1192],[-96.2596,41.1291],[-96.2492,41.1422],[-96.2451,41.1462],[-96.2353,41.1505],[-96.2265,41.1569],[-96.2223,41.1608],[-96.2152,41.17],[-96.2126,41.1718],[-96.1982,41.1781],[-96.1864,41.1805],[-96.1767,41.1841],[-96.1719,41.1846],[-96.1607,41.1848],[-96.1543,41.1839],[-96.1515,41.1834],[-96.1318,41.1802],[-96.1146,41.1757],[-96.1111,41.1752],[-96.1048,41.1758],[-96.0982,41.1785],[-96.0922,41.1822],[-96.0881,41.1833],[-96.0845,41.1831],[-96.0769,41.1809],[-96.0722,41.1814],[-96.0698,41.1827],[-96.066,41.1862],[-96.0601,41.189],[-96.0574,41.1907],[-96.0533,41.1946],[-96.0499,41.1965],[-96.0411,41.1991],[-96.0363,41.1995],[-96.0267,41.1992],[-96.0166,41.1988],[-96.0028,41.1981],[-95.9999,41.1971],[-95.9948,41.1937],[-95.9922,41.193],[-95.99,41.1931],[-95.9881,41.1936],[-95.9858,41.1949],[-95.9813,41.1993],[-95.9787,41.203],[-95.9766,41.2061],[-95.9702,41.2104],[-95.9664,41.217],[-95.961,41.2216],[-95.9537,41.2268],[-95.9516,41.2303],[-95.9504,41.2353],[-95.948,41.2397],[-95.9463,41.2411],[-95.9419,41.2434],[-95.9355,41.2499],[-95.933,41.2509],[-95.9299,41.2508],[-95.925,41.2494],[-95.9226,41.2483],[-95.9206,41.246],[-95.9154,41.2373],[-95.9141,41.2337],[-95.914,41.2321],[-95.9145,41.2303],[-95.916,41.2281],[-95.9169,41.2274],[-95.9177,41.2269],[-95.9182,41.2267],[-95.9279,41.2199],[-95.931,41.2156],[-95.9321,41.2115],[-95.9326,41.2067],[-95.9318,41.2024],[-95.9294,41.1953],[-95.9262,41.1911],[-95.9214,41.1864],[-95.9181,41.1842],[-95.914,41.1832],[-95.9056,41.1831],[-95.9009,41.1809],[-95.899,41.1795],[-95.8934,41.1729],[-95.8887,41.1654],[-95.8872,41.1609],[-95.8858,41.1538],[-95.8859,41.1511],[-95.8872,41.1378],[-95.8888,41.1302],[-95.8893,41.1265],[-95.8893,41.1122],[-95.8899,41.11],[-95.8916,41.1077],[-95.8935,41.1064],[-95.902,41.1037],[-95.9049,41.1026],[-95.9069,41.1013],[-95.9114,41.0969],[-95.9128,41.094],[-95.9166,41.0834],[-95.9222,41.0742],[-95.9242,41.0713],[-95.9278,41.0689],[-95.9315,41.0669],[-95.933,41.0647],[-95.9328,41.0628],[-95.9302,41.0585],[-95.9265,41.0526],[-95.9238,41.049],[-95.9216,41.0479],[-95.9193,41.0475],[-95.8961,41.0445],[-95.8928,41.0435],[-95.8904,41.0419],[-95.8887,41.0399],[-95.8867,41.0361],[-95.8857,41.03],[-95.8831,41.0259],[-95.8819,41.0228],[-95.8821,41.0175],[-95.881,41.011],[-95.8806,41.0097],[-95.8784,41.0068],[-95.876,41.0048],[-95.8731,41.0011],[-95.8703,41.0006],[-95.8662,41.0021],[-95.8312,41.0159],[-95.8047,41.0162],[-95.7964,41.0162],[-95.7731,41.0163],[-95.7694,41.0169],[-95.7652,41.0183],[-95.7517,41.0257],[-95.7478,41.0292],[-95.7428,41.0364],[-95.74,41.0395],[-95.7367,41.0417],[-95.7162,41.0504],[-95.708,41.0548],[-95.703,41.0564],[-95.6969,41.0569],[-95.6912,41.0561],[-95.6775,41.0511],[-95.6681,41.049],[-95.6636,41.0471],[-95.6554,41.0419],[-95.6508,41.0398],[-95.6456,41.0382],[-95.6329,41.0355],[-95.6275,41.0333],[-95.6231,41.0301],[-95.6132,41.0186],[-95.6093,41.0159],[-95.6039,41.0138],[-95.5838,41.0099],[-95.5659,41.0056],[-95.5606,41.0053],[-95.5556,41.0058],[-95.5498,41.0077],[-95.5272,41.0197],[-95.5228,41.0212],[-95.5183,41.0219],[-95.5073,41.0238],[-95.5039,41.0243],[-95.494,41.0258],[-95.4835,41.0247],[-95.4516,41.0201],[-95.4219,41.0138],[-95.414,41.014],[-95.3889,41.0179],[-95.3845,41.0183],[-95.3642,41.0182],[-95.3539,41.0154],[-95.3441,41.0122],[-95.3387,41.0113],[-95.3338,41.0114],[-95.3219,41.0129],[-95.3118,41.0142],[-95.3054,41.0137],[-95.2785,41.0051],[-95.2718,41.0042],[-95.235,41.0018],[-95.2286,41.0027],[-95.207,41.0101],[-95.2017,41.0106],[-95.1975,41.0103],[-95.1917,41.0087],[-95.1553,40.9928],[-95.1291,40.9842],[-95.1105,40.9785],[-95.094,40.977],[-95.0887,40.9763],[-95.0847,40.9752],[-95.0617,40.9639],[-95.0407,40.9572],[-95.0321,40.9555],[-95.0278,40.954],[-95.0223,40.9506],[-95.0148,40.9417],[-95.0104,40.9373],[-95.0077,40.9356],[-95.003,40.9337],[-94.9839,40.9268],[-94.9778,40.9256],[-94.9682,40.9249],[-94.9335,40.9258],[-94.9283,40.9265],[-94.9166,40.93],[-94.8822,40.9442],[-94.8451,40.9591],[-94.832,40.9618],[-94.8029,40.9636],[-94.789,40.9644],[-94.7824,40.9662],[-94.7643,40.9727],[-94.7583,40.975],[-94.7362,40.9857],[-94.7038,40.9978],[-94.6834,41.0052],[-94.6627,41.0091],[-94.6573,41.0093],[-94.6332,41.0085],[-94.6261,41.0096],[-94.6222,41.0111],[-94.6188,41.0132],[-94.6063,41.0251],[-94.6027,41.0271],[-94.596,41.0296],[-94.5804,41.0354],[-94.5686,41.0384],[-94.5645,41.0389],[-94.5233,41.0387],[-94.471,41.0445],[-94.4617,41.0456],[-94.4551,41.0461],[-94.3962,41.0454],[-94.39,41.0456],[-94.3848,41.0469],[-94.3805,41.049],[-94.371,41.055],[-94.3668,41.0564],[-94.3604,41.0569],[-94.3491,41.0575],[-94.3477,41.0576],[-94.3461,41.0577],[-94.3394,41.058],[-94.3372,41.0582],[-94.3326,41.0582],[-94.324,41.0573],[-94.3181,41.056],[-94.3145,41.0543],[-94.2937,41.0414],[-94.2869,41.039],[-94.2814,41.0385],[-94.267,41.0391],[-94.2328,41.0336],[-94.2145,41.0333],[-94.1924,41.0297],[-94.1847,41.0287],[-94.1761,41.029],[-94.1688,41.0291],[-94.1643,41.0285],[-94.1465,41.0224],[-94.1416,41.0214],[-94.1366,41.0214],[-94.1276,41.0229],[-94.1232,41.023],[-94.0874,41.0189],[-94.081,41.0197],[-94.0526,41.0273],[-94.0145,41.0376],[-94.0013,41.0411],[-93.9971,41.0418],[-93.9557,41.0418],[-93.9508,41.0424],[-93.9469,41.0435],[-93.9196,41.0544],[-93.9155,41.0553],[-93.9111,41.0551],[-93.906,41.0533],[-93.8857,41.0394],[-93.8819,41.0375],[-93.857,41.0331],[-93.8507,41.0307],[-93.8428,41.0265],[-93.8396,41.0255],[-93.8174,41.0227],[-93.8128,41.0231],[-93.7807,41.0301],[-93.7756,41.0319],[-93.7657,41.037],[-93.7572,41.0414],[-93.7536,41.0427],[-93.7485,41.0434],[-93.7427,41.0428],[-93.7367,41.0405],[-93.7235,41.0315],[-93.7091,41.0249],[-93.6933,41.0176],[-93.6879,41.0157],[-93.6578,41.0108],[-93.6355,41.0077],[-93.6334,41.0078],[-93.6315,41.0087],[-93.6261,41.0136],[-93.6224,41.0151],[-93.6202,41.0151],[-93.6074,41.0125],[-93.5656,41.0039],[-93.5606,41.0038],[-93.5567,41.005],[-93.5397,41.0149],[-93.5342,41.0169],[-93.4842,41.0254],[-93.4768,41.0273],[-93.4537,41.0285],[-93.4398,41.0328],[-93.4308,41.0343],[-93.4048,41.0358],[-93.3756,41.0405],[-93.3547,41.0403],[-93.3488,41.0396],[-93.3438,41.0379],[-93.3247,41.0265],[-93.3114,41.0183],[-93.311,41.018],[-93.3099,41.0162],[-93.3094,41.0128],[-93.3083,41.0113],[-93.2864,40.9918],[-93.2815,40.9882],[-93.277,40.9855],[-93.2707,40.9825],[-93.2434,40.9733],[-93.2374,40.9725],[-93.2326,40.9732],[-93.2047,40.9833],[-93.1947,40.9852],[-93.1787,40.9867],[-93.1512,40.9875],[-93.1266,40.9829],[-93.1179,40.9835],[-93.1153,40.9832],[-93.1124,40.9817],[-93.1094,40.9781],[-93.1071,40.9771],[-93.104,40.977],[-93.0982,40.9782],[-93.0813,40.9788],[-93.0788,40.9781],[-93.0723,40.9748],[-93.067,40.9737],[-93.0509,40.9743],[-93.039,40.9749],[-93.0357,40.9743],[-93.0263,40.9699],[-93.0175,40.9643],[-93.0141,40.9635],[-93.0103,40.9643],[-92.9955,40.9721],[-92.9925,40.9731],[-92.974,40.9722],[-92.9576,40.9727],[-92.9532,40.9735],[-92.9499,40.9747],[-92.9466,40.9767],[-92.9441,40.979],[-92.9402,40.984],[-92.9352,40.9876],[-92.9296,40.9896],[-92.9151,40.9925],[-92.9092,40.9953],[-92.9057,40.9983],[-92.8976,41.0086],[-92.8944,41.0117],[-92.8747,41.0259],[-92.8631,41.034],[-92.8584,41.0353],[-92.8509,41.0359],[-92.8478,41.0359],[-92.8361,41.034],[-92.8173,41.029],[-92.8127,41.0297],[-92.8074,41.0314],[-92.8057,41.0318],[-92.7785,41.0402],[-92.7779,41.0404],[-92.7761,41.0409],[-92.7688,41.044],[-92.7522,41.0561],[-92.7322,41.0698],[-92.724,41.0774],[-92.7185,41.0804],[-92.6714,41.0915],[-92.662,41.0922],[-92.6462,41.0928],[-92.6414,41.0924],[-92.6399,41.0922],[-92.6186,41.089],[-92.5865,41.0881],[-92.5641,41.089],[-92.5466,41.0919],[-92.5411,41.0919],[-92.5365,41.0911],[-92.5321,41.0895],[-92.5278,41.087],[-92.5245,41.0839],[-92.5153,41.0722],[-92.5048,41.0651],[-92.4869,41.0574],[-92.4371,41.0342],[-92.4322,41.0315],[-92.4286,41.0289],[-92.4163,41.0193],[-92.4127,41.0165],[-92.4067,41.0121],[-92.4045,41.0107],[-92.401,41.0094],[-92.3948,41.0083],[-92.3892,41.0068],[-92.3877,41.0063],[-92.3816,41.0051],[-92.3692,41.0055],[-92.363,41.0046],[-92.3593,41.0033],[-92.3357,40.9925],[-92.3299,40.9909],[-92.3249,40.9907],[-92.3109,40.9924],[-92.306,40.9925],[-92.2698,40.9899],[-92.1791,40.9915],[-92.1713,40.9916],[-92.1663,40.9923],[-92.0757,41.0076],[-92.0442,41.0085],[-92.0112,41.0147],[-91.9903,41.0133],[-91.9809,41.0125],[-91.9701,41.0116],[-91.9695,41.0115],[-91.9502,41.01],[-91.913,41.011],[-91.8522,41.0103],[-91.8454,41.0089],[-91.8306,41.0014],[-91.8241,40.9995],[-91.7963,40.9948],[-91.7703,40.9956],[-91.7506,40.9961],[-91.7451,40.9953],[-91.718,40.9897],[-91.6956,40.9851],[-91.6794,40.9845],[-91.6483,40.9834],[-91.6441,40.9823],[-91.6305,40.9773],[-91.6249,40.9763],[-91.6014,40.9769],[-91.5499,40.9713],[-91.5273,40.9657],[-91.423,40.9386],[-91.41,40.9342],[-91.3977,40.9282],[-91.3893,40.9228],[-91.3717,40.9098],[-91.3146,40.8672],[-91.2688,40.8331],[-91.2623,40.8302],[-91.2553,40.8291],[-91.2399,40.8289],[-91.2254,40.8287],[-91.2198,40.8286],[-91.2086,40.8285],[-91.1681,40.828],[-91.154,40.8279],[-91.1467,40.8281],[-91.142,40.829],[-91.1356,40.831],[-91.1308,40.8306],[-91.1285,40.8294],[-91.1235,40.8249],[-91.1159,40.8215],[-91.1142,40.8197],[-91.1132,40.8171],[-91.1124,40.8144],[-91.1103,40.8118],[-91.106,40.8091],[-91.1024,40.808],[-91.1014,40.8077],[-91.1004,40.8068],[-91.0994,40.8001],[-91.098,40.7977],[-91.0962,40.7972],[-91.0946,40.7976],[-91.0881,40.7998],[-91.0861,40.8007],[-91.0847,40.802],[-91.0819,40.8079],[-91.0766,40.8138],[-91.0625,40.8194],[-91.0308,40.8313],[-90.9719,40.8596],[-90.9621,40.8643],[-90.9571,40.8655],[-90.9488,40.8659],[-90.9404,40.8677],[-90.9365,40.8678],[-90.9103,40.8648],[-90.8914,40.8615],[-90.8797,40.858],[-90.8623,40.8562],[-90.8592,40.8554],[-90.8529,40.8532],[-90.849,40.8525],[-90.8299,40.8547],[-90.8138,40.8527],[-90.8059,40.8524],[-90.7967,40.8541],[-90.7878,40.8578],[-90.7719,40.8603],[-90.7516,40.8682],[-90.6565,40.9053],[-90.6547,40.9059],[-90.6505,40.9066],[-90.645,40.9058],[-90.6338,40.9007],[-90.6101,40.8917],[-90.6069,40.8909],[-90.5165,40.8894],[-90.5087,40.8893],[-90.4987,40.8893],[-90.48,40.8893]]}},{"type":"Feature","properties":{"n":1,"a":"amtrak"},"geometry":{"type":"LineString","coordinates":[[-89.1529,37.0038],[-89.1555,37.0056],[-89.1571,37.0075],[-89.1601,37.018],[-89.1616,37.0228],[-89.1639,37.0245],[-89.166,37.0246],[-89.1796,37.0224],[-89.1824,37.0219],[-89.1872,37.0214],[-89.1889,37.0221],[-89.1899,37.0233],[-89.1917,37.0379],[-89.192,37.0402],[-89.1929,37.046],[-89.1999,37.0888],[-89.2017,37.0995],[-89.2023,37.1122],[-89.2017,37.122],[-89.1999,37.1306],[-89.1966,37.1418],[-89.1968,37.1449],[-89.1989,37.1491],[-89.1992,37.1508],[-89.1989,37.1526],[-89.1962,37.1589],[-89.1955,37.1649],[-89.1966,37.1702],[-89.1982,37.1743],[-89.209,37.1956],[-89.2103,37.1993],[-89.2107,37.2028],[-89.2104,37.206],[-89.2078,37.2129],[-89.1872,37.2639],[-89.1853,37.276],[-89.1846,37.2805],[-89.1832,37.2841],[-89.1808,37.2874],[-89.1766,37.2917],[-89.163,37.3054],[-89.1617,37.3076],[-89.1616,37.3099],[-89.164,37.3192],[-89.1657,37.3236],[-89.1697,37.3343],[-89.1717,37.3394],[-89.1764,37.3487],[-89.1768,37.3509],[-89.1762,37.353],[-89.175,37.3544],[-89.1668,37.3607],[-89.1646,37.3627],[-89.1641,37.3647],[-89.1651,37.3667],[-89.1692,37.369],[-89.1706,37.3711],[-89.1708,37.3741],[-89.1688,37.3795],[-89.1691,37.3812],[-89.1703,37.3831],[-89.1728,37.3853],[-89.1801,37.3894],[-89.1831,37.3906],[-89.1887,37.3946],[-89.1897,37.3965],[-89.1923,37.4091],[-89.1931,37.411],[-89.1943,37.4123],[-89.1973,37.4135],[-89.2047,37.4132],[-89.2082,37.4139],[-89.2204,37.4218],[-89.2218,37.4244],[-89.2214,37.4293],[-89.2217,37.431],[-89.2275,37.4433],[-89.2309,37.4524],[-89.2333,37.4544],[-89.2459,37.4595],[-89.2509,37.4622],[-89.255,37.4664],[-89.2566,37.4697],[-89.2573,37.4724],[-89.2623,37.4963],[-89.2623,37.4983],[-89.2615,37.5003],[-89.2608,37.5025],[-89.2608,37.5039],[-89.2633,37.5082],[-89.2634,37.5109],[-89.2624,37.5127],[-89.2557,37.5202],[-89.2549,37.5226],[-89.2543,37.529],[-89.2541,37.5312],[-89.2541,37.5337],[-89.2551,37.5366],[-89.2549,37.538],[-89.2537,37.5394],[-89.2429,37.5467],[-89.2421,37.5486],[-89.2425,37.5527],[-89.2417,37.5542],[-89.24,37.5556],[-89.2353,37.5572],[-89.2264,37.5625],[-89.225,37.564],[-89.2247,37.5656],[-89.2255,37.5795],[-89.2241,37.5816],[-89.2205,37.5834],[-89.2189,37.5851],[-89.2174,37.591],[-89.2154,37.5945],[-89.2158,37.5959],[-89.218,37.5986],[-89.2188,37.6001],[-89.2186,37.6021],[-89.2175,37.6033],[-89.2137,37.6051],[-89.2124,37.6064],[-89.212,37.6104],[-89.2094,37.6141],[-89.2093,37.6177],[-89.207,37.6213],[-89.207,37.6238],[-89.2082,37.6253],[-89.2131,37.6282],[-89.2143,37.6296],[-89.2148,37.631],[-89.2148,37.6354],[-89.2166,37.6391],[-89.2179,37.6453],[-89.219,37.647],[-89.222,37.6496],[-89.2228,37.6513],[-89.2218,37.6551],[-89.2227,37.6585],[-89.2225,37.6602],[-89.2209,37.6622],[-89.2169,37.6647],[-89.2134,37.6689],[-89.2104,37.6806],[-89.2142,37.712],[-89.2151,37.7182],[-89.2159,37.7244],[-89.2175,37.737],[-89.2181,37.7413],[-89.2183,37.7439],[-89.2188,37.7479],[-89.2203,37.7598],[-89.2204,37.761],[-89.2276,37.8187],[-89.235,37.8802],[-89.2361,37.9089],[-89.2372,37.94],[-89.2376,37.9503],[-89.2389,37.9845],[-89.2396,38.0019],[-89.2399,38.0103],[-89.2399,38.012],[-89.24,38.0144],[-89.2403,38.0213],[-89.2403,38.0222],[-89.2405,38.0285],[-89.2407,38.0324],[-89.2415,38.0566],[-89.2419,38.0671],[-89.2415,38.0731],[-89.2295,38.1331],[-89.2293,38.1338],[-89.2193,38.1835],[-89.2147,38.2064],[-89.2137,38.2113],[-89.2132,38.2139],[-89.2109,38.2249],[-89.199,38.284],[-89.1899,38.3285],[-89.1797,38.3786],[-89.1758,38.3965],[-89.1627,38.4401],[-89.1592,38.4515],[-89.1585,38.4539],[-89.156,38.4622],[-89.1528,38.473],[-89.1505,38.4804],[-89.1483,38.4878],[-89.1451,38.4983],[-89.1438,38.5026],[-89.1418,38.5094],[-89.1399,38.5157],[-89.1373,38.5241],[-89.1363,38.5275],[-89.1332,38.5381],[-89.1322,38.5435],[-89.1288,38.5622],[-89.1261,38.5674],[-89.122,38.5716],[-89.0934,38.5902],[-89.0523,38.6166],[-89.0384,38.6256],[-88.984,38.6605],[-88.9776,38.6653],[-88.9644,38.676],[-88.9251,38.7081],[-88.9086,38.7216],[-88.8535,38.7666],[-88.7819,38.8249],[-88.7778,38.8282],[-88.7686,38.8357],[-88.7143,38.8798],[-88.6937,38.8965],[-88.6714,38.9146],[-88.6662,38.9189],[-88.6632,38.9213],[-88.6236,38.9534],[-88.601,38.9718],[-88.5956,38.9773],[-88.5917,38.9822],[-88.5783,39.0054],[-88.5756,39.0126],[-88.5718,39.0268],[-88.5626,39.0622],[-88.5575,39.0815],[-88.5568,39.084],[-88.5526,39.1002],[-88.552,39.1021],[-88.5519,39.1025],[-88.5505,39.1077],[-88.5492,39.1125],[-88.5474,39.1172],[-88.5452,39.1218],[-88.5408,39.1313],[-88.5342,39.1455],[-88.5289,39.1569],[-88.5017,39.215],[-88.4962,39.2268],[-88.4711,39.2803],[-88.4674,39.2883],[-88.4547,39.3153],[-88.4537,39.3178],[-88.4273,39.3743],[-88.4207,39.3888],[-88.3913,39.4511],[-88.387,39.46],[-88.3861,39.4618],[-88.3804,39.4739],[-88.38,39.4746],[-88.3799,39.475],[-88.376,39.4831],[-88.3657,39.505],[-88.3521,39.5338],[-88.3457,39.5475],[-88.3433,39.5525],[-88.3229,39.5957],[-88.3217,39.5994],[-88.3209,39.6037],[-88.3136,39.6518],[-88.3091,39.6812],[-88.307,39.695],[-88.3005,39.7374],[-88.2969,39.7609],[-88.2915,39.7956],[-88.2911,39.7985],[-88.2873,39.823],[-88.2809,39.8641],[-88.2785,39.8792],[-88.2757,39.8974],[-88.2731,39.9142],[-88.2624,39.9821],[-88.2622,39.9837],[-88.2621,39.9842],[-88.2617,39.9866],[-88.251,40.0545],[-88.2435,40.1021],[-88.2423,40.1095],[-88.2408,40.1155],[-88.2393,40.1194],[-88.2379,40.1227],[-88.2375,40.1237],[-88.2341,40.1317],[-88.2333,40.1338],[-88.2189,40.1682],[-88.2102,40.1893],[-88.1887,40.2407],[-88.1593,40.3111],[-88.1578,40.3145],[-88.157,40.3164],[-88.1292,40.3826],[-88.1254,40.3917],[-88.1217,40.4006],[-88.1001,40.4518],[-88.0848,40.4881],[-88.0836,40.4909],[-88.0716,40.5192],[-88.0374,40.5997],[-88.0289,40.6204],[-88.0151,40.6791],[-88.0074,40.712],[-87.9979,40.7526],[-87.995,40.7648],[-87.9945,40.7669],[-87.9939,40.7695],[-87.9938,40.7702],[-87.9928,40.7741],[-87.9901,40.7859],[-87.9891,40.79],[-87.9874,40.797],[-87.9778,40.822],[-87.9548,40.8822],[-87.9429,40.9134],[-87.9386,40.9247],[-87.9337,40.9375],[-87.9095,41.0008],[-87.9088,41.0028],[-87.8897,41.0526],[-87.888,41.0571],[-87.8824,41.0715],[-87.8777,41.084],[-87.8773,41.085],[-87.8767,41.0866],[-87.8758,41.0889],[-87.8734,41.0951],[-87.868,41.1092],[-87.866,41.1192],[-87.8647,41.1258],[-87.8644,41.1272],[-87.864,41.1292],[-87.8626,41.1369],[-87.8623,41.1382],[-87.8613,41.1436],[-87.8609,41.1459],[-87.8586,41.1577],[-87.8579,41.1612],[-87.8552,41.1756],[-87.8545,41.1791],[-87.8544,41.1797],[-87.8535,41.1844],[-87.8535,41.1846],[-87.8522,41.1916],[-87.8505,41.2004],[-87.8485,41.2108],[-87.8451,41.2285],[-87.8431,41.2333],[-87.8309,41.2563],[-87.8102,41.2955],[-87.7855,41.3421],[-87.7374,41.4326],[-87.7359,41.4354],[-87.7301,41.4464],[-87.7269,41.4525],[-87.7232,41.4591],[-87.7175,41.4698],[-87.7096,41.4845],[-87.7089,41.4858],[-87.7042,41.4949],[-87.703,41.4971],[-87.7023,41.4983],[-87.7018,41.4993],[-87.6863,41.5284],[-87.667,41.5644],[-87.6577,41.5821],[-87.6463,41.6033],[-87.6451,41.6054],[-87.6441,41.6073],[-87.6418,41.6117],[-87.6416,41.612],[-87.6393,41.6162],[-87.6272,41.6388],[-87.6202,41.6521],[-87.6183,41.6577],[-87.6123,41.6838],[-87.612,41.6855]]}},{"type":"Feature","properties":{"n":1,"a":"amtrak"},"geometry":{"type":"LineString","coordinates":[[-108.3163,39.1501],[-108.3149,39.152],[-108.3107,39.155],[-108.3072,39.161],[-108.3058,39.1635],[-108.3052,39.1663],[-108.3032,39.1709],[-108.2896,39.1771],[-108.2839,39.1822],[-108.2828,39.1852],[-108.2835,39.1921],[-108.2822,39.1955],[-108.28,39.1966],[-108.2729,39.1967],[-108.2709,39.1974],[-108.2698,39.1987],[-108.2673,39.2037],[-108.264,39.2073],[-108.2593,39.2097],[-108.2585,39.2107],[-108.2583,39.2122],[-108.2581,39.2219],[-108.2586,39.2235],[-108.2622,39.2262],[-108.2682,39.2278],[-108.2729,39.2304],[-108.2742,39.2318],[-108.275,39.2344],[-108.2745,39.2359],[-108.2728,39.2376],[-108.2676,39.24],[-108.2653,39.2403],[-108.2612,39.239],[-108.2591,39.2395],[-108.2579,39.241],[-108.258,39.2429],[-108.2596,39.2494],[-108.2617,39.2543],[-108.2616,39.2581],[-108.2604,39.2609],[-108.2582,39.265],[-108.2593,39.2682],[-108.2591,39.2694],[-108.255,39.2732],[-108.254,39.2749],[-108.255,39.279],[-108.2536,39.2831],[-108.2472,39.2933],[-108.2455,39.31],[-108.245,39.3113],[-108.2426,39.3132],[-108.2242,39.3187],[-108.223,39.3201],[-108.2222,39.3234],[-108.2166,39.329],[-108.215,39.3304],[-108.21,39.3323],[-108.204,39.3341],[-108.195,39.3424],[-108.1926,39.3449],[-108.1864,39.3485],[-108.1834,39.3527],[-108.1817,39.354],[-108.1798,39.3545],[-108.1656,39.3555],[-108.1607,39.3569],[-108.1596,39.3584],[-108.1599,39.362],[-108.1591,39.3637],[-108.1573,39.3649],[-108.153,39.3662],[-108.1471,39.3703],[-108.1351,39.3831],[-108.132,39.3848],[-108.1262,39.3861],[-108.1234,39.3873],[-108.1215,39.3889],[-108.1167,39.3944],[-108.1132,39.3976],[-108.0966,39.4065],[-108.0904,39.4104],[-108.0698,39.4305],[-108.0683,39.4325],[-108.065,39.4385],[-108.0592,39.4439],[-108.0439,39.4579],[-108.0397,39.4618],[-108.0356,39.4652],[-108.0194,39.4733],[-108.0163,39.474],[-108.0086,39.4747],[-108.0005,39.4753],[-107.992,39.474],[-107.9869,39.474],[-107.9777,39.476],[-107.9728,39.4782],[-107.9637,39.4832],[-107.9376,39.4976],[-107.9341,39.4991],[-107.9313,39.4996],[-107.9283,39.4994],[-107.9193,39.4969],[-107.9157,39.4965],[-107.9127,39.497],[-107.9024,39.5002],[-107.8864,39.5011],[-107.8819,39.5023],[-107.8659,39.5099],[-107.8422,39.5177],[-107.829,39.5255],[-107.826,39.5267],[-107.8225,39.5273],[-107.8039,39.5279],[-107.7817,39.5286],[-107.7737,39.528],[-107.765,39.5297],[-107.7322,39.5424],[-107.7063,39.5473],[-107.6909,39.548],[-107.6627,39.5463],[-107.6461,39.5453],[-107.6369,39.5448],[-107.6266,39.546],[-107.5615,39.5576],[-107.5566,39.5599],[-107.5485,39.567],[-107.5386,39.5708],[-107.527,39.5705],[-107.5155,39.5668],[-107.4936,39.5662],[-107.4891,39.5673],[-107.4815,39.572],[-107.4737,39.5737],[-107.4673,39.5736],[-107.4623,39.5722],[-107.4591,39.5716],[-107.4543,39.5718],[-107.4478,39.5743],[-107.4413,39.5748],[-107.439,39.5743],[-107.4297,39.5702],[-107.4252,39.5661],[-107.4101,39.563],[-107.4045,39.5591],[-107.3991,39.5565],[-107.3964,39.5566],[-107.3904,39.5588],[-107.3825,39.5601],[-107.3754,39.5593],[-107.369,39.56],[-107.3638,39.5585],[-107.3527,39.5593],[-107.3484,39.5586],[-107.3406,39.5567],[-107.3392,39.5553],[-107.338,39.553],[-107.3372,39.5518],[-107.3358,39.5507],[-107.3297,39.5489]]}},{"type":"Feature","properties":{"n":1,"a":"amtrak"},"geometry":{"type":"LineString","coordinates":[[-94.6212,39.0753],[-94.6183,39.0767],[-94.6098,39.0814],[-94.6073,39.0818],[-94.6067,39.0817],[-94.6049,39.0815]]}},{"type":"Feature","properties":{"n":1,"a":"amtrak"},"geometry":{"type":"LineString","coordinates":[[-90.2367,38.6296],[-90.2351,38.6293],[-90.2282,38.6265],[-90.2228,38.6251],[-90.2189,38.6244],[-90.2133,38.6245],[-90.2092,38.6246],[-90.2033,38.6231],[-90.1992,38.6216],[-90.1972,38.6205],[-90.1963,38.6201],[-90.1885,38.6188],[-90.1872,38.6191],[-90.1865,38.6198],[-90.1826,38.6286],[-90.1818,38.6325],[-90.1827,38.6354],[-90.1836,38.643],[-90.1849,38.6471],[-90.1862,38.6497],[-90.1867,38.6533]]}},{"type":"Feature","properties":{"n":1,"a":"amtrak"},"geometry":{"type":"LineString","coordinates":[[-94.6212,39.0753],[-94.6108,39.0801],[-94.6073,39.0814],[-94.5962,39.0832]]}},{"type":"Feature","properties":{"n":1,"a":"amtrak"},"geometry":{"type":"LineString","coordinates":[[-108.5559,39.0626],[-108.4912,39.078],[-108.4573,39.0861],[-108.4385,39.0906],[-108.3705,39.1067],[-108.3574,39.1098],[-108.353,39.1108],[-108.3393,39.1153],[-108.3278,39.1154],[-108.3242,39.1161],[-108.3222,39.1183],[-108.3222,39.1204],[-108.3263,39.1273],[-108.3265,39.129],[-108.3223,39.1363],[-108.32,39.1392],[-108.3173,39.1471],[-108.3163,39.1501]]}},{"type":"Feature","properties":{"n":1,"a":"amtrak"},"geometry":{"type":"LineString","coordinates":[[-96.7144,40.8167],[-96.7144,40.8181],[-96.7133,40.8197],[-96.71,40.8214]]}},{"type":"Feature","properties":{"n":1,"a":"amtrak"},"geometry":{"type":"LineString","coordinates":[[-96.7157,40.8093],[-96.7153,40.8096],[-96.715,40.8098],[-96.7142,40.8104],[-96.712,40.8122],[-96.7118,40.8159],[-96.7118,40.8179],[-96.7117,40.8192],[-96.7106,40.821],[-96.71,40.8214]]}},{"type":"Feature","properties":{"n":1,"a":"amtrak"},"geometry":{"type":"LineString","coordinates":[[-94.5919,39.0842],[-94.5861,39.0863],[-94.5816,39.0871],[-94.5806,39.0872],[-94.5756,39.0883],[-94.5729,39.0887],[-94.5599,39.0884],[-94.5508,39.0897],[-94.5472,39.0909],[-94.5334,39.097],[-94.52,39.1007],[-94.5125,39.1053]]}},{"type":"Feature","properties":{"n":1,"a":"amtrak"},"geometry":{"type":"LineString","coordinates":[[-94.6049,39.0815],[-94.6041,39.0815],[-94.6006,39.0818],[-94.5919,39.0842]]}},{"type":"Feature","properties":{"n":1,"a":"amtrak"},"geometry":{"type":"LineString","coordinates":[[-89.1529,37.0038],[-89.1465,37.0014],[-89.1384,36.9996],[-89.1229,36.9964],[-89.1198,36.9953],[-89.1171,36.9935],[-89.1046,36.9816]]}},{"type":"Feature","properties":{"n":1,"a":"amtrak"},"geometry":{"type":"LineString","coordinates":[[-107.3297,39.5489],[-107.326,39.548]]}},{"type":"Feature","properties":{"n":1,"a":"amtrak"},"geometry":{"type":"LineString","coordinates":[[-107.0564,39.6453],[-107.0548,39.6441],[-107.0531,39.6439]]}},{"type":"Feature","properties":{"n":1,"a":"amtrak"},"geometry":{"type":"LineString","coordinates":[[-107.3297,39.5489],[-107.3289,39.5479],[-107.3293,39.5465],[-107.3276,39.5476],[-107.326,39.548]]}},{"type":"Feature","properties":{"n":1,"a":"amtrak"},"geometry":{"type":"LineString","coordinates":[[-89.1529,37.0038],[-89.1498,37.0016],[-89.1349,36.9985],[-89.123,36.9961],[-89.1196,36.9948],[-89.1167,36.9927],[-89.1097,36.9853],[-89.1046,36.9816]]}},{"type":"Feature","properties":{"n":1,"a":"amtrak"},"geometry":{"type":"LineString","coordinates":[[-93.8385,39.269],[-93.8372,39.2695]]}},{"type":"Feature","properties":{"n":1,"a":"amtrak"},"geometry":{"type":"LineString","coordinates":[[-72.9043,41.3147],[-72.8977,41.3193],[-72.8976,41.3194],[-72.8953,41.3236],[-72.8949,41.3294],[-72.8947,41.3426],[-72.8941,41.3459],[-72.8831,41.3681],[-72.8819,41.3706],[-72.8813,41.3717],[-72.8769,41.3806],[-72.8746,41.3836],[-72.8605,41.3944],[-72.8486,41.405],[-72.8466,41.4081],[-72.8355,41.4332],[-72.8291,41.4479],[-72.8224,41.4622],[-72.8121,41.4808],[-72.81,41.4864],[-72.8099,41.4892],[-72.8107,41.4922],[-72.8155,41.4998],[-72.8164,41.5026],[-72.8162,41.505],[-72.8126,41.5175],[-72.8107,41.5215],[-72.8075,41.5255],[-72.8048,41.5334],[-72.801,41.5394],[-72.7953,41.5453],[-72.793,41.549],[-72.7915,41.5563],[-72.7885,41.562],[-72.7883,41.5622],[-72.78,41.5757],[-72.7795,41.5765],[-72.778,41.5785],[-72.7736,41.5824],[-72.7718,41.5848],[-72.7658,41.6012],[-72.7656,41.6049],[-72.7698,41.621],[-72.7703,41.6247],[-72.7692,41.6303],[-72.7661,41.635],[-72.7657,41.6354],[-72.7635,41.6382],[-72.7603,41.6421],[-72.7554,41.6481],[-72.7526,41.6518],[-72.7517,41.6551],[-72.7518,41.6574],[-72.7534,41.6628],[-72.7536,41.6658],[-72.7531,41.669],[-72.7509,41.6748],[-72.7497,41.6796],[-72.7488,41.6966],[-72.7461,41.7033],[-72.7401,41.7112],[-72.7316,41.722],[-72.7181,41.7389],[-72.7109,41.7481],[-72.7056,41.7548],[-72.7011,41.7603],[-72.698,41.7627],[-72.6924,41.765],[-72.6836,41.7662],[-72.6821,41.7675],[-72.6818,41.769],[-72.6815,41.7712],[-72.6797,41.7729],[-72.6777,41.7737],[-72.6762,41.7743],[-72.675,41.7748],[-72.6736,41.7759],[-72.6689,41.787],[-72.6665,41.7906],[-72.6615,41.796],[-72.6571,41.8025],[-72.6486,41.815],[-72.6462,41.8202],[-72.644,41.8289],[-72.6439,41.8322],[-72.6457,41.8419],[-72.645,41.8451],[-72.6427,41.8494],[-72.6421,41.8532],[-72.6415,41.8574],[-72.6394,41.8619],[-72.6305,41.874],[-72.6286,41.8781],[-72.6282,41.8819],[-72.6293,41.8913],[-72.6283,41.8989],[-72.626,41.9135],[-72.6254,41.919],[-72.627,41.9252],[-72.6271,41.935],[-72.6249,41.9386],[-72.6217,41.9423],[-72.6203,41.9432],[-72.6096,41.9438],[-72.6078,41.9446],[-72.6063,41.9465],[-72.6063,41.9533],[-72.6053,41.9703],[-72.6009,41.9879],[-72.6015,41.9919],[-72.6044,41.9991],[-72.6046,42.0016],[-72.604,42.0035],[-72.6026,42.0066],[-72.5985,42.025],[-72.5883,42.0703],[-72.5865,42.0737],[-72.5823,42.0763],[-72.5806,42.0781],[-72.5799,42.0801],[-72.5803,42.0828],[-72.583,42.0892],[-72.5871,42.095],[-72.5883,42.0964],[-72.5914,42.0991]]}},{"type":"Feature","properties":{"n":1,"a":"amtrak"},"geometry":{"type":"LineString","coordinates":[[-72.0953,41.3519],[-72.0929,41.3541],[-72.0933,41.3557],[-72.0967,41.3587],[-72.0969,41.36],[-72.0961,41.3613],[-72.0918,41.3627],[-72.0836,41.3635],[-72.0815,41.3634],[-72.0782,41.3624],[-72.0694,41.3592],[-72.0662,41.3564],[-72.0633,41.3515],[-72.0558,41.3482],[-72.051,41.3448],[-72.0485,41.3441],[-72.0447,41.3432],[-72.0393,41.3421],[-72.0353,41.3411],[-72.0313,41.3395],[-72.0211,41.3335],[-72.0059,41.3245],[-72,41.323],[-71.996,41.3236],[-71.9896,41.3266],[-71.983,41.3334],[-71.9782,41.3433],[-71.976,41.3461],[-71.9691,41.3495],[-71.9662,41.3506],[-71.9632,41.3507],[-71.9603,41.3494],[-71.9451,41.3388],[-71.9418,41.3379],[-71.935,41.3383],[-71.9299,41.3388],[-71.9205,41.3424],[-71.9173,41.3429],[-71.9096,41.3412],[-71.902,41.3366],[-71.8998,41.3363],[-71.8974,41.3367],[-71.8933,41.3387],[-71.863,41.3593],[-71.8588,41.3605],[-71.8469,41.361],[-71.8431,41.3624],[-71.8389,41.3662],[-71.8365,41.3707],[-71.833,41.3782],[-71.8319,41.3798],[-71.83,41.3813],[-71.8265,41.3828],[-71.8239,41.3836],[-71.8227,41.384],[-71.8174,41.3853],[-71.8047,41.3845],[-71.7766,41.3855],[-71.7728,41.3861],[-71.769,41.388],[-71.7603,41.3951],[-71.7523,41.3989],[-71.725,41.4114],[-71.7212,41.4136],[-71.718,41.4172],[-71.7129,41.4285],[-71.7096,41.4315],[-71.7052,41.4336],[-71.6934,41.4366],[-71.6766,41.4408],[-71.6597,41.4498],[-71.6563,41.4509],[-71.6515,41.4508],[-71.6381,41.4466],[-71.6347,41.446],[-71.6312,41.4461],[-71.6207,41.4479],[-71.5673,41.4802],[-71.5621,41.4833],[-71.5346,41.5001],[-71.5313,41.5029],[-71.529,41.5061],[-71.5163,41.5314],[-71.4919,41.5797]]}},{"type":"Feature","properties":{"n":1,"a":"amtrak"},"geometry":{"type":"LineString","coordinates":[[-72.6048,42.0981],[-72.6013,42.0999],[-72.5962,42.104]]}},{"type":"Feature","properties":{"n":1,"a":"amtrak"},"geometry":{"type":"LineString","coordinates":[[-72.5912,42.108],[-72.5856,42.1125],[-72.5803,42.1167],[-72.5791,42.1176],[-72.5683,42.1256],[-72.5618,42.1287],[-72.5367,42.1366],[-72.5268,42.1396],[-72.514,42.1434],[-72.4749,42.1503],[-72.467,42.1516],[-72.4425,42.153],[-72.4286,42.1538],[-72.4276,42.1538],[-72.4226,42.1541],[-72.4184,42.154],[-72.4136,42.1523],[-72.4108,42.1517],[-72.374,42.1511],[-72.3703,42.1515],[-72.3671,42.1526],[-72.359,42.1581],[-72.353,42.1599],[-72.3445,42.1593],[-72.3356,42.1578],[-72.3301,42.1563],[-72.3289,42.1559],[-72.3102,42.1486],[-72.3018,42.1454],[-72.2877,42.1436],[-72.2816,42.1439],[-72.273,42.1461],[-72.2705,42.1479],[-72.2689,42.1501],[-72.2647,42.1641],[-72.2608,42.1715],[-72.2606,42.1757],[-72.2633,42.1835],[-72.2634,42.1854],[-72.2622,42.1939],[-72.2625,42.1999],[-72.2619,42.2017],[-72.2589,42.2061],[-72.2558,42.2079],[-72.2402,42.21],[-72.2356,42.2113],[-72.2311,42.2127],[-72.2252,42.2134],[-72.2182,42.2152],[-72.2087,42.2153],[-72.2003,42.2126],[-72.1964,42.2122],[-72.1919,42.2128],[-72.1873,42.215],[-72.1666,42.2308],[-72.162,42.2322],[-72.1562,42.2319],[-72.15,42.231],[-72.1442,42.2293],[-72.1314,42.2225],[-72.1243,42.2163],[-72.1219,42.2148],[-72.1039,42.2095],[-72.0973,42.2079],[-72.0928,42.2082],[-72.047,42.2245],[-72.0394,42.2267],[-72.0364,42.2267],[-72.0335,42.2258],[-72.0312,42.2247],[-72.0244,42.2197],[-72.0224,42.2187],[-72.0193,42.2184],[-72.015,42.2194],[-72.0086,42.2206],[-72.0062,42.2201],[-72.0042,42.219],[-72.0026,42.2165],[-72.0015,42.2087],[-71.9991,42.2061],[-71.9954,42.2031],[-71.9942,42.2001],[-71.9952,42.1925],[-71.9902,42.1811],[-71.9898,42.1761],[-71.9888,42.1748],[-71.9872,42.174],[-71.9832,42.174],[-71.9788,42.1743],[-71.9696,42.1728],[-71.9669,42.1729],[-71.9649,42.1738],[-71.9603,42.1777],[-71.9558,42.1787],[-71.9528,42.1785],[-71.9375,42.1755],[-71.9238,42.1759],[-71.9216,42.1767],[-71.9193,42.1785],[-71.911,42.1888],[-71.9081,42.1921],[-71.9046,42.1939],[-71.901,42.194],[-71.8981,42.1927],[-71.8928,42.1881],[-71.89,42.1871],[-71.8872,42.1874],[-71.8821,42.1894],[-71.8763,42.1897],[-71.873,42.1913],[-71.8713,42.193],[-71.8701,42.1955],[-71.8671,42.2055],[-71.8587,42.2195],[-71.8555,42.2232],[-71.8546,42.2252],[-71.8538,42.2307],[-71.8522,42.2334],[-71.8472,42.2371],[-71.8237,42.2437],[-71.7967,42.2601]]}},{"type":"Feature","properties":{"n":1,"a":"amtrak"},"geometry":{"type":"LineString","coordinates":[[-72.6245,42.0996],[-72.6199,42.098],[-72.6141,42.0969],[-72.61,42.0968],[-72.607,42.0973],[-72.6048,42.0981]]}},{"type":"Feature","properties":{"n":1,"a":"amtrak"},"geometry":{"type":"LineString","coordinates":[[-72.9788,42.2801],[-72.9761,42.2777],[-72.9713,42.2752],[-72.9689,42.2734],[-72.966,42.2703],[-72.9631,42.2663],[-72.958,42.2617],[-72.9479,42.2581],[-72.9404,42.2577],[-72.9367,42.2576],[-72.9337,42.2565],[-72.932,42.2548],[-72.931,42.2512],[-72.9297,42.2495],[-72.9279,42.2486],[-72.9227,42.2476],[-72.9196,42.2464],[-72.9167,42.2444],[-72.9131,42.2411],[-72.9109,42.2399],[-72.9017,42.2377],[-72.8953,42.2355],[-72.8835,42.2363],[-72.8797,42.2355],[-72.8771,42.2341],[-72.8735,42.2311],[-72.8708,42.2274],[-72.8678,42.225],[-72.8645,42.224],[-72.8601,42.2234],[-72.8585,42.2226],[-72.8573,42.2213],[-72.8571,42.2137],[-72.8538,42.2081],[-72.8535,42.2049],[-72.8519,42.2035],[-72.8476,42.2024],[-72.8464,42.201],[-72.8464,42.1998],[-72.8487,42.1927],[-72.8494,42.1901],[-72.8499,42.1878],[-72.8494,42.1859],[-72.8481,42.1841],[-72.8454,42.1821],[-72.8416,42.1809],[-72.836,42.1807],[-72.8304,42.1798],[-72.8279,42.1786],[-72.8271,42.1765],[-72.827,42.1693],[-72.8256,42.1663],[-72.8228,42.1639],[-72.8143,42.1591],[-72.812,42.1546],[-72.8088,42.1511],[-72.8056,42.1487],[-72.7748,42.1346],[-72.7707,42.1335],[-72.7577,42.1332],[-72.7532,42.1323],[-72.7484,42.1306],[-72.7446,42.1297],[-72.743,42.1293],[-72.7311,42.1266],[-72.7276,42.1255],[-72.724,42.1236],[-72.7104,42.1114],[-72.7076,42.1095],[-72.704,42.1081],[-72.6937,42.1064],[-72.6871,42.1082],[-72.6851,42.1082],[-72.6826,42.1075],[-72.681,42.1062],[-72.669,42.0928],[-72.666,42.0916],[-72.664,42.0917],[-72.6622,42.0924],[-72.6598,42.0959],[-72.6578,42.0974],[-72.6504,42.0996],[-72.6413,42.1001],[-72.6342,42.1011],[-72.6259,42.1001],[-72.6245,42.0996]]}},{"type":"Feature","properties":{"n":1,"a":"amtrak"},"geometry":{"type":"LineString","coordinates":[[-72.595,42.1049],[-72.5912,42.108]]}},{"type":"Feature","properties":{"n":1,"a":"amtrak"},"geometry":{"type":"LineString","coordinates":[[-72.5962,42.104],[-72.596,42.1042]]}},{"type":"Feature","properties":{"n":1,"a":"amtrak"},"geometry":{"type":"LineString","coordinates":[[-72.596,42.1042],[-72.5964,42.1029],[-72.5954,42.102],[-72.5914,42.0991]]}},{"type":"Feature","properties":{"n":1,"a":"amtrak"},"geometry":{"type":"LineString","coordinates":[[-72.5962,42.104],[-72.5966,42.1032],[-72.5962,42.1025],[-72.5951,42.1017],[-72.5914,42.0991]]}},{"type":"Feature","properties":{"n":1,"a":"amtrak"},"geometry":{"type":"LineString","coordinates":[[-72.6245,42.0996],[-72.6201,42.0983],[-72.6137,42.0971],[-72.6069,42.0975],[-72.6048,42.0981]]}},{"type":"Feature","properties":{"n":1,"a":"amtrak"},"geometry":{"type":"LineString","coordinates":[[-72.596,42.1042],[-72.595,42.1049]]}},{"type":"Feature","properties":{"n":1,"a":"amtrak"},"geometry":{"type":"LineString","coordinates":[[-72.9788,42.2801],[-72.9808,42.2837]]}},{"type":"Feature","properties":{"n":1,"a":"amtrak"},"geometry":{"type":"LineString","coordinates":[[-72.9788,42.2801],[-72.9797,42.2811],[-72.9808,42.2837]]}},{"type":"Feature","properties":{"n":1,"a":"amtrak"},"geometry":{"type":"LineString","coordinates":[[-71.0613,42.3348],[-71.0608,42.3353]]}},{"type":"Feature","properties":{"n":1,"a":"amtrak"},"geometry":{"type":"LineString","coordinates":[[-71.0596,42.3306],[-71.0596,42.3309]]}},{"type":"Feature","properties":{"n":1,"a":"amtrak"},"geometry":{"type":"LineString","coordinates":[[-71.0596,42.3309],[-71.06,42.3355]]}},{"type":"Feature","properties":{"n":1,"a":"amtrak"},"geometry":{"type":"LineString","coordinates":[[-71.0596,42.3309],[-71.06,42.3355]]}},{"type":"Feature","properties":{"n":1,"a":"amtrak"},"geometry":{"type":"LineString","coordinates":[[-71.06,42.3355],[-71.0601,42.3358]]}},{"type":"Feature","properties":{"n":1,"a":"amtrak"},"geometry":{"type":"LineString","coordinates":[[-71.0601,42.3356],[-71.0601,42.3358]]}},{"type":"Feature","properties":{"n":1,"a":"amtrak"},"geometry":{"type":"LineString","coordinates":[[-71.0597,42.3308],[-71.0598,42.3312]]}},{"type":"Feature","properties":{"n":1,"a":"amtrak"},"geometry":{"type":"LineString","coordinates":[[-71.0603,42.3315],[-71.0611,42.3323],[-71.061,42.3344]]}},{"type":"Feature","properties":{"n":1,"a":"amtrak"},"geometry":{"type":"LineString","coordinates":[[-71.0614,42.3342],[-71.0604,42.3359],[-71.0603,42.3372]]}},{"type":"Feature","properties":{"n":1,"a":"amtrak"},"geometry":{"type":"LineString","coordinates":[[-71.0613,42.3346],[-71.0608,42.3353]]}},{"type":"Feature","properties":{"n":1,"a":"amtrak"},"geometry":{"type":"LineString","coordinates":[[-71.0615,42.3344],[-71.0613,42.3346]]}},{"type":"Feature","properties":{"n":1,"a":"amtrak"},"geometry":{"type":"LineString","coordinates":[[-71.0616,42.3344],[-71.0613,42.3346]]}},{"type":"Feature","properties":{"n":1,"a":"amtrak"},"geometry":{"type":"LineString","coordinates":[[-71.0627,42.3329],[-71.0615,42.3344]]}},{"type":"Feature","properties":{"n":1,"a":"amtrak"},"geometry":{"type":"LineString","coordinates":[[-71.0628,42.333],[-71.0615,42.3344]]}},{"type":"Feature","properties":{"n":1,"a":"amtrak"},"geometry":{"type":"LineString","coordinates":[[-71.0603,42.3372],[-71.0603,42.3414]]}},{"type":"Feature","properties":{"n":1,"a":"amtrak"},"geometry":{"type":"LineString","coordinates":[[-71.0613,42.3348],[-71.0627,42.3343],[-71.0636,42.3345],[-71.0643,42.335],[-71.0645,42.336],[-71.0641,42.337],[-71.0615,42.3389],[-71.0605,42.3407]]}},{"type":"Feature","properties":{"n":1,"a":"amtrak"},"geometry":{"type":"LineString","coordinates":[[-71.0608,42.3353],[-71.0604,42.3362],[-71.0605,42.3407]]}},{"type":"Feature","properties":{"n":1,"a":"amtrak"},"geometry":{"type":"LineString","coordinates":[[-71.0603,42.3414],[-71.0597,42.3434]]}},{"type":"Feature","properties":{"n":1,"a":"amtrak"},"geometry":{"type":"LineString","coordinates":[[-71.0605,42.3407],[-71.0603,42.3414]]}},{"type":"Feature","properties":{"n":1,"a":"amtrak"},"geometry":{"type":"LineString","coordinates":[[-71.0613,42.3348],[-71.0603,42.3354]]}},{"type":"Feature","properties":{"n":1,"a":"amtrak"},"geometry":{"type":"LineString","coordinates":[[-71.0601,42.3358],[-71.0601,42.3361],[-71.0601,42.3364]]}},{"type":"Feature","properties":{"n":1,"a":"amtrak"},"geometry":{"type":"LineString","coordinates":[[-71.0605,42.335],[-71.0603,42.3353]]}},{"type":"Feature","properties":{"n":1,"a":"amtrak"},"geometry":{"type":"LineString","coordinates":[[-71.0603,42.3353],[-71.0602,42.3356]]}},{"type":"Feature","properties":{"n":1,"a":"amtrak"},"geometry":{"type":"LineString","coordinates":[[-71.0596,42.3306],[-71.0597,42.3308]]}},{"type":"Feature","properties":{"n":1,"a":"amtrak"},"geometry":{"type":"LineString","coordinates":[[-71.0598,42.3312],[-71.0601,42.3356]]}},{"type":"Feature","properties":{"n":1,"a":"amtrak"},"geometry":{"type":"LineString","coordinates":[[-71.0598,42.3312],[-71.0601,42.3356]]}},{"type":"Feature","properties":{"n":1,"a":"amtrak"},"geometry":{"type":"LineString","coordinates":[[-71.0592,42.3296],[-71.0596,42.3306]]}},{"type":"Feature","properties":{"n":1,"a":"amtrak"},"geometry":{"type":"LineString","coordinates":[[-78.8531,42.8775],[-78.8496,42.879],[-78.8365,42.8845],[-78.8355,42.8849],[-78.8349,42.8852],[-78.8343,42.8855],[-78.8215,42.891],[-78.8165,42.8931],[-78.814,42.8942],[-78.8061,42.8976],[-78.8014,42.8987],[-78.7811,42.9011],[-78.767,42.9026],[-78.728,42.9072],[-78.7205,42.908],[-78.7017,42.9102],[-78.656,42.9154],[-78.626,42.919],[-78.5405,42.9336],[-78.4874,42.9427],[-78.4641,42.9467],[-78.4051,42.9571],[-78.3893,42.9599],[-78.3096,42.9739],[-78.2997,42.9757],[-78.2524,42.9839],[-78.2235,42.9889],[-78.2189,42.9891],[-78.2137,42.9885],[-78.2121,42.9881],[-78.2013,42.9859],[-78.1897,42.9836],[-78.1845,42.9834],[-78.1685,42.9854],[-78.1607,42.9882],[-78.147,42.9935],[-78.1422,42.9962],[-78.1123,43.0245],[-78.0947,43.0392],[-78.0888,43.0418],[-78.0771,43.0435],[-78.0657,43.0472],[-77.9997,43.0699],[-77.9423,43.086],[-77.9264,43.0904],[-77.8917,43.0999],[-77.8847,43.1008],[-77.8703,43.0998],[-77.8649,43.0999],[-77.8583,43.1013],[-77.8489,43.1053],[-77.8425,43.1069],[-77.8197,43.1075],[-77.8034,43.1079],[-77.7891,43.1105],[-77.7293,43.1319],[-77.6981,43.1431],[-77.6646,43.1493],[-77.6531,43.1513],[-77.6495,43.152],[-77.6443,43.153],[-77.6239,43.1562],[-77.6211,43.1564],[-77.6184,43.1575],[-77.616,43.1589],[-77.6123,43.1614],[-77.6121,43.1615],[-77.6084,43.1637],[-77.6048,43.1653],[-77.6009,43.1667],[-77.5972,43.1669],[-77.5935,43.1661],[-77.5892,43.1639],[-77.5842,43.1613],[-77.5802,43.1584],[-77.5716,43.1544],[-77.5705,43.1538],[-77.5688,43.1529],[-77.5635,43.1501],[-77.5545,43.147],[-77.5395,43.1421],[-77.5343,43.1397],[-77.5146,43.1249],[-77.5106,43.1225],[-77.5065,43.1208],[-77.4892,43.1159],[-77.4598,43.1078],[-77.4484,43.1056],[-77.4323,43.0992],[-77.4279,43.0964],[-77.4245,43.0948],[-77.4135,43.0923],[-77.4085,43.0906],[-77.372,43.0774],[-77.3673,43.0766],[-77.3609,43.0768],[-77.3333,43.0796],[-77.3224,43.0786],[-77.317,43.0782],[-77.3132,43.0786],[-77.3015,43.0827],[-77.2844,43.0893],[-77.281,43.0901],[-77.2773,43.0904],[-77.2468,43.088],[-77.2427,43.0873],[-77.2392,43.086],[-77.2366,43.084],[-77.2249,43.0715],[-77.2217,43.0696],[-77.2169,43.0679],[-77.2007,43.065],[-77.1958,43.0651],[-77.1928,43.0656],[-77.1881,43.0681],[-77.1757,43.0803],[-77.1731,43.0822],[-77.1691,43.0837],[-77.1531,43.0868],[-77.1492,43.0865],[-77.1362,43.0839],[-77.1323,43.0826],[-77.1293,43.0809],[-77.1221,43.0749],[-77.1161,43.0718],[-77.0881,43.0593],[-77.0781,43.0548],[-77.0732,43.0539],[-77.0693,43.0544],[-77.0478,43.062],[-77.0439,43.0627],[-77.04,43.0623],[-77.0337,43.0597],[-77.0307,43.059],[-77.0147,43.0591],[-76.9964,43.0576],[-76.9918,43.0572],[-76.9876,43.0568],[-76.9832,43.0564],[-76.9792,43.0561],[-76.9728,43.0557],[-76.9676,43.0566],[-76.9559,43.063],[-76.9542,43.0644],[-76.9532,43.0661],[-76.9533,43.0713],[-76.9526,43.0732],[-76.9504,43.075],[-76.9472,43.076],[-76.9305,43.0766],[-76.9262,43.0772],[-76.8979,43.0867],[-76.8944,43.0874],[-76.8902,43.0869],[-76.8747,43.0823],[-76.8697,43.0813],[-76.8666,43.08],[-76.8616,43.0764],[-76.8542,43.0697],[-76.8511,43.0682],[-76.8474,43.0672],[-76.8318,43.0661],[-76.8141,43.068],[-76.8004,43.0663],[-76.7847,43.0665],[-76.7667,43.0667],[-76.7614,43.0659],[-76.7328,43.0571],[-76.7278,43.0563],[-76.7218,43.0562],[-76.717,43.0561],[-76.6921,43.056],[-76.64,43.0557],[-76.6235,43.0525],[-76.6104,43.0501],[-76.5844,43.0507],[-76.5788,43.0518],[-76.5564,43.0587],[-76.5264,43.0679],[-76.4973,43.0725],[-76.4737,43.0761],[-76.4084,43.086],[-76.3749,43.0858],[-76.3291,43.0851],[-76.2836,43.0843],[-76.2781,43.0836],[-76.2637,43.0801],[-76.2039,43.0654],[-76.1988,43.0637],[-76.1921,43.0613],[-76.1866,43.0613],[-76.1839,43.0621],[-76.1805,43.0644],[-76.1748,43.0713],[-76.1717,43.0751],[-76.1677,43.0799],[-76.1635,43.0827],[-76.1543,43.0858],[-76.1481,43.0877],[-76.1418,43.089],[-76.135,43.09],[-76.1288,43.0891],[-76.1131,43.0825],[-76.105,43.0778],[-76.0986,43.074],[-76.0912,43.0697],[-76.0784,43.0641],[-76.0743,43.0631],[-76.0696,43.0629],[-76.0686,43.063],[-76.0659,43.0635],[-76.0482,43.0672],[-76.0473,43.0673],[-76.033,43.0703],[-76.0172,43.0723],[-76.0013,43.0742],[-75.9333,43.0825],[-75.9174,43.082],[-75.9169,43.082],[-75.8715,43.0797],[-75.8077,43.0765],[-75.7932,43.0739],[-75.7786,43.0749],[-75.7553,43.0768],[-75.7371,43.0785],[-75.7333,43.0788],[-75.7267,43.0805],[-75.6753,43.1017],[-75.6613,43.1057],[-75.6531,43.108],[-75.6065,43.121],[-75.5916,43.129],[-75.5891,43.1311],[-75.5851,43.1359],[-75.5775,43.1448],[-75.5524,43.1656],[-75.5468,43.1686],[-75.5306,43.1763],[-75.4998,43.191],[-75.486,43.1973],[-75.4728,43.2001],[-75.4501,43.1999],[-75.439,43.1995],[-75.4213,43.199],[-75.4115,43.197],[-75.3961,43.193],[-75.3711,43.1866],[-75.3665,43.1848],[-75.3298,43.1598],[-75.3069,43.1438],[-75.2992,43.1331],[-75.2883,43.1243],[-75.2843,43.1219],[-75.2606,43.1125],[-75.2422,43.1089],[-75.2286,43.1063],[-75.2275,43.106],[-75.2229,43.1049],[-75.2128,43.1014],[-75.2031,43.099],[-75.1895,43.0968],[-75.1819,43.0943],[-75.1807,43.0938],[-75.1706,43.0902],[-75.1556,43.0869],[-75.1407,43.0835],[-75.0953,43.0658],[-75.0632,43.0455],[-75.0539,43.036],[-75.0424,43.0267],[-75.0169,43.0172],[-75.0129,43.0167],[-75.0078,43.0176],[-75.0018,43.0189],[-74.9835,43.02],[-74.9612,43.0265],[-74.957,43.0271],[-74.9512,43.0266],[-74.9294,43.0227],[-74.9004,43.022],[-74.896,43.0223],[-74.8806,43.0271],[-74.8718,43.0328],[-74.8634,43.0404],[-74.861,43.0413],[-74.8546,43.0421],[-74.848,43.0415],[-74.837,43.0367],[-74.8032,43.0288],[-74.7991,43.0268],[-74.7856,43.0181],[-74.782,43.0162],[-74.7604,43.0082],[-74.7414,43.0042],[-74.7176,42.9993],[-74.6937,42.997],[-74.6712,42.995],[-74.6628,42.9942],[-74.6581,42.9925],[-74.6457,42.9804],[-74.6272,42.957],[-74.6261,42.9545],[-74.6246,42.949],[-74.6219,42.9425],[-74.6164,42.9339],[-74.6106,42.9256],[-74.6072,42.9219],[-74.6009,42.9165],[-74.585,42.9102],[-74.5795,42.9097],[-74.5682,42.9103],[-74.5622,42.9097],[-74.5489,42.9068],[-74.5255,42.8977],[-74.5188,42.8962],[-74.5126,42.8959],[-74.5051,42.8966],[-74.4946,42.8987],[-74.4735,42.8985],[-74.4715,42.8988],[-74.4682,42.9005],[-74.4659,42.9024],[-74.4576,42.9117],[-74.4503,42.9166],[-74.4227,42.9319],[-74.4157,42.9381],[-74.4115,42.9409],[-74.385,42.9517],[-74.3763,42.9539],[-74.3656,42.9542],[-74.3566,42.9518],[-74.3197,42.9393],[-74.3102,42.9373],[-74.3037,42.9376],[-74.2984,42.9388],[-74.2962,42.9404],[-74.2925,42.945],[-74.2802,42.9521],[-74.2728,42.9546],[-74.2654,42.9558],[-74.2483,42.957],[-74.2394,42.9564],[-74.2258,42.9559],[-74.2229,42.9552],[-74.2197,42.9536],[-74.2096,42.9476],[-74.1915,42.9349],[-74.1793,42.9273],[-74.1719,42.9248],[-74.1648,42.9232],[-74.1558,42.9213],[-74.1405,42.9188],[-74.1216,42.9128],[-74.1018,42.9079],[-74.0961,42.9055],[-74.084,42.8978],[-74.0785,42.8955],[-74.0657,42.8902],[-74.0513,42.8861],[-74.038,42.8802],[-74.0346,42.8779],[-74.0264,42.871],[-74.0195,42.8665],[-74.0142,42.8593],[-74.0105,42.8569],[-73.9807,42.8484],[-73.9708,42.8442],[-73.9508,42.8328],[-73.9419,42.8196],[-73.9414,42.8181],[-73.9417,42.8161],[-73.9425,42.8146],[-73.9456,42.8121]]}},{"type":"Feature","properties":{"n":1,"a":"amtrak"},"geometry":{"type":"LineString","coordinates":[[-72.595,42.1049],[-72.5912,42.108]]}},{"type":"Feature","properties":{"n":1,"a":"amtrak"},"geometry":{"type":"LineString","coordinates":[[-71.0628,42.3331],[-71.0616,42.3344]]}},{"type":"Feature","properties":{"n":1,"a":"amtrak"},"geometry":{"type":"LineString","coordinates":[[-71.0628,42.3333],[-71.0616,42.3344]]}},{"type":"Feature","properties":{"n":1,"a":"amtrak"},"geometry":{"type":"LineString","coordinates":[[-71.0601,42.3364],[-71.0603,42.3372]]}},{"type":"Feature","properties":{"n":1,"a":"amtrak"},"geometry":{"type":"LineString","coordinates":[[-71.0602,42.3415],[-71.0599,42.3431]]}},{"type":"Feature","properties":{"n":1,"a":"amtrak"},"geometry":{"type":"LineString","coordinates":[[-71.0601,42.3414],[-71.0601,42.3419]]}},{"type":"Feature","properties":{"n":1,"a":"amtrak"},"geometry":{"type":"LineString","coordinates":[[-71.0602,42.3411],[-71.0602,42.3415]]}},{"type":"Feature","properties":{"n":1,"a":"amtrak"},"geometry":{"type":"LineString","coordinates":[[-71.0602,42.3411],[-71.0601,42.3414]]}},{"type":"Feature","properties":{"n":1,"a":"amtrak"},"geometry":{"type":"LineString","coordinates":[[-71.0603,42.3411],[-71.0602,42.3415]]}},{"type":"Feature","properties":{"n":1,"a":"amtrak"},"geometry":{"type":"LineString","coordinates":[[-71.06,42.337],[-71.0601,42.3414]]}},{"type":"Feature","properties":{"n":1,"a":"amtrak"},"geometry":{"type":"LineString","coordinates":[[-71.06,42.337],[-71.0602,42.3411]]}},{"type":"Feature","properties":{"n":1,"a":"amtrak"},"geometry":{"type":"LineString","coordinates":[[-71.06,42.3366],[-71.0603,42.3411]]}},{"type":"Feature","properties":{"n":1,"a":"amtrak"},"geometry":{"type":"LineString","coordinates":[[-71.0601,42.3364],[-71.0603,42.3411]]}},{"type":"Feature","properties":{"n":1,"a":"amtrak"},"geometry":{"type":"LineString","coordinates":[[-71.06,42.3366],[-71.06,42.337]]}},{"type":"Feature","properties":{"n":1,"a":"amtrak"},"geometry":{"type":"LineString","coordinates":[[-71.06,42.3365],[-71.06,42.3366]]}},{"type":"Feature","properties":{"n":1,"a":"amtrak"},"geometry":{"type":"LineString","coordinates":[[-71.0599,42.3311],[-71.0603,42.3353]]}},{"type":"Feature","properties":{"n":1,"a":"amtrak"},"geometry":{"type":"LineString","coordinates":[[-74.1474,40.7417],[-74.1402,40.7423],[-74.1372,40.7425],[-74.1363,40.7426],[-74.1322,40.743],[-74.1312,40.7431]]}},{"type":"Feature","properties":{"n":1,"a":"amtrak"},"geometry":{"type":"LineString","coordinates":[[-73.9136,40.7996],[-73.912,40.8009],[-73.9047,40.8078]]}},{"type":"Feature","properties":{"n":1,"a":"amtrak"},"geometry":{"type":"LineString","coordinates":[[-73.9456,42.8121],[-73.9501,42.8095],[-73.9539,42.8035],[-73.9564,42.8009],[-73.9575,42.7983],[-73.9571,42.7963],[-73.9546,42.7938],[-73.9344,42.786],[-73.9313,42.7844],[-73.9281,42.782],[-73.9263,42.7803],[-73.907,42.7636],[-73.8594,42.7236],[-73.8267,42.6964],[-73.8159,42.6912],[-73.794,42.6872],[-73.7887,42.6858],[-73.7764,42.6798],[-73.7711,42.6771],[-73.7635,42.6723],[-73.7616,42.6716],[-73.758,42.6716],[-73.7551,42.6706],[-73.7513,42.667],[-73.7469,42.6641],[-73.7465,42.6627],[-73.7468,42.6603],[-73.7468,42.6574],[-73.7448,42.6556],[-73.7417,42.6543],[-73.7392,42.6531],[-73.7383,42.6519],[-73.7389,42.6499],[-73.7397,42.6483],[-73.7408,42.6443],[-73.7412,42.6434]]}},{"type":"Feature","properties":{"n":1,"a":"amtrak"},"geometry":{"type":"LineString","coordinates":[[-73.9104,40.7515],[-73.9073,40.7525],[-73.9051,40.7547],[-73.9041,40.7605],[-73.9045,40.7626],[-73.9089,40.7696],[-73.9132,40.7756],[-73.9211,40.7818],[-73.925,40.7851],[-73.9257,40.7869],[-73.9255,40.7887],[-73.9207,40.7944],[-73.9162,40.7979],[-73.9136,40.7996]]}},{"type":"Feature","properties":{"n":1,"a":"amtrak"},"geometry":{"type":"LineString","coordinates":[[-73.938,41.7071],[-73.9381,41.7086],[-73.9373,41.7121],[-73.9372,41.7126],[-73.9372,41.7194],[-73.9372,41.7259],[-73.9356,41.7324],[-73.936,41.7514],[-73.9379,41.7575],[-73.946,41.7678],[-73.9475,41.7706],[-73.9477,41.7756],[-73.947,41.7809],[-73.9466,41.7902],[-73.9436,41.8019],[-73.9424,41.8198],[-73.9402,41.8333],[-73.937,41.8408],[-73.929,41.8518],[-73.9265,41.8581],[-73.9262,41.8609],[-73.9277,41.8676],[-73.9283,41.873],[-73.9304,41.8776],[-73.946,41.8931],[-73.9538,41.9013],[-73.955,41.9031],[-73.9557,41.9058],[-73.9552,41.9114],[-73.9528,41.9198],[-73.948,41.9276],[-73.9441,41.9342],[-73.9432,41.9383],[-73.9432,41.9412],[-73.9449,41.95],[-73.9444,41.9554],[-73.9403,41.9699],[-73.9376,41.9749],[-73.9358,41.9819],[-73.9336,41.9881],[-73.9313,41.9962],[-73.9307,42.0012],[-73.9271,42.0111],[-73.9241,42.0596],[-73.9244,42.065],[-73.9223,42.0725],[-73.9214,42.0772],[-73.9192,42.0912],[-73.9161,42.1005],[-73.9142,42.111],[-73.9099,42.1188],[-73.8971,42.1356],[-73.8921,42.1497],[-73.8894,42.1541],[-73.8848,42.1594],[-73.8786,42.1659],[-73.8633,42.1761],[-73.8527,42.1879],[-73.851,42.1911],[-73.8496,42.2003],[-73.8471,42.2078],[-73.8435,42.2151],[-73.8377,42.2227],[-73.8338,42.2299],[-73.8273,42.2378],[-73.8208,42.2438],[-73.8173,42.2461],[-73.8132,42.2477],[-73.8053,42.2502],[-73.8013,42.2515],[-73.8005,42.2518],[-73.7983,42.2537],[-73.7979,42.2548],[-73.797,42.257],[-73.7897,42.2638],[-73.7875,42.2664],[-73.7705,42.2967],[-73.7699,42.3009],[-73.7722,42.3097],[-73.7748,42.3209],[-73.7725,42.3335],[-73.7731,42.3402],[-73.7751,42.3448],[-73.7814,42.3514],[-73.783,42.3542],[-73.7853,42.3679],[-73.7856,42.384],[-73.7846,42.3878],[-73.7814,42.3975],[-73.7754,42.4128],[-73.7723,42.4244],[-73.7717,42.4407],[-73.7723,42.4563],[-73.7721,42.4652],[-73.7708,42.48],[-73.7676,42.4969],[-73.7654,42.5058],[-73.763,42.5151],[-73.7595,42.5246],[-73.7557,42.5336],[-73.7517,42.5402],[-73.7481,42.551],[-73.7468,42.5726],[-73.7493,42.5912],[-73.7503,42.6004],[-73.7461,42.6216],[-73.7448,42.6285],[-73.7421,42.6397],[-73.742,42.6403]]}},{"type":"Feature","properties":{"n":1,"a":"amtrak"},"geometry":{"type":"LineString","coordinates":[[-73.742,42.6403],[-73.7412,42.6434]]}},{"type":"Feature","properties":{"n":1,"a":"amtrak"},"geometry":{"type":"LineString","coordinates":[[-74.1657,40.7328],[-74.1609,40.7362],[-74.1561,40.7391]]}},{"type":"Feature","properties":{"n":1,"a":"amtrak"},"geometry":{"type":"LineString","coordinates":[[-74.002,40.7541],[-74.002,40.7561],[-74.0003,40.7567],[-73.9962,40.7599],[-73.9919,40.766],[-73.9906,40.7688],[-73.9902,40.7725],[-73.9896,40.7754],[-73.9875,40.7787],[-73.9869,40.7807],[-73.9827,40.7855],[-73.9825,40.7875],[-73.9801,40.7917],[-73.9751,40.7969],[-73.965,40.812],[-73.9638,40.8152],[-73.9608,40.8185],[-73.9511,40.8292],[-73.9484,40.8379],[-73.9458,40.8429],[-73.9459,40.8476],[-73.9454,40.8494],[-73.9334,40.8652],[-73.9289,40.8743],[-73.9273,40.8767],[-73.925,40.8788],[-73.9231,40.8814]]}},{"type":"Feature","properties":{"n":1,"a":"amtrak"},"geometry":{"type":"LineString","coordinates":[[-73.9212,40.7494],[-73.9158,40.7505],[-73.9128,40.7511],[-73.9104,40.7515]]}},{"type":"Feature","properties":{"n":1,"a":"amtrak"},"geometry":{"type":"LineString","coordinates":[[-73.9289,40.748],[-73.9258,40.7488]]}},{"type":"Feature","properties":{"n":1,"a":"amtrak"},"geometry":{"type":"LineString","coordinates":[[-73.9137,40.751],[-73.9122,40.7511],[-73.9093,40.7502]]}},{"type":"Feature","properties":{"n":1,"a":"amtrak"},"geometry":{"type":"LineString","coordinates":[[-74.1708,40.728],[-74.1687,40.7304],[-74.1677,40.7309]]}},{"type":"Feature","properties":{"n":1,"a":"amtrak"},"geometry":{"type":"LineString","coordinates":[[-73.9364,40.7464],[-73.9337,40.747]]}},{"type":"Feature","properties":{"n":1,"a":"amtrak"},"geometry":{"type":"LineString","coordinates":[[-73.9159,40.7506],[-73.9137,40.751]]}},{"type":"Feature","properties":{"n":1,"a":"amtrak"},"geometry":{"type":"LineString","coordinates":[[-73.9337,40.747],[-73.9289,40.748]]}},{"type":"Feature","properties":{"n":1,"a":"amtrak"},"geometry":{"type":"LineString","coordinates":[[-73.9289,40.748],[-73.9212,40.7494]]}},{"type":"Feature","properties":{"n":1,"a":"amtrak"},"geometry":{"type":"LineString","coordinates":[[-73.9294,40.7475],[-73.9213,40.7482],[-73.9206,40.7492],[-73.9208,40.7506],[-73.9217,40.7514],[-73.9233,40.7515]]}},{"type":"Feature","properties":{"n":1,"a":"amtrak"},"geometry":{"type":"LineString","coordinates":[[-73.9385,40.7454],[-73.933,40.747],[-73.9294,40.7475]]}},{"type":"Feature","properties":{"n":1,"a":"amtrak"},"geometry":{"type":"LineString","coordinates":[[-73.9385,40.7454],[-73.9294,40.7475]]}},{"type":"Feature","properties":{"n":1,"a":"amtrak"},"geometry":{"type":"LineString","coordinates":[[-73.9418,40.7447],[-73.9371,40.7469]]}},{"type":"Feature","properties":{"n":1,"a":"amtrak"},"geometry":{"type":"LineString","coordinates":[[-73.9364,40.7471],[-73.9315,40.7504]]}},{"type":"Feature","properties":{"n":1,"a":"amtrak"},"geometry":{"type":"LineString","coordinates":[[-73.9371,40.7469],[-73.9364,40.7471]]}},{"type":"Feature","properties":{"n":1,"a":"amtrak"},"geometry":{"type":"LineString","coordinates":[[-73.9354,40.7474],[-73.9308,40.7502]]}},{"type":"Feature","properties":{"n":1,"a":"amtrak"},"geometry":{"type":"LineString","coordinates":[[-73.9339,40.7477],[-73.9294,40.7504]]}},{"type":"Feature","properties":{"n":1,"a":"amtrak"},"geometry":{"type":"LineString","coordinates":[[-73.9314,40.7482],[-73.9274,40.7507]]}},{"type":"Feature","properties":{"n":1,"a":"amtrak"},"geometry":{"type":"LineString","coordinates":[[-73.9339,40.7477],[-73.9314,40.7482]]}},{"type":"Feature","properties":{"n":1,"a":"amtrak"},"geometry":{"type":"LineString","coordinates":[[-73.9314,40.7482],[-73.9278,40.7488],[-73.9257,40.7497]]}},{"type":"Feature","properties":{"n":1,"a":"amtrak"},"geometry":{"type":"LineString","coordinates":[[-73.9314,40.7482],[-73.9271,40.7505],[-73.9233,40.7515]]}},{"type":"Feature","properties":{"n":1,"a":"amtrak"},"geometry":{"type":"LineString","coordinates":[[-73.9315,40.7504],[-73.9294,40.7513],[-73.9244,40.7515]]}},{"type":"Feature","properties":{"n":1,"a":"amtrak"},"geometry":{"type":"LineString","coordinates":[[-73.9354,40.7474],[-73.9289,40.7482]]}},{"type":"Feature","properties":{"n":1,"a":"amtrak"},"geometry":{"type":"LineString","coordinates":[[-73.9296,40.7506],[-73.9274,40.7507]]}},{"type":"Feature","properties":{"n":1,"a":"amtrak"},"geometry":{"type":"LineString","coordinates":[[-73.9296,40.7506],[-73.9244,40.7515]]}},{"type":"Feature","properties":{"n":1,"a":"amtrak"},"geometry":{"type":"LineString","coordinates":[[-73.9385,40.7454],[-73.9337,40.747]]}},{"type":"Feature","properties":{"n":1,"a":"amtrak"},"geometry":{"type":"LineString","coordinates":[[-73.9458,40.7429],[-73.9389,40.7457],[-73.9371,40.7469]]}},{"type":"Feature","properties":{"n":1,"a":"amtrak"},"geometry":{"type":"LineString","coordinates":[[-73.9479,40.7425],[-73.9453,40.7428],[-73.9443,40.7431],[-73.9422,40.744],[-73.9385,40.7454]]}},{"type":"Feature","properties":{"n":1,"a":"amtrak"},"geometry":{"type":"LineString","coordinates":[[-73.9364,40.7471],[-73.9354,40.7474]]}},{"type":"Feature","properties":{"n":1,"a":"amtrak"},"geometry":{"type":"LineString","coordinates":[[-73.9385,40.7454],[-73.9289,40.748]]}},{"type":"Feature","properties":{"n":1,"a":"amtrak"},"geometry":{"type":"LineString","coordinates":[[-73.9315,40.7504],[-73.9296,40.7506]]}},{"type":"Feature","properties":{"n":1,"a":"amtrak"},"geometry":{"type":"LineString","coordinates":[[-73.9244,40.7515],[-73.9233,40.7515]]}},{"type":"Feature","properties":{"n":1,"a":"amtrak"},"geometry":{"type":"LineString","coordinates":[[-73.9294,40.7504],[-73.9274,40.7507]]}},{"type":"Feature","properties":{"n":1,"a":"amtrak"},"geometry":{"type":"LineString","coordinates":[[-73.9308,40.7502],[-73.9296,40.7506]]}},{"type":"Feature","properties":{"n":1,"a":"amtrak"},"geometry":{"type":"LineString","coordinates":[[-73.9354,40.7474],[-73.9339,40.7477]]}},{"type":"Feature","properties":{"n":1,"a":"amtrak"},"geometry":{"type":"LineString","coordinates":[[-73.9308,40.7502],[-73.9294,40.7504]]}},{"type":"Feature","properties":{"n":1,"a":"amtrak"},"geometry":{"type":"LineString","coordinates":[[-73.9229,40.7493],[-73.9212,40.7494]]}},{"type":"Feature","properties":{"n":1,"a":"amtrak"},"geometry":{"type":"LineString","coordinates":[[-73.9137,40.751],[-73.9104,40.7515]]}},{"type":"Feature","properties":{"n":1,"a":"amtrak"},"geometry":{"type":"LineString","coordinates":[[-73.9274,40.7507],[-73.9233,40.7515]]}},{"type":"Feature","properties":{"n":1,"a":"amtrak"},"geometry":{"type":"LineString","coordinates":[[-80.3191,40.7393],[-80.3184,40.7383],[-80.3109,40.7306],[-80.3042,40.7193],[-80.2967,40.7113],[-80.2935,40.7073],[-80.2892,40.7003],[-80.2875,40.6991],[-80.2855,40.6989]]}},{"type":"Feature","properties":{"n":1,"a":"amtrak"},"geometry":{"type":"LineString","coordinates":[[-80.2846,40.699],[-80.2816,40.6994],[-80.2756,40.6989],[-80.2712,40.6976],[-80.2668,40.6955],[-80.262,40.6923]]}},{"type":"Feature","properties":{"n":1,"a":"amtrak"},"geometry":{"type":"LineString","coordinates":[[-77.9636,35.6641],[-77.9357,35.6755],[-77.9333,35.6772],[-77.9315,35.6796],[-77.9301,35.6822],[-77.9282,35.6857],[-77.9255,35.6907],[-77.9217,35.6974],[-77.9196,35.7013],[-77.9171,35.7057],[-77.9144,35.7107],[-77.9133,35.7128],[-77.9126,35.714],[-77.9122,35.7148],[-77.9112,35.7165],[-77.9076,35.7231],[-77.905,35.7278],[-77.9025,35.7325],[-77.8946,35.7469],[-77.8863,35.7619],[-77.8621,35.8059],[-77.8506,35.8268],[-77.8284,35.8672],[-77.8281,35.8678],[-77.8198,35.8837],[-77.8022,35.9257],[-77.8017,35.9268],[-77.8013,35.9279],[-77.8011,35.9284],[-77.8002,35.9304],[-77.7999,35.9312],[-77.7985,35.9349],[-77.7974,35.9373],[-77.7943,35.9448],[-77.7925,35.9491],[-77.7856,35.9657],[-77.7836,35.9704],[-77.7828,35.9724],[-77.782,35.9743],[-77.778,35.984],[-77.7755,35.9933],[-77.7725,36.0048],[-77.7712,36.0082],[-77.7519,36.0432],[-77.7478,36.0505],[-77.7436,36.0581],[-77.743,36.0592],[-77.7128,36.1055],[-77.7086,36.112],[-77.7063,36.1177],[-77.7055,36.1217],[-77.7046,36.134],[-77.704,36.1432],[-77.7032,36.1463],[-77.7012,36.1498],[-77.698,36.1531],[-77.6945,36.1562],[-77.6792,36.1696],[-77.6692,36.1783],[-77.6658,36.1812],[-77.6614,36.185],[-77.6584,36.1879],[-77.6561,36.1916],[-77.6431,36.2184],[-77.6397,36.2291],[-77.6374,36.2364],[-77.6077,36.2901],[-77.6057,36.2961],[-77.6038,36.3075],[-77.6023,36.3105],[-77.5998,36.3135],[-77.5971,36.3167],[-77.5951,36.321],[-77.5941,36.3241],[-77.5937,36.3284],[-77.5943,36.3311],[-77.5952,36.3331],[-77.6015,36.3421],[-77.6142,36.3601],[-77.6161,36.3637],[-77.6168,36.3692],[-77.6141,36.3812],[-77.6097,36.4001],[-77.6052,36.4194],[-77.6035,36.4227],[-77.6014,36.425],[-77.5927,36.4318],[-77.5861,36.4368],[-77.5787,36.4424],[-77.5574,36.4591],[-77.5548,36.4634],[-77.5518,36.4728],[-77.5318,36.5377],[-77.5301,36.5452],[-77.5313,36.5507],[-77.5415,36.5761],[-77.542,36.5797],[-77.5406,36.5911],[-77.5408,36.5965],[-77.5426,36.6028],[-77.5463,36.6101],[-77.5511,36.6189],[-77.5534,36.6232],[-77.5556,36.6274],[-77.557,36.6312],[-77.5578,36.6364],[-77.5578,36.6399],[-77.5568,36.645],[-77.549,36.6693],[-77.5482,36.6719],[-77.5444,36.6816],[-77.5351,36.6944],[-77.5346,36.6951],[-77.5162,36.7205],[-77.5091,36.7302],[-77.5006,36.7408],[-77.4908,36.7529],[-77.48,36.7661],[-77.4771,36.7701],[-77.4719,36.782],[-77.471,36.7865],[-77.4689,36.8086],[-77.465,36.8177],[-77.4631,36.8217],[-77.4606,36.8246],[-77.4517,36.8307],[-77.4493,36.833],[-77.4473,36.8358],[-77.4454,36.8397],[-77.4186,36.8975],[-77.4031,36.931],[-77.402,36.9345],[-77.4012,36.9417],[-77.4029,36.9644],[-77.4032,36.9693],[-77.4036,36.9803],[-77.4028,36.9845],[-77.4003,36.9921],[-77.3979,36.9993],[-77.3935,37.0133],[-77.3931,37.0178],[-77.3934,37.0225],[-77.3947,37.0342],[-77.4037,37.084],[-77.4129,37.1358],[-77.4156,37.1504],[-77.4161,37.1532],[-77.4183,37.1657],[-77.4205,37.1779],[-77.4215,37.1836],[-77.4218,37.1876],[-77.4207,37.1944]]}},{"type":"Feature","properties":{"n":1,"a":"amtrak"},"geometry":{"type":"LineString","coordinates":[[-77.473,37.5781],[-77.4731,37.5783],[-77.4734,37.5786],[-77.4738,37.5793],[-77.4756,37.5817],[-77.4805,37.5885],[-77.4817,37.5899],[-77.4833,37.5922],[-77.4869,37.5975],[-77.4877,37.5991],[-77.4948,37.6143],[-77.4965,37.618],[-77.4996,37.6248],[-77.5039,37.6342],[-77.5059,37.6387],[-77.5073,37.6425],[-77.5076,37.6458],[-77.504,37.6716],[-77.5036,37.6745],[-77.5018,37.6871],[-77.5005,37.6963],[-77.4992,37.7008],[-77.4951,37.7141],[-77.4858,37.7443],[-77.4812,37.7593],[-77.4701,37.7973],[-77.4595,37.8273],[-77.4569,37.8342],[-77.4564,37.8376],[-77.4582,37.8593],[-77.4585,37.8628],[-77.4595,37.8749],[-77.4597,37.8768],[-77.4603,37.8823],[-77.462,37.8885],[-77.4689,37.9128],[-77.4692,37.9166],[-77.468,37.9197],[-77.4657,37.9224],[-77.4592,37.9269],[-77.4543,37.929],[-77.4503,37.9308],[-77.4477,37.9336],[-77.4446,37.9444],[-77.4399,37.9541],[-77.4371,37.9563],[-77.4298,37.9591],[-77.4267,37.9597],[-77.417,37.9601],[-77.4031,37.956],[-77.3987,37.9553],[-77.3706,37.9573],[-77.3677,37.9581],[-77.3651,37.9598],[-77.3634,37.9618],[-77.3626,37.9648],[-77.3636,37.9817],[-77.3706,37.9987],[-77.3715,38.0025],[-77.3721,38.0065],[-77.3729,38.0119],[-77.3731,38.0134],[-77.3734,38.0159],[-77.3739,38.0189],[-77.3742,38.0205],[-77.3746,38.0235],[-77.3752,38.0273],[-77.3768,38.0388],[-77.3758,38.0571],[-77.3766,38.0642],[-77.3808,38.0764],[-77.3822,38.0791],[-77.4092,38.1134],[-77.4196,38.1264],[-77.4391,38.1446],[-77.454,38.1585],[-77.4573,38.1631],[-77.4581,38.165],[-77.4588,38.1716],[-77.4588,38.1733],[-77.458,38.1755],[-77.4541,38.1805],[-77.4509,38.1869],[-77.449,38.1885],[-77.4428,38.192],[-77.4403,38.195],[-77.4371,38.2008],[-77.4362,38.206],[-77.4368,38.2093],[-77.441,38.2209]]}},{"type":"Feature","properties":{"n":1,"a":"amtrak"},"geometry":{"type":"LineString","coordinates":[[-79.9414,37.2734],[-79.9395,37.2732],[-79.9354,37.2724],[-79.9342,37.2725],[-79.9334,37.2727],[-79.9291,37.2739],[-79.9259,37.277],[-79.9238,37.2779],[-79.9184,37.2793],[-79.918,37.2794],[-79.9177,37.2795],[-79.9147,37.2799],[-79.903,37.2795],[-79.9009,37.2802],[-79.8971,37.2828],[-79.8947,37.2846],[-79.8797,37.2971],[-79.8744,37.3022],[-79.873,37.3096],[-79.8722,37.3138],[-79.8692,37.3178],[-79.8644,37.3278],[-79.8602,37.3337],[-79.859,37.3347],[-79.8573,37.3353],[-79.8524,37.3357],[-79.8449,37.3389],[-79.8398,37.342],[-79.836,37.346],[-79.8336,37.3479],[-79.8265,37.3512],[-79.8184,37.354],[-79.8167,37.3551],[-79.8084,37.3651],[-79.8071,37.3703],[-79.8044,37.3731],[-79.8034,37.3751],[-79.8024,37.3766],[-79.7973,37.3814],[-79.7955,37.3843],[-79.7945,37.3855],[-79.788,37.3901],[-79.7828,37.393],[-79.7802,37.3938],[-79.7751,37.394],[-79.7695,37.3945],[-79.7577,37.3928],[-79.7508,37.3932],[-79.7451,37.3948],[-79.7426,37.3947],[-79.7409,37.3937],[-79.7393,37.3914],[-79.7378,37.3904],[-79.7213,37.3869],[-79.7169,37.3835],[-79.7046,37.3769],[-79.7007,37.3743],[-79.6884,37.3651],[-79.6791,37.3609],[-79.6719,37.3588],[-79.6566,37.3564],[-79.647,37.3529],[-79.6384,37.3514],[-79.62,37.3532],[-79.6085,37.3548],[-79.6028,37.3547],[-79.5933,37.353],[-79.5845,37.3504],[-79.5758,37.3491],[-79.5667,37.3455],[-79.5601,37.3438],[-79.556,37.3431],[-79.5554,37.3431],[-79.5503,37.3422],[-79.5379,37.3401],[-79.5249,37.3363],[-79.5237,37.3361],[-79.5155,37.3346],[-79.511,37.3341],[-79.5064,37.3349],[-79.5039,37.336],[-79.4957,37.3413],[-79.4906,37.3444],[-79.4877,37.3452],[-79.4742,37.3466],[-79.4673,37.3488],[-79.4645,37.3484],[-79.4604,37.3464],[-79.4581,37.3459],[-79.4416,37.3471],[-79.4386,37.3478],[-79.4315,37.3512],[-79.42,37.3564],[-79.4095,37.3567],[-79.3993,37.359],[-79.3964,37.3589],[-79.3891,37.3575],[-79.3855,37.3582],[-79.3815,37.3594],[-79.3759,37.3601],[-79.3682,37.3592],[-79.3591,37.3623],[-79.3492,37.3624],[-79.342,37.3648],[-79.3238,37.3667],[-79.307,37.3664],[-79.2905,37.3615],[-79.28,37.3612],[-79.2725,37.361],[-79.2616,37.3586],[-79.2584,37.3593],[-79.2535,37.3615],[-79.2505,37.3629],[-79.2427,37.3664],[-79.2387,37.3672],[-79.2364,37.3674],[-79.2099,37.3714],[-79.2004,37.3699],[-79.1954,37.3691],[-79.193,37.3692],[-79.1825,37.3714],[-79.1794,37.3726],[-79.1769,37.3744],[-79.1753,37.3753],[-79.1729,37.3754],[-79.1721,37.3751],[-79.1718,37.3749],[-79.1691,37.3738],[-79.1669,37.3734],[-79.165,37.3741]]}},{"type":"Feature","properties":{"n":1,"a":"amtrak"},"geometry":{"type":"LineString","coordinates":[[-81.6891,41.5086],[-81.6845,41.5107],[-81.6764,41.5131],[-81.6754,41.5134],[-81.6697,41.5153],[-81.6666,41.5148],[-81.6537,41.5062],[-81.6503,41.5032],[-81.6397,41.4934],[-81.6288,41.4837],[-81.6275,41.4818],[-81.6271,41.4741],[-81.6288,41.4695],[-81.6293,41.4652],[-81.6293,41.4638],[-81.6293,41.4606],[-81.6282,41.4559],[-81.6276,41.45],[-81.6266,41.4468],[-81.6244,41.445],[-81.606,41.4346],[-81.599,41.4306],[-81.5905,41.4269],[-81.5854,41.424],[-81.5827,41.4217],[-81.5689,41.4087],[-81.5579,41.4024],[-81.5484,41.3988],[-81.5445,41.3967],[-81.5404,41.3937],[-81.5376,41.3906],[-81.5359,41.3875],[-81.5274,41.3708],[-81.5208,41.3579],[-81.5203,41.3568],[-81.5176,41.3503],[-81.5174,41.349],[-81.5147,41.3352],[-81.5107,41.3154],[-81.5094,41.3125],[-81.5073,41.3097],[-81.5002,41.3011],[-81.4977,41.298],[-81.4965,41.2966],[-81.4796,41.2759],[-81.4696,41.2649],[-81.4641,41.2557],[-81.447,41.2422],[-81.4459,41.2413],[-81.4412,41.2381],[-81.423,41.2282],[-81.3921,41.2115],[-81.3471,41.187],[-81.3349,41.1806],[-81.3217,41.1756],[-81.3115,41.1717],[-81.2656,41.1542],[-81.2471,41.1471],[-81.2444,41.1452],[-81.2429,41.1429],[-81.2393,41.1305],[-81.232,41.122],[-81.2211,41.1098],[-81.2185,41.1077],[-81.2142,41.1052],[-81.2045,41.0996],[-81.2024,41.0971],[-81.2014,41.0942],[-81.1999,41.0876],[-81.1987,41.085],[-81.1955,41.0792],[-81.1871,41.0679],[-81.1637,41.024],[-81.1597,41.0177],[-81.1498,40.9995],[-81.1455,40.9916],[-81.1443,40.9882],[-81.1431,40.9804],[-81.1416,40.977],[-81.1254,40.9531],[-81.1158,40.9416],[-81.1059,40.9297],[-81.1001,40.9254],[-81.096,40.9225],[-81.0959,40.9224],[-81.0936,40.9215],[-81.0867,40.92],[-81.0805,40.9191],[-81.0572,40.9174],[-81.0456,40.9195],[-81.0356,40.9212],[-81.0133,40.9207],[-80.9607,40.9199],[-80.955,40.9202],[-80.9497,40.9213],[-80.9375,40.9251],[-80.9348,40.925],[-80.9266,40.9231],[-80.916,40.923],[-80.9056,40.9229],[-80.8961,40.9212],[-80.8931,40.9198],[-80.8866,40.9129],[-80.8677,40.9036],[-80.8645,40.9013],[-80.861,40.8975],[-80.8541,40.8897],[-80.8433,40.884],[-80.8393,40.879],[-80.8308,40.8732],[-80.8286,40.8721],[-80.822,40.8707],[-80.8188,40.8695],[-80.8127,40.8642],[-80.8099,40.8632],[-80.799,40.8612],[-80.7964,40.8614],[-80.7898,40.8653],[-80.7733,40.8687],[-80.7584,40.8761],[-80.757,40.8767],[-80.7518,40.8784],[-80.7444,40.8793],[-80.7361,40.8842],[-80.7335,40.8852],[-80.7299,40.8857],[-80.7225,40.8858],[-80.708,40.8856],[-80.6989,40.8837],[-80.69,40.8828],[-80.6709,40.8834],[-80.6533,40.8788],[-80.6424,40.8752],[-80.6249,40.8636],[-80.62,40.8591],[-80.6132,40.847],[-80.6076,40.8406],[-80.6053,40.8387],[-80.5949,40.8323],[-80.5904,40.8313],[-80.5764,40.831],[-80.5733,40.8319],[-80.5633,40.8364],[-80.5606,40.8369],[-80.5463,40.8356],[-80.54,40.8356],[-80.5299,40.8357],[-80.519,40.8364],[-80.5026,40.84],[-80.4943,40.8407],[-80.4879,40.8416],[-80.482,40.8412],[-80.4743,40.8426],[-80.4655,40.8472],[-80.4624,40.8506],[-80.4605,40.8519],[-80.4538,40.8551],[-80.4453,40.8545],[-80.4431,40.8548],[-80.4308,40.8609],[-80.4187,40.8654],[-80.415,40.8661],[-80.4079,40.8645],[-80.4058,40.863],[-80.4053,40.8617],[-80.4058,40.8558],[-80.4053,40.8524],[-80.4023,40.8355],[-80.4,40.83],[-80.3969,40.8262],[-80.3972,40.8245],[-80.3996,40.822],[-80.4003,40.8205],[-80.3995,40.8184],[-80.3975,40.8172],[-80.393,40.8165],[-80.3884,40.8184],[-80.3859,40.8186],[-80.3814,40.8181],[-80.3781,40.8165],[-80.3764,40.8162],[-80.3747,40.8166],[-80.3715,40.8185],[-80.3682,40.8187],[-80.3642,40.8178],[-80.3583,40.8148],[-80.3537,40.8141],[-80.3505,40.8146],[-80.3378,40.8186],[-80.3341,40.818],[-80.3302,40.8162],[-80.3289,40.8149],[-80.3282,40.8136],[-80.3281,40.8115],[-80.3293,40.8078],[-80.3351,40.7984],[-80.3353,40.7897],[-80.3349,40.7879],[-80.3319,40.784],[-80.3308,40.7816],[-80.3307,40.774],[-80.3302,40.7721],[-80.3245,40.7647],[-80.3236,40.7629],[-80.3235,40.7604],[-80.3253,40.7555],[-80.3255,40.7535],[-80.3215,40.7428],[-80.3203,40.741],[-80.3191,40.7393]]}},{"type":"Feature","properties":{"n":1,"a":"amtrak"},"geometry":{"type":"LineString","coordinates":[[-76.5725,36.7283],[-76.4668,36.7462],[-76.4607,36.7473],[-76.3619,36.7638],[-76.3247,36.77],[-76.3088,36.7727],[-76.2893,36.7759],[-76.2846,36.7769],[-76.2803,36.7785],[-76.2738,36.7828],[-76.2698,36.7875],[-76.2677,36.7918],[-76.2669,36.795],[-76.2668,36.7992],[-76.2683,36.8067],[-76.2684,36.8073],[-76.2685,36.8079],[-76.2687,36.8089],[-76.269,36.8105],[-76.2693,36.8117],[-76.2713,36.8214],[-76.2718,36.8241],[-76.2724,36.8272],[-76.2729,36.8296],[-76.2737,36.8333],[-76.2753,36.8414],[-76.2759,36.8437],[-76.2756,36.8452],[-76.2752,36.8461],[-76.2724,36.8536],[-76.2702,36.8576]]}},{"type":"Feature","properties":{"n":1,"a":"amtrak"},"geometry":{"type":"LineString","coordinates":[[-79.9691,40.4585],[-79.9673,40.4593],[-79.9612,40.4605],[-79.9569,40.4609],[-79.9556,40.4602],[-79.953,40.4578],[-79.9466,40.4568],[-79.9425,40.4545],[-79.9401,40.4537],[-79.9369,40.454],[-79.9341,40.4558],[-79.9324,40.457],[-79.9297,40.458],[-79.9197,40.4602],[-79.9175,40.4599],[-79.9095,40.4568],[-79.9052,40.4552],[-79.9036,40.4545],[-79.8947,40.4511],[-79.892,40.4496],[-79.8894,40.4474],[-79.8876,40.4445],[-79.8868,40.4414],[-79.8846,40.4304],[-79.8864,40.4241],[-79.8872,40.4215],[-79.8869,40.42],[-79.8858,40.4184],[-79.883,40.4167],[-79.8795,40.4149],[-79.8738,40.4136],[-79.8712,40.4122],[-79.8657,40.4075],[-79.8652,40.4035],[-79.8642,40.4022],[-79.8592,40.3986],[-79.8505,40.3963],[-79.8465,40.3943],[-79.843,40.3938],[-79.8389,40.3924],[-79.8365,40.3927],[-79.8347,40.394],[-79.8282,40.4022],[-79.8263,40.4029],[-79.8239,40.4025],[-79.8186,40.4002],[-79.8162,40.3983],[-79.8124,40.395],[-79.8091,40.3939],[-79.7973,40.3939],[-79.7941,40.395],[-79.7854,40.3996],[-79.7826,40.4002],[-79.7804,40.4001],[-79.7763,40.3987],[-79.7737,40.3965],[-79.7711,40.3926],[-79.7683,40.3867],[-79.7675,40.3847],[-79.7671,40.3838],[-79.7668,40.3832],[-79.7639,40.3769],[-79.7606,40.3729],[-79.7417,40.3607],[-79.7302,40.3482],[-79.7184,40.3403],[-79.7098,40.3353],[-79.7022,40.3329],[-79.6926,40.3317],[-79.6881,40.3319],[-79.6758,40.3347],[-79.6724,40.3344],[-79.667,40.3329],[-79.6617,40.3339],[-79.6592,40.3338],[-79.6472,40.3289],[-79.6434,40.3284],[-79.6335,40.3311],[-79.6277,40.3315],[-79.6216,40.3306],[-79.6156,40.328],[-79.6134,40.3266],[-79.6085,40.3237],[-79.596,40.3161],[-79.5928,40.3146],[-79.5814,40.3122],[-79.5682,40.3091],[-79.5544,40.3046],[-79.5491,40.3044],[-79.5324,40.308],[-79.523,40.3101],[-79.5116,40.3118],[-79.5042,40.3127],[-79.4967,40.3162],[-79.4913,40.3174],[-79.472,40.3152],[-79.4634,40.3134],[-79.4245,40.302],[-79.4195,40.3012],[-79.4139,40.3016],[-79.4072,40.3035],[-79.3994,40.3078],[-79.3907,40.3139],[-79.3797,40.3221],[-79.3756,40.3242],[-79.369,40.3259],[-79.3625,40.3259],[-79.3383,40.3198],[-79.3335,40.3198],[-79.3262,40.3222],[-79.3227,40.3234],[-79.3124,40.3269],[-79.3081,40.3288],[-79.3054,40.3306],[-79.3048,40.331],[-79.3005,40.3345],[-79.2996,40.3353],[-79.2912,40.3422],[-79.287,40.3457],[-79.2798,40.3532],[-79.2729,40.358],[-79.269,40.3628],[-79.2422,40.391],[-79.2409,40.3932],[-79.2399,40.3986],[-79.2386,40.4012],[-79.2361,40.4034],[-79.2324,40.4051],[-79.2306,40.4069],[-79.2245,40.418],[-79.2224,40.4193],[-79.2199,40.4201],[-79.2153,40.4201],[-79.2117,40.4186],[-79.2076,40.4143],[-79.203,40.4108],[-79.2008,40.41],[-79.1979,40.4101],[-79.1919,40.413],[-79.1885,40.4135],[-79.1717,40.4095],[-79.1648,40.4091],[-79.1586,40.4102],[-79.156,40.4099],[-79.1541,40.4088],[-79.1531,40.4072],[-79.1531,40.4058],[-79.1547,40.4028],[-79.155,40.4013],[-79.1544,40.3997],[-79.1529,40.3983],[-79.1507,40.3973],[-79.1478,40.3968],[-79.1379,40.3976],[-79.1335,40.3971],[-79.1238,40.394],[-79.1222,40.3923],[-79.1218,40.3899],[-79.1226,40.388],[-79.1261,40.3844],[-79.1271,40.3821],[-79.127,40.379],[-79.1252,40.376],[-79.1218,40.3738],[-79.1179,40.3729],[-79.1147,40.3731],[-79.1073,40.3748],[-79.1049,40.3753]]}},{"type":"Feature","properties":{"n":1,"a":"amtrak"},"geometry":{"type":"LineString","coordinates":[[-79.165,37.3741],[-79.1635,37.3767],[-79.1629,37.3824],[-79.1588,37.3865],[-79.1544,37.3905],[-79.1538,37.392],[-79.1539,37.3943],[-79.1532,37.3997],[-79.1569,37.4057],[-79.1579,37.4079],[-79.1582,37.4109],[-79.1596,37.4184],[-79.1637,37.4285],[-79.1655,37.4331],[-79.1668,37.439],[-79.1667,37.4407],[-79.166,37.4424],[-79.1634,37.4479],[-79.1558,37.4565],[-79.1524,37.4617],[-79.1503,37.4665],[-79.1503,37.4733],[-79.1504,37.476],[-79.1478,37.4845],[-79.1319,37.4971],[-79.1302,37.4992],[-79.1282,37.5035],[-79.1266,37.5052],[-79.1193,37.5123],[-79.1144,37.5178],[-79.1124,37.5193],[-79.1009,37.522],[-79.093,37.526],[-79.0879,37.5298],[-79.078,37.5376],[-79.0763,37.5401],[-79.0746,37.5443],[-79.0731,37.548],[-79.0719,37.5495],[-79.0628,37.5563],[-79.0618,37.5581],[-79.0616,37.5614],[-79.0609,37.5632],[-79.0595,37.5646],[-79.0534,37.5686],[-79.052,37.571],[-79.0507,37.575],[-79.0479,37.5785],[-79.0428,37.5814],[-79.0378,37.5845],[-79.0334,37.5866],[-79.0255,37.5869],[-79.0231,37.5874],[-79.0131,37.595],[-78.9991,37.602],[-78.9957,37.6048],[-78.9924,37.6095],[-78.9834,37.6193],[-78.9802,37.6216],[-78.9777,37.6239],[-78.9752,37.6316],[-78.9737,37.6339],[-78.9707,37.636],[-78.963,37.6387],[-78.9591,37.6443],[-78.9545,37.6471],[-78.9486,37.6519],[-78.9475,37.6528],[-78.9406,37.6597],[-78.9325,37.6724],[-78.9312,37.6734],[-78.9285,37.6744],[-78.913,37.6769],[-78.9101,37.6779],[-78.9063,37.6799],[-78.8769,37.6994],[-78.8567,37.7119],[-78.8442,37.7196],[-78.8031,37.7508],[-78.8015,37.7515],[-78.7978,37.752],[-78.7955,37.7535],[-78.7905,37.7589],[-78.7862,37.7681],[-78.784,37.7712],[-78.7745,37.7815],[-78.7669,37.7875],[-78.7637,37.7923],[-78.7617,37.794],[-78.7576,37.7957],[-78.7552,37.7981],[-78.7528,37.8029],[-78.7531,37.8083],[-78.7523,37.811],[-78.7508,37.813],[-78.7451,37.8171],[-78.7387,37.8244],[-78.7378,37.8266],[-78.7375,37.8318],[-78.7348,37.8372],[-78.731,37.843],[-78.7257,37.855],[-78.7177,37.8699],[-78.7136,37.8799],[-78.7078,37.8876],[-78.7063,37.8889],[-78.7042,37.8896],[-78.7012,37.891],[-78.6962,37.8948],[-78.6847,37.9011],[-78.6745,37.9075],[-78.664,37.9118],[-78.6558,37.9176],[-78.6391,37.9385],[-78.6324,37.9466],[-78.6266,37.9499],[-78.6173,37.9567],[-78.6067,37.9661],[-78.6047,37.9679],[-78.6,37.9713],[-78.5973,37.9738],[-78.5946,37.9793],[-78.5826,37.9915],[-78.5749,38.0043],[-78.5735,38.0057],[-78.5597,38.0103],[-78.5507,38.0121],[-78.5434,38.0159],[-78.5236,38.0224],[-78.5101,38.0267],[-78.51,38.0268],[-78.4944,38.0311],[-78.4942,38.0311],[-78.4928,38.0315],[-78.4904,38.0328],[-78.4872,38.0349],[-78.4831,38.0387],[-78.4771,38.0469],[-78.472,38.0526],[-78.4694,38.0557],[-78.4675,38.0589],[-78.4644,38.0645],[-78.4645,38.0695],[-78.4632,38.0723],[-78.4614,38.074],[-78.4558,38.0776],[-78.4527,38.0805],[-78.445,38.0857],[-78.4404,38.092],[-78.4338,38.0971],[-78.4313,38.1026],[-78.4283,38.1058],[-78.4207,38.1115],[-78.4163,38.1156],[-78.3968,38.1336],[-78.3769,38.1445],[-78.3705,38.1477],[-78.3623,38.1479],[-78.3589,38.1493],[-78.3482,38.1571],[-78.3371,38.1719],[-78.335,38.1732],[-78.3323,38.1738],[-78.319,38.1717],[-78.3109,38.1691],[-78.2896,38.1696],[-78.2849,38.1704],[-78.2706,38.1756],[-78.26,38.1813],[-78.2549,38.1847],[-78.2492,38.1872],[-78.2452,38.191],[-78.2372,38.1971],[-78.2278,38.2018],[-78.2211,38.2052],[-78.218,38.2079],[-78.2051,38.2173],[-78.1967,38.2199],[-78.1877,38.2221],[-78.1772,38.2279],[-78.1721,38.2308],[-78.143,38.2357],[-78.1312,38.2406],[-78.1244,38.2427],[-78.1218,38.2428],[-78.1145,38.2415],[-78.1124,38.2415],[-78.1105,38.2428],[-78.11,38.2445]]}},{"type":"Feature","properties":{"n":1,"a":"amtrak"},"geometry":{"type":"LineString","coordinates":[[-76.0738,39.5579],[-76.0707,39.5589],[-76.057,39.5629],[-76.0459,39.5661],[-76.0393,39.5687],[-76.0363,39.5699],[-76.0297,39.572],[-76.0076,39.5735],[-75.9967,39.5748],[-75.9836,39.5774],[-75.9758,39.5798],[-75.972,39.5814],[-75.9688,39.5834],[-75.9502,39.6011],[-75.9465,39.6038],[-75.9368,39.6078],[-75.9296,39.6103],[-75.9237,39.6106],[-75.9206,39.6101],[-75.9014,39.6039],[-75.8708,39.6012],[-75.8639,39.6019],[-75.8467,39.6063],[-75.844,39.6071],[-75.8371,39.6102],[-75.8268,39.616],[-75.8215,39.6196],[-75.7947,39.6421],[-75.7902,39.6465],[-75.7884,39.6482],[-75.7775,39.6588],[-75.7733,39.6621],[-75.766,39.6659],[-75.7537,39.6699]]}},{"type":"Feature","properties":{"n":1,"a":"amtrak"},"geometry":{"type":"LineString","coordinates":[[-78.3625,40.5617],[-78.3476,40.5841],[-78.3311,40.6037],[-78.3224,40.6141],[-78.3218,40.6163],[-78.3221,40.6228],[-78.3213,40.6247],[-78.3199,40.6265],[-78.3165,40.6285],[-78.2963,40.6355],[-78.2831,40.6403],[-78.281,40.6418],[-78.2759,40.647],[-78.2568,40.6562],[-78.2557,40.657],[-78.2514,40.6602],[-78.2452,40.6627],[-78.2425,40.6649],[-78.2408,40.6672],[-78.2383,40.6683],[-78.2345,40.668],[-78.2293,40.6652],[-78.2236,40.6642],[-78.2154,40.6606],[-78.213,40.6571],[-78.2065,40.6543],[-78.2024,40.6513],[-78.1977,40.6444],[-78.1965,40.6405],[-78.1956,40.6393],[-78.1944,40.6388],[-78.1925,40.6381],[-78.1901,40.6361],[-78.18,40.6282],[-78.1784,40.6276],[-78.1768,40.6276],[-78.1741,40.6277],[-78.1724,40.6272],[-78.1667,40.6203],[-78.1644,40.6156],[-78.1629,40.6129],[-78.1606,40.6118],[-78.158,40.6121],[-78.1524,40.6142],[-78.1505,40.6144],[-78.1405,40.6119],[-78.1381,40.6102],[-78.1363,40.6062],[-78.1353,40.6048],[-78.1305,40.6019],[-78.1178,40.5968],[-78.1149,40.5949],[-78.1072,40.5876],[-78.103,40.5849],[-78.0635,40.568],[-78.0567,40.5669],[-78.0485,40.5671],[-78.0446,40.5658],[-78.0411,40.5623],[-78.0355,40.5534],[-78.035,40.5512],[-78.036,40.5468],[-78.0355,40.5444],[-78.0341,40.5427],[-78.0279,40.5379],[-78.0264,40.5357],[-78.0254,40.5182],[-78.024,40.51],[-78.0241,40.5078],[-78.0248,40.5057],[-78.0254,40.5027],[-78.0244,40.4994],[-78.0189,40.4883],[-78.0171,40.4863],[-78.0149,40.485],[-78.0112,40.4833],[-78.0051,40.4812],[-77.9999,40.4768],[-77.9931,40.4735],[-77.9749,40.4562],[-77.9576,40.4464],[-77.953,40.4446],[-77.9409,40.4412],[-77.9362,40.4389],[-77.9333,40.4364],[-77.9317,40.4339],[-77.931,40.4318],[-77.9303,40.4269],[-77.93,40.4227],[-77.9314,40.4182],[-77.9334,40.4152],[-77.94,40.4075],[-77.943,40.3986],[-77.9429,40.3965],[-77.9418,40.3945],[-77.9401,40.393],[-77.9378,40.392],[-77.934,40.3916],[-77.9281,40.3929],[-77.924,40.393],[-77.9121,40.3893],[-77.9073,40.3886],[-77.9028,40.3889],[-77.8946,40.3905],[-77.8884,40.3899],[-77.8729,40.3837],[-77.8657,40.381],[-77.859,40.3805],[-77.8529,40.382],[-77.8487,40.3845],[-77.8423,40.391],[-77.8399,40.3928],[-77.8177,40.402],[-77.8024,40.4101],[-77.7857,40.4223],[-77.7839,40.4244],[-77.7802,40.4305],[-77.7768,40.4338],[-77.775,40.4347],[-77.7714,40.435],[-77.7697,40.4356],[-77.7377,40.4547],[-77.7352,40.4582],[-77.7327,40.4653],[-77.7291,40.4792],[-77.7325,40.4918],[-77.7318,40.4954],[-77.7299,40.4981],[-77.727,40.5008],[-77.7106,40.513],[-77.7058,40.5149],[-77.7017,40.5149],[-77.674,40.5097],[-77.6583,40.5127],[-77.6557,40.5142],[-77.653,40.517],[-77.6468,40.5273],[-77.6461,40.5306],[-77.6479,40.5363],[-77.6475,40.5379],[-77.6465,40.5394],[-77.6259,40.5523],[-77.6219,40.554],[-77.6124,40.5567],[-77.5976,40.5612],[-77.5948,40.5627],[-77.592,40.5651],[-77.5898,40.5683],[-77.5889,40.5712],[-77.5882,40.5844],[-77.5859,40.5865],[-77.5813,40.5877],[-77.5782,40.5884],[-77.5762,40.5882],[-77.5715,40.5847],[-77.5626,40.5819],[-77.5552,40.5756],[-77.5523,40.5746],[-77.5493,40.5746],[-77.5378,40.5774],[-77.5317,40.5814],[-77.5226,40.5842],[-77.5112,40.5906],[-77.4976,40.5962],[-77.482,40.6014],[-77.4702,40.6035],[-77.4542,40.6082],[-77.4479,40.6091],[-77.4453,40.6087],[-77.4438,40.608],[-77.4238,40.5957],[-77.4129,40.5914],[-77.4103,40.5888],[-77.4093,40.5849],[-77.4082,40.5785],[-77.4048,40.5738],[-77.4042,40.5721],[-77.4044,40.5617],[-77.4045,40.5597],[-77.4031,40.5555],[-77.3997,40.5522],[-77.3833,40.5331],[-77.3814,40.5315],[-77.3717,40.5289],[-77.3666,40.5283],[-77.3628,40.5289],[-77.3535,40.5317],[-77.3484,40.5318],[-77.3436,40.5301],[-77.3338,40.523],[-77.3297,40.522],[-77.3261,40.5225],[-77.314,40.5275],[-77.2821,40.5359],[-77.2513,40.5472],[-77.2427,40.5512],[-77.2382,40.552],[-77.2287,40.5541],[-77.2142,40.5605],[-77.2104,40.5615],[-77.1935,40.5605],[-77.1856,40.5612],[-77.1745,40.563],[-77.1712,40.5621],[-77.168,40.5593],[-77.1596,40.5479],[-77.1501,40.5365],[-77.1458,40.532],[-77.1353,40.5157],[-77.134,40.5121],[-77.1336,40.5085],[-77.1361,40.495],[-77.1363,40.4918],[-77.1359,40.4894],[-77.1329,40.4824],[-77.1276,40.4763],[-77.1234,40.4703],[-77.1201,40.4685],[-77.117,40.468],[-77.112,40.4687],[-77.1086,40.4707],[-77.1065,40.4736],[-77.1052,40.481],[-77.1037,40.4844],[-77.1004,40.4871],[-77.0956,40.4884],[-77.091,40.4879],[-77.0836,40.4849],[-77.0743,40.4768],[-77.0708,40.475],[-77.0675,40.4743],[-77.0643,40.4742],[-77.0541,40.4767],[-77.0509,40.4768],[-77.0467,40.4757],[-77.0378,40.4711],[-77.0358,40.4693],[-77.0347,40.4675],[-77.0182,40.4268],[-77.0177,40.4189],[-77.015,40.4104],[-77.015,40.4073],[-77.0157,40.4047],[-77.017,40.4024],[-77.0231,40.397],[-77.027,40.3938],[-77.0287,40.3916],[-77.0296,40.3884],[-77.0288,40.385],[-77.0276,40.382],[-77.0262,40.379],[-77.0231,40.3758],[-77.0235,40.3696],[-77.0224,40.3664],[-77.0181,40.3618],[-77.0149,40.3598],[-77.0123,40.3588],[-76.9957,40.3561],[-76.9716,40.3561],[-76.9516,40.358],[-76.9429,40.3573],[-76.942,40.3574],[-76.9369,40.357],[-76.9351,40.3564],[-76.9334,40.355],[-76.9281,40.3395],[-76.9262,40.337],[-76.9207,40.3327],[-76.9183,40.3316],[-76.9156,40.3319],[-76.9058,40.3347],[-76.9041,40.3351],[-76.9026,40.3348],[-76.8988,40.3318],[-76.8944,40.3276],[-76.8934,40.3259],[-76.8938,40.3066],[-76.8938,40.302],[-76.8928,40.2982],[-76.8878,40.2833],[-76.8868,40.2789],[-76.8808,40.2697],[-76.8796,40.2675],[-76.8775,40.2619],[-76.877,40.2609],[-76.8757,40.2589],[-76.8708,40.2515],[-76.8624,40.2432],[-76.8589,40.2404],[-76.8485,40.2333],[-76.8124,40.2134],[-76.8071,40.2113],[-76.7746,40.2005],[-76.7501,40.1978],[-76.7412,40.1964],[-76.7352,40.1953],[-76.7327,40.194],[-76.7312,40.1926],[-76.7275,40.1873],[-76.7233,40.181],[-76.7226,40.1789],[-76.7223,40.1748],[-76.7211,40.1721],[-76.7187,40.1699],[-76.7096,40.1655],[-76.704,40.163],[-76.6989,40.1617],[-76.6828,40.1615],[-76.6696,40.1591],[-76.6688,40.1589],[-76.6325,40.152],[-76.6124,40.1466],[-76.6113,40.1463],[-76.5998,40.1428],[-76.5955,40.1396],[-76.5907,40.1341],[-76.5867,40.1319],[-76.5836,40.1313],[-76.5677,40.1311],[-76.5623,40.1298],[-76.5508,40.1261],[-76.5447,40.1231],[-76.5336,40.1163],[-76.5211,40.1124],[-76.5195,40.112],[-76.5034,40.1089],[-76.4975,40.1083],[-76.4785,40.108],[-76.4727,40.108],[-76.4634,40.108],[-76.4596,40.108],[-76.4468,40.1068],[-76.4301,40.1032],[-76.414,40.0986],[-76.4085,40.0972],[-76.3997,40.0962],[-76.3935,40.0941],[-76.3701,40.0831],[-76.3663,40.082],[-76.3556,40.0798],[-76.3461,40.0754],[-76.338,40.071],[-76.3298,40.0633],[-76.3244,40.0588],[-76.3209,40.0572],[-76.3169,40.0562],[-76.3114,40.0554],[-76.2945,40.0528],[-76.2831,40.0511],[-76.2665,40.0467],[-76.2537,40.0438],[-76.2309,40.0415],[-76.2132,40.0428],[-76.198,40.0433],[-76.1938,40.043],[-76.1854,40.0408],[-76.1831,40.0395],[-76.1813,40.0375],[-76.1772,40.0311],[-76.1734,40.0283],[-76.1698,40.0274],[-76.1632,40.0269],[-76.1479,40.0266],[-76.1453,40.0262],[-76.1417,40.0249],[-76.133,40.0197],[-76.1264,40.0156],[-76.1155,40.0068],[-76.1102,40.0036],[-76.1046,40.002],[-76.078,40.0002],[-76.0637,39.9984],[-76.0521,39.9955],[-76.0489,39.9936],[-76.0437,39.9866],[-76.0412,39.9852],[-76.0387,39.9851],[-76.024,39.9876],[-76.0212,39.9874],[-76.0197,39.9867],[-76.0184,39.9852],[-76.0175,39.9803],[-76.0159,39.977],[-76.0111,39.9725],[-76.0029,39.9621],[-75.9961,39.956],[-75.9941,39.9534],[-75.9909,39.9502],[-75.9859,39.9486],[-75.9828,39.9487],[-75.9675,39.9513],[-75.9417,39.9552]]}},{"type":"Feature","properties":{"n":1,"a":"amtrak"},"geometry":{"type":"LineString","coordinates":[[-78.11,38.2445],[-78.1104,38.2482],[-78.1084,38.2556],[-78.1098,38.26],[-78.1081,38.2649],[-78.0997,38.2781],[-78.0979,38.2798],[-78.0921,38.2835],[-78.0883,38.2883],[-78.085,38.2913],[-78.0828,38.2955],[-78.0775,38.3009],[-78.075,38.3047],[-78.0732,38.3074],[-78.0702,38.31],[-78.0688,38.3114],[-78.0555,38.3297],[-78.0426,38.3522],[-78.0383,38.3597],[-78.0266,38.3802],[-78.0009,38.4252],[-77.9941,38.437],[-77.9936,38.439],[-77.9947,38.4438],[-77.9945,38.4463],[-77.9931,38.4529],[-77.9924,38.4559],[-77.9923,38.4566],[-77.9916,38.4603],[-77.9934,38.4628],[-77.9942,38.4649],[-77.9945,38.4678],[-77.9942,38.4706],[-77.9933,38.4721],[-77.9918,38.4733],[-77.9866,38.4748],[-77.9831,38.4758],[-77.9711,38.4792],[-77.9688,38.4799],[-77.9626,38.4817],[-77.9563,38.4835],[-77.8947,38.5011],[-77.894,38.5013],[-77.8516,38.5134],[-77.8489,38.5141],[-77.833,38.519],[-77.8127,38.5281],[-77.8066,38.532],[-77.802,38.5365],[-77.7897,38.5498],[-77.7804,38.5591],[-77.7717,38.5665],[-77.7647,38.5713],[-77.6751,38.6305],[-77.6701,38.6338],[-77.6686,38.6348],[-77.6416,38.6526],[-77.6298,38.6608],[-77.6229,38.6681],[-77.619,38.6745],[-77.6131,38.6786],[-77.572,38.7027],[-77.5341,38.7249],[-77.526,38.7295],[-77.5241,38.7307]]}},{"type":"Feature","properties":{"n":1,"a":"amtrak"},"geometry":{"type":"LineString","coordinates":[[-80.2834,40.6994],[-80.2766,40.6991],[-80.2727,40.6983],[-80.2679,40.6962],[-80.262,40.6925],[-80.2582,40.6887],[-80.2536,40.684],[-80.25,40.6798],[-80.2487,40.6774],[-80.2436,40.6685],[-80.2391,40.6578],[-80.2368,40.6531],[-80.234,40.6468],[-80.2322,40.6397],[-80.2319,40.6386],[-80.2311,40.6347],[-80.2308,40.6301],[-80.2322,40.6155],[-80.2319,40.6074],[-80.2344,40.5994],[-80.2342,40.5942],[-80.2328,40.5896],[-80.2296,40.5842],[-80.2236,40.5774],[-80.212,40.5664],[-80.208,40.5626],[-80.2059,40.5596],[-80.2044,40.5566],[-80.2041,40.5562],[-80.2019,40.5532],[-80.1975,40.5483],[-80.1905,40.5381],[-80.1871,40.5352],[-80.1837,40.5337],[-80.1685,40.5291],[-80.1592,40.5264],[-80.1501,40.523],[-80.1437,40.5213],[-80.1363,40.5187],[-80.1198,40.5152],[-80.1089,40.5128],[-80.0964,40.508],[-80.0843,40.5037],[-80.0794,40.5025],[-80.0759,40.501],[-80.0559,40.4864],[-80.0462,40.4805],[-80.0426,40.4772],[-80.0382,40.4719],[-80.0351,40.4665],[-80.0324,40.4631],[-80.0307,40.4618],[-80.0226,40.4582],[-80.0222,40.458],[-80.0175,40.4554]]}},{"type":"Feature","properties":{"n":1,"a":"amtrak"},"geometry":{"type":"LineString","coordinates":[[-79.1049,40.3753],[-79.0927,40.3781],[-79.081,40.3805],[-79.0773,40.3804],[-79.0646,40.3785],[-79.0605,40.3789],[-79.0576,40.3797],[-79.0536,40.3818],[-79.0385,40.3925],[-79.0336,40.3968],[-79.0291,40.4021],[-79.0222,40.4136],[-79.0209,40.4156],[-79.0193,40.417],[-79.0163,40.4181],[-79.0132,40.4183],[-79.0106,40.4178],[-78.9978,40.4129],[-78.9903,40.4111],[-78.9878,40.4098],[-78.9852,40.4076],[-78.9756,40.3947],[-78.9683,40.3831],[-78.9672,40.381],[-78.9657,40.3757],[-78.962,40.3703],[-78.9556,40.3658],[-78.953,40.3628],[-78.9508,40.3612],[-78.9478,40.3611],[-78.9438,40.3636],[-78.9422,40.3634],[-78.941,40.3626],[-78.9392,40.3588],[-78.9397,40.3564],[-78.9421,40.3525],[-78.9427,40.35],[-78.942,40.3471],[-78.9398,40.3445],[-78.9284,40.3378],[-78.927,40.3361],[-78.9259,40.3334],[-78.9225,40.3305],[-78.9201,40.3292],[-78.9176,40.3289]]}},{"type":"Feature","properties":{"n":1,"a":"amtrak"},"geometry":{"type":"LineString","coordinates":[[-79.1049,40.3753],[-79.1012,40.3764]]}},{"type":"Feature","properties":{"n":1,"a":"amtrak"},"geometry":{"type":"LineString","coordinates":[[-80.8704,37.6524],[-80.8711,37.6523],[-80.8768,37.6515],[-80.8797,37.6516],[-80.8824,37.6527],[-80.8843,37.6547],[-80.8916,37.6627],[-80.8921,37.6647],[-80.8927,37.6743],[-80.8915,37.6762],[-80.888,37.6779]]}},{"type":"Feature","properties":{"n":1,"a":"amtrak"},"geometry":{"type":"LineString","coordinates":[[-78.8897,40.3421],[-78.889,40.3425],[-78.8822,40.347],[-78.8815,40.3486],[-78.8813,40.3514],[-78.8803,40.3529],[-78.8783,40.3539],[-78.8752,40.354],[-78.8682,40.3512],[-78.8618,40.3528],[-78.8595,40.3538],[-78.8588,40.3554],[-78.8597,40.358],[-78.8594,40.3593],[-78.8586,40.3603],[-78.8557,40.362],[-78.855,40.3632],[-78.8552,40.3645],[-78.8566,40.3673],[-78.8565,40.3693],[-78.8538,40.3724],[-78.8531,40.3749],[-78.8523,40.3762],[-78.8489,40.3776],[-78.843,40.3772],[-78.8387,40.3776],[-78.8361,40.3773],[-78.8295,40.3733],[-78.8227,40.3718],[-78.8198,40.3687],[-78.8179,40.3677],[-78.816,40.3678],[-78.8114,40.3697],[-78.8087,40.37],[-78.8052,40.3693],[-78.7976,40.3663],[-78.7956,40.366],[-78.7925,40.3666],[-78.7841,40.3694],[-78.7817,40.3696],[-78.7777,40.369],[-78.7746,40.3694],[-78.754,40.3764],[-78.7302,40.3812],[-78.7043,40.3913],[-78.6994,40.3914],[-78.6896,40.3888],[-78.681,40.3889],[-78.6768,40.3894],[-78.6727,40.3906],[-78.6545,40.3992],[-78.6502,40.4013],[-78.6368,40.4076],[-78.6329,40.4101],[-78.6231,40.4199],[-78.6221,40.422],[-78.6218,40.4251],[-78.6213,40.4317],[-78.6199,40.4347],[-78.5992,40.4533],[-78.5946,40.4585],[-78.5885,40.4663],[-78.5838,40.4721],[-78.5793,40.4775],[-78.5771,40.4783],[-78.5747,40.4781],[-78.5683,40.4769],[-78.5552,40.477],[-78.5464,40.4771],[-78.541,40.4777],[-78.5369,40.4782],[-78.53,40.4784],[-78.5253,40.4795],[-78.5169,40.4819],[-78.5153,40.4813],[-78.513,40.4783],[-78.5089,40.4762],[-78.5068,40.4763],[-78.5023,40.4781],[-78.4986,40.4778],[-78.4951,40.4782],[-78.4937,40.4777],[-78.4918,40.4759],[-78.4898,40.4752],[-78.4842,40.4746],[-78.481,40.475],[-78.4789,40.4759],[-78.4777,40.4776],[-78.4766,40.4839],[-78.4742,40.4917],[-78.475,40.4931],[-78.4777,40.4949],[-78.4853,40.4961],[-78.4861,40.4973],[-78.4853,40.4988],[-78.4837,40.4991],[-78.4794,40.4984],[-78.4727,40.4993],[-78.4632,40.4997],[-78.4614,40.4988],[-78.4604,40.4959],[-78.4588,40.4947],[-78.4572,40.4944],[-78.451,40.4948],[-78.4437,40.4916],[-78.4342,40.4899],[-78.4318,40.4913],[-78.4282,40.4979],[-78.4263,40.5002],[-78.4142,40.5072],[-78.4056,40.5119],[-78.4048,40.5123],[-78.4029,40.5134],[-78.3966,40.5172],[-78.3913,40.5231],[-78.3783,40.5378],[-78.3714,40.5505],[-78.3659,40.5568],[-78.3625,40.5617]]}},{"type":"Feature","properties":{"n":1,"a":"amtrak"},"geometry":{"type":"LineString","coordinates":[[-75.7911,39.988],[-75.771,39.9911]]}},{"type":"Feature","properties":{"n":1,"a":"amtrak"},"geometry":{"type":"LineString","coordinates":[[-79.9974,40.45],[-79.9943,40.4456],[-79.992,40.4448],[-79.9883,40.447],[-79.9851,40.4489],[-79.9839,40.4498],[-79.9784,40.4527],[-79.9691,40.4585]]}},{"type":"Feature","properties":{"n":1,"a":"amtrak"},"geometry":{"type":"LineString","coordinates":[[-80.0175,40.4554],[-80.0164,40.4548]]}},{"type":"Feature","properties":{"n":1,"a":"amtrak"},"geometry":{"type":"LineString","coordinates":[[-75.9216,39.9594],[-75.9125,39.9614],[-75.8876,39.9659],[-75.8741,39.9684],[-75.8662,39.9708],[-75.8423,39.977],[-75.8321,39.9817],[-75.8269,39.9841],[-75.821,39.9859],[-75.8073,39.9886],[-75.8033,39.9887],[-75.7957,39.9878],[-75.7911,39.988]]}},{"type":"Feature","properties":{"n":1,"a":"amtrak"},"geometry":{"type":"LineString","coordinates":[[-75.9417,39.9552],[-75.9312,39.9571],[-75.9216,39.9594]]}},{"type":"Feature","properties":{"n":1,"a":"amtrak"},"geometry":{"type":"LineString","coordinates":[[-75.9417,39.9552],[-75.9216,39.9594]]}},{"type":"Feature","properties":{"n":1,"a":"amtrak"},"geometry":{"type":"LineString","coordinates":[[-80.3157,40.7351],[-80.3117,40.7315],[-80.3085,40.7267],[-80.3071,40.7242],[-80.3041,40.7189],[-80.2997,40.7147],[-80.2937,40.7074],[-80.2892,40.7002],[-80.2873,40.699],[-80.2855,40.6989]]}},{"type":"Feature","properties":{"n":1,"a":"amtrak"},"geometry":{"type":"LineString","coordinates":[[-80.0175,40.4554],[-80.0116,40.4524],[-80.0094,40.4502],[-80.0079,40.4496],[-80.0058,40.4495],[-79.9993,40.4508],[-79.9974,40.45]]}},{"type":"Feature","properties":{"n":1,"a":"amtrak"},"geometry":{"type":"LineString","coordinates":[[-80.0177,40.4554],[-80.0114,40.4521],[-80.0095,40.4501],[-80.0083,40.4496],[-80.0056,40.4493],[-79.9991,40.4506],[-79.9974,40.45]]}},{"type":"Feature","properties":{"n":1,"a":"amtrak"},"geometry":{"type":"LineString","coordinates":[[-78.9176,40.3289],[-78.9133,40.3288],[-78.9102,40.3298],[-78.8921,40.3406],[-78.89,40.3419],[-78.8897,40.3421]]}},{"type":"Feature","properties":{"n":1,"a":"amtrak"},"geometry":{"type":"LineString","coordinates":[[-78.9176,40.3289],[-78.9136,40.3288],[-78.9105,40.3298],[-78.8926,40.3404],[-78.8905,40.3416],[-78.8897,40.3421]]}},{"type":"Feature","properties":{"n":1,"a":"amtrak"},"geometry":{"type":"LineString","coordinates":[[-75.7911,39.988],[-75.7608,39.9933],[-75.7475,39.9948],[-75.7346,39.9972]]}},{"type":"Feature","properties":{"n":1,"a":"amtrak"},"geometry":{"type":"LineString","coordinates":[[-80.8704,37.6524],[-80.8782,37.6517],[-80.8807,37.652],[-80.8823,37.6529],[-80.8916,37.6634],[-80.8927,37.6733],[-80.8924,37.6748],[-80.8906,37.6767],[-80.888,37.6779]]}},{"type":"Feature","properties":{"n":1,"a":"amtrak"},"geometry":{"type":"LineString","coordinates":[[-80.8704,37.6524],[-80.8609,37.6531],[-80.8518,37.6515],[-80.8492,37.6526],[-80.8417,37.6581],[-80.837,37.6599],[-80.8267,37.66],[-80.8234,37.6592],[-80.8171,37.656],[-80.8091,37.6535],[-80.8039,37.6474],[-80.8031,37.6433],[-80.8019,37.642],[-80.8,37.6417],[-80.796,37.643],[-80.7922,37.6432],[-80.7587,37.6513],[-80.7553,37.6514],[-80.7524,37.6508],[-80.738,37.6454],[-80.7349,37.6455],[-80.7318,37.6469],[-80.7294,37.6499],[-80.7289,37.6534],[-80.7302,37.6565],[-80.7346,37.6614],[-80.7363,37.6641],[-80.7369,37.6678],[-80.7358,37.6715],[-80.7329,37.6748],[-80.7282,37.6775],[-80.7221,37.6787],[-80.7157,37.6783],[-80.6969,37.6762],[-80.6944,37.6772],[-80.6899,37.6815],[-80.677,37.694],[-80.6749,37.695],[-80.6725,37.6952],[-80.6696,37.6958],[-80.668,37.6971],[-80.6675,37.7026],[-80.667,37.7176],[-80.6684,37.7199],[-80.6722,37.723],[-80.6727,37.7253],[-80.6718,37.7269],[-80.6698,37.7278],[-80.6624,37.727],[-80.6447,37.7244],[-80.6356,37.7224],[-80.6297,37.7216],[-80.6278,37.7208],[-80.6226,37.7171],[-80.6184,37.7157],[-80.6161,37.7159],[-80.6138,37.717],[-80.608,37.7214],[-80.6035,37.7219],[-80.6015,37.7227],[-80.5949,37.7293],[-80.5918,37.7311],[-80.5884,37.7318],[-80.5827,37.7343],[-80.5761,37.7393],[-80.5649,37.7407],[-80.5612,37.7419],[-80.5574,37.7455]]}},{"type":"Feature","properties":{"n":1,"a":"amtrak"},"geometry":{"type":"LineString","coordinates":[[-80.5574,37.7455],[-80.5552,37.7463],[-80.5527,37.7462],[-80.5456,37.743],[-80.5429,37.7422]]}},{"type":"Feature","properties":{"n":1,"a":"amtrak"},"geometry":{"type":"LineString","coordinates":[[-80.3191,40.7393],[-80.3172,40.7362],[-80.313,40.7327],[-80.3102,40.7294],[-80.3046,40.7196],[-80.2997,40.7147],[-80.2946,40.7085],[-80.2897,40.7006],[-80.2879,40.6991],[-80.2857,40.6988],[-80.2846,40.699]]}},{"type":"Feature","properties":{"n":1,"a":"amtrak"},"geometry":{"type":"LineString","coordinates":[[-80.2855,40.6989],[-80.2841,40.6991]]}},{"type":"Feature","properties":{"n":1,"a":"amtrak"},"geometry":{"type":"LineString","coordinates":[[-80.2841,40.6991],[-80.2838,40.6992],[-80.2834,40.6994]]}},{"type":"Feature","properties":{"n":1,"a":"amtrak"},"geometry":{"type":"LineString","coordinates":[[-80.2846,40.699],[-80.2841,40.6991]]}},{"type":"Feature","properties":{"n":1,"a":"amtrak"},"geometry":{"type":"LineString","coordinates":[[-78.3627,40.5615],[-78.3625,40.5617]]}},{"type":"Feature","properties":{"n":1,"a":"amtrak"},"geometry":{"type":"LineString","coordinates":[[-75.1818,39.9599],[-75.1845,39.9634],[-75.1878,39.9665],[-75.1959,39.9691],[-75.198,39.9707],[-75.1985,39.9722],[-75.1977,39.9738],[-75.1928,39.9771]]}},{"type":"Feature","properties":{"n":1,"a":"amtrak"},"geometry":{"type":"LineString","coordinates":[[-108.7189,32.3532],[-108.7074,32.3503],[-108.683,32.3439]]}},{"type":"Feature","properties":{"n":1,"a":"amtrak"},"geometry":{"type":"LineString","coordinates":[[-97.4845,35.3505],[-97.4845,35.3649],[-97.4845,35.3773],[-97.4845,35.3897],[-97.4845,35.3903],[-97.4852,35.3955],[-97.4876,35.4001],[-97.4936,35.4101],[-97.4995,35.4197],[-97.5129,35.4425],[-97.5131,35.4469],[-97.513,35.4501],[-97.5127,35.4572],[-97.5125,35.4657]]}},{"type":"Feature","properties":{"n":1,"a":"amtrak"},"geometry":{"type":"LineString","coordinates":[[-106.4869,31.7619],[-106.4858,31.7624],[-106.4852,31.7627],[-106.4738,31.7697],[-106.4681,31.7733],[-106.4639,31.7751],[-106.463,31.7752],[-106.4625,31.7753],[-106.4607,31.7757]]}},{"type":"Feature","properties":{"n":1,"a":"amtrak"},"geometry":{"type":"LineString","coordinates":[[-106.4607,31.7757],[-106.457,31.7759],[-106.4242,31.7728],[-106.4134,31.7692],[-106.406,31.7689],[-106.4046,31.7681],[-106.4026,31.7652],[-106.4011,31.7639],[-106.3941,31.7579],[-106.394,31.7578],[-106.3926,31.7566],[-106.3804,31.7462],[-106.3801,31.746],[-106.3733,31.7402],[-106.3261,31.7001],[-106.3198,31.6947],[-106.3153,31.6904],[-106.2786,31.6489],[-106.2281,31.5918],[-106.1809,31.5385],[-106.1577,31.5033],[-106.1541,31.4989],[-106.0961,31.4516],[-106.0737,31.4351],[-106.0553,31.4222],[-106.0524,31.4217],[-106.0307,31.4208],[-106.027,31.4201],[-106.0144,31.4136],[-106.0025,31.409],[-105.99,31.4019],[-105.9825,31.3997],[-105.9682,31.3955],[-105.951,31.3869],[-105.944,31.3856],[-105.9369,31.3828],[-105.9249,31.3735],[-105.9232,31.3719],[-105.9196,31.3661],[-105.913,31.3558],[-105.8866,31.3283],[-105.8601,31.3115],[-105.8438,31.3001],[-105.8098,31.2778],[-105.8072,31.2757],[-105.8051,31.2719],[-105.8008,31.2535],[-105.793,31.2435],[-105.7893,31.2404],[-105.7687,31.2317],[-105.7631,31.2299],[-105.7605,31.2299],[-105.7579,31.2306],[-105.7552,31.2323],[-105.7418,31.2444],[-105.7255,31.2518],[-105.7078,31.2582],[-105.6752,31.2636],[-105.6709,31.263],[-105.6623,31.26],[-105.656,31.2588],[-105.653,31.2589],[-105.6405,31.2597],[-105.6261,31.2582],[-105.6217,31.2578],[-105.6118,31.2579],[-105.6053,31.2555],[-105.5961,31.255],[-105.5935,31.2557],[-105.5734,31.2654],[-105.5631,31.2668],[-105.5418,31.2689],[-105.5348,31.2723],[-105.5255,31.2773],[-105.522,31.2776],[-105.5182,31.2767],[-105.5153,31.2744],[-105.5074,31.2632],[-105.4916,31.2521],[-105.4882,31.2494],[-105.4741,31.2326],[-105.469,31.2267],[-105.4638,31.2224],[-105.4612,31.216],[-105.4598,31.2139],[-105.4535,31.2076],[-105.4394,31.1965],[-105.4337,31.1941],[-105.3954,31.185],[-105.3616,31.1769],[-105.3576,31.176],[-105.3502,31.1733],[-105.1526,31.0789],[-105.1343,31.0701],[-105.0398,31.0246],[-104.9232,30.9375],[-104.9184,30.9354],[-104.914,30.9351],[-104.9112,30.9359],[-104.9073,30.9387],[-104.9041,30.9417],[-104.8993,30.9438],[-104.8771,30.952],[-104.8714,30.9525],[-104.8583,30.951],[-104.8506,30.9484],[-104.8423,30.9435],[-104.808,30.9279],[-104.8041,30.9254],[-104.7922,30.9115],[-104.7895,30.9074],[-104.7755,30.8752],[-104.7373,30.7862],[-104.7343,30.781],[-104.7244,30.7689],[-104.7173,30.761],[-104.7034,30.75],[-104.6813,30.7326],[-104.6295,30.6918],[-104.5064,30.5948],[-104.4903,30.5821],[-104.4078,30.5168],[-104.404,30.5137],[-104.3866,30.5],[-104.3034,30.434],[-104.2836,30.4182],[-104.2403,30.3837],[-104.2355,30.3804],[-104.2306,30.3781],[-104.1875,30.3606],[-104.1616,30.3501],[-104.1554,30.3482],[-104.1334,30.3482],[-104.131,30.347],[-104.1078,30.3283],[-104.1058,30.328],[-104.0931,30.3281],[-104.0901,30.3277],[-104.0715,30.3189],[-104.043,30.3111],[-104.0331,30.3089],[-104.0294,30.3087],[-104.0258,30.3095],[-104.0138,30.3127],[-104.0075,30.3129],[-104,30.3128],[-103.9965,30.3119],[-103.9941,30.3101],[-103.9872,30.3025],[-103.9814,30.2995],[-103.9659,30.2992],[-103.951,30.2938],[-103.9042,30.2836],[-103.8951,30.278],[-103.8922,30.2769],[-103.8442,30.2734],[-103.8374,30.2712],[-103.8347,30.2704],[-103.8319,30.2708],[-103.8217,30.2748],[-103.8183,30.2775],[-103.8173,30.2783],[-103.8144,30.28],[-103.81,30.28],[-103.8033,30.2808],[-103.8016,30.2819],[-103.8007,30.2834],[-103.8006,30.2852],[-103.8021,30.2894],[-103.8025,30.2943],[-103.8055,30.2987],[-103.806,30.3009],[-103.8039,30.308],[-103.8024,30.3096],[-103.8001,30.3109],[-103.7739,30.326],[-103.7665,30.3293],[-103.7475,30.3409],[-103.7393,30.3446],[-103.7169,30.3521],[-103.711,30.3535],[-103.6982,30.3557],[-103.696,30.3554],[-103.6894,30.3523],[-103.6849,30.3506],[-103.6815,30.3511],[-103.6635,30.3565],[-103.661,30.3572],[-103.6479,30.36],[-103.6227,30.3663],[-103.6205,30.3679],[-103.6186,30.3713],[-103.617,30.3728],[-103.6148,30.3737],[-103.6074,30.3753],[-103.5932,30.382],[-103.5917,30.3834],[-103.5899,30.3869],[-103.5846,30.39],[-103.5825,30.3897],[-103.5751,30.3861],[-103.5541,30.3802],[-103.5464,30.3756],[-103.539,30.3751],[-103.5288,30.3708],[-103.5161,30.3655],[-103.5041,30.3615],[-103.496,30.3566],[-103.4886,30.3497],[-103.4843,30.3429],[-103.4817,30.341],[-103.4767,30.3385],[-103.4745,30.3366],[-103.4655,30.3198],[-103.4617,30.3122],[-103.4545,30.2939],[-103.4509,30.2845],[-103.4486,30.2817],[-103.438,30.2758],[-103.4352,30.2735],[-103.4315,30.2717],[-103.4255,30.2673],[-103.4158,30.2622],[-103.4025,30.2516],[-103.3942,30.2477],[-103.3879,30.2417],[-103.3838,30.2375],[-103.3817,30.2364],[-103.3732,30.2353],[-103.3621,30.2309],[-103.3578,30.2288],[-103.3483,30.2196],[-103.3449,30.2181],[-103.3119,30.2121],[-103.3001,30.2125],[-103.2926,30.2138],[-103.2877,30.2139],[-103.2593,30.2085],[-103.2472,30.2062],[-103.2425,30.2053],[-103.2397,30.2048],[-103.2345,30.2054],[-103.2244,30.2028],[-103.2174,30.2031],[-103.2029,30.2065],[-103.1986,30.2069],[-103.1172,30.2041],[-103.089,30.2031],[-103.0848,30.2027],[-103.082,30.2016],[-103.0804,30.2003],[-103.0748,30.194],[-103.0625,30.1764],[-103.0587,30.1666],[-103.0564,30.163],[-103.0534,30.1595],[-103.0491,30.1569],[-103.0372,30.1531],[-103.0331,30.1517],[-103.0224,30.1456],[-103.0168,30.142],[-103.0128,30.1384],[-103.011,30.1378],[-103.0091,30.1378],[-103.0054,30.1387],[-103.0029,30.138],[-102.991,30.1261],[-102.9787,30.1147],[-102.9731,30.1111],[-102.9671,30.1089],[-102.96,30.1078],[-102.942,30.1075],[-102.9284,30.1098],[-102.9196,30.1127],[-102.9116,30.1161],[-102.9077,30.1172],[-102.8956,30.1183],[-102.8906,30.117],[-102.883,30.1145],[-102.8805,30.1126],[-102.8787,30.1093],[-102.8777,30.1039],[-102.8781,30.1001],[-102.877,30.0973],[-102.8754,30.0951],[-102.8684,30.0892],[-102.8647,30.0789],[-102.8635,30.0768],[-102.8545,30.0712],[-102.8519,30.0715],[-102.8489,30.0743],[-102.847,30.0754],[-102.8439,30.0763],[-102.8354,30.0751],[-102.8334,30.0753],[-102.8309,30.0766],[-102.8274,30.0803],[-102.8247,30.0815],[-102.8164,30.0849],[-102.8122,30.0859],[-102.7959,30.0926],[-102.7938,30.0928],[-102.7887,30.0919],[-102.7814,30.0936],[-102.7698,30.0943],[-102.7664,30.0953],[-102.7632,30.0971],[-102.753,30.1031],[-102.7375,30.1087],[-102.7345,30.1102],[-102.7247,30.1178],[-102.7107,30.1313],[-102.7065,30.1368],[-102.6955,30.144],[-102.6833,30.1517],[-102.6602,30.1612],[-102.6559,30.1624],[-102.6508,30.1627],[-102.6337,30.1603],[-102.6259,30.1569],[-102.5839,30.1375],[-102.5712,30.1346],[-102.5669,30.1342],[-102.5634,30.1341],[-102.5499,30.1372],[-102.5409,30.1446],[-102.529,30.1566],[-102.5188,30.1599],[-102.4929,30.1648],[-102.4878,30.1661],[-102.4838,30.1677],[-102.4762,30.1677],[-102.4698,30.1655],[-102.4615,30.1649],[-102.459,30.1639],[-102.4556,30.1596],[-102.4521,30.151],[-102.4484,30.1481],[-102.4402,30.1455],[-102.4371,30.145],[-102.4329,30.145],[-102.4206,30.1472],[-102.4176,30.1468],[-102.4138,30.1454],[-102.3913,30.1369],[-102.3896,30.1357],[-102.3887,30.134],[-102.3882,30.1297],[-102.3913,30.1241],[-102.3918,30.1222],[-102.3912,30.1175],[-102.3899,30.1157],[-102.3827,30.112],[-102.3763,30.1071],[-102.364,30.104],[-102.3618,30.1028],[-102.3572,30.097],[-102.3576,30.0918],[-102.3568,30.0886],[-102.3552,30.0866],[-102.3521,30.0848],[-102.3501,30.0845],[-102.3482,30.0855],[-102.3446,30.0892],[-102.342,30.0934],[-102.3382,30.0999],[-102.3366,30.1017],[-102.3335,30.1034],[-102.3281,30.1047],[-102.325,30.1044],[-102.3176,30.1007],[-102.3154,30.1001],[-102.3015,30.101],[-102.2995,30.1007],[-102.293,30.0969],[-102.2855,30.0911],[-102.278,30.0876],[-102.272,30.0856],[-102.2619,30.0812],[-102.2549,30.0757],[-102.252,30.0701],[-102.2502,30.0679],[-102.2381,30.061],[-102.2246,30.0538],[-102.2109,30.0535],[-102.1679,30.0532],[-102.1094,30.0459],[-102.0908,30.0451],[-102.0881,30.0457],[-102.0801,30.0492],[-102.0753,30.0523],[-102.0706,30.0537],[-102.067,30.0535],[-102.0609,30.0498],[-102.0562,30.0495],[-102.0528,30.0504],[-102.0429,30.0556],[-102.0356,30.0554],[-102.033,30.0546],[-102.0285,30.0513],[-102.0205,30.0417],[-102.011,30.0357],[-102.0085,30.0324],[-102.0044,30.027],[-101.9906,30.013],[-101.9894,30.0112],[-101.9889,30.0096],[-101.9895,30.0062],[-101.9875,30.0016],[-101.9854,29.9992],[-101.9825,29.9978],[-101.9756,29.997],[-101.9701,29.9972],[-101.9655,29.9966],[-101.9608,29.997],[-101.9577,29.9967],[-101.9456,29.9921],[-101.9296,29.9886],[-101.925,29.9887],[-101.9215,29.9895],[-101.9176,29.989],[-101.9132,29.9901],[-101.9115,29.99],[-101.9094,29.9885],[-101.9083,29.9866],[-101.9076,29.9839],[-101.9067,29.9829],[-101.8926,29.9772],[-101.8813,29.9784],[-101.8766,29.9809],[-101.8742,29.9809],[-101.8725,29.9792],[-101.872,29.9732],[-101.8683,29.9681],[-101.8676,29.9656],[-101.867,29.9632],[-101.8647,29.9589],[-101.8625,29.9569],[-101.8592,29.9549],[-101.8566,29.954],[-101.8532,29.9538],[-101.8477,29.9541],[-101.8443,29.9554],[-101.8397,29.9581],[-101.8351,29.9636],[-101.8321,29.9649],[-101.8277,29.9651],[-101.8219,29.9632],[-101.81,29.9626],[-101.807,29.9638],[-101.803,29.9677],[-101.7977,29.9693],[-101.7952,29.9694],[-101.7875,29.9681],[-101.7807,29.9704],[-101.7706,29.972],[-101.768,29.9716],[-101.7638,29.9696],[-101.7594,29.9689],[-101.7532,29.9658],[-101.7518,29.9646],[-101.7494,29.9597],[-101.7487,29.9558],[-101.7442,29.9493],[-101.7415,29.9459],[-101.7398,29.9446],[-101.7316,29.9417],[-101.7214,29.9346],[-101.711,29.9287],[-101.7006,29.9253],[-101.693,29.921],[-101.6907,29.919],[-101.6787,29.9039],[-101.6675,29.8953],[-101.6628,29.8933],[-101.6491,29.8901],[-101.6442,29.8867],[-101.6363,29.8772],[-101.626,29.8708],[-101.6245,29.8695],[-101.6237,29.8677],[-101.6229,29.8627],[-101.6216,29.861],[-101.6181,29.8585],[-101.6154,29.8551],[-101.6119,29.849],[-101.6105,29.8422],[-101.6088,29.8393],[-101.6009,29.8334],[-101.5943,29.8316],[-101.5918,29.8302],[-101.5882,29.8265],[-101.5852,29.8206],[-101.5823,29.8184],[-101.5788,29.8162],[-101.5759,29.8151],[-101.5662,29.8148],[-101.5631,29.8152],[-101.554,29.8185],[-101.5507,29.8189],[-101.5462,29.8191],[-101.5414,29.8184],[-101.5376,29.8171],[-101.532,29.8173],[-101.5269,29.8155],[-101.525,29.8159],[-101.5203,29.818],[-101.5124,29.8171],[-101.5074,29.8177],[-101.4992,29.8152],[-101.4957,29.8123],[-101.4942,29.8116],[-101.4921,29.8115],[-101.4887,29.8123],[-101.4866,29.812],[-101.4807,29.808],[-101.479,29.8073],[-101.47,29.8071],[-101.4662,29.8086],[-101.4634,29.8087],[-101.4609,29.8072],[-101.4528,29.7979],[-101.4504,29.7963],[-101.4451,29.7938],[-101.4412,29.7897],[-101.4311,29.7874],[-101.4269,29.7855],[-101.4195,29.785],[-101.4063,29.784],[-101.3897,29.7781],[-101.3873,29.7766],[-101.3854,29.773],[-101.3809,29.7702],[-101.378,29.7676],[-101.3756,29.7645],[-101.3704,29.7627],[-101.3629,29.761],[-101.3534,29.7568],[-101.3443,29.7582],[-101.3416,29.7593],[-101.3379,29.7617],[-101.3264,29.7656],[-101.3246,29.766],[-101.3189,29.7682],[-101.317,29.7683],[-101.3126,29.7672],[-101.3069,29.768],[-101.3036,29.7666],[-101.3004,29.7618],[-101.2961,29.7549],[-101.2931,29.7528],[-101.2841,29.752],[-101.277,29.7544],[-101.2741,29.755],[-101.2683,29.7539],[-101.2635,29.7543],[-101.2599,29.7527],[-101.2517,29.7389],[-101.2506,29.7343],[-101.2452,29.7233],[-101.2368,29.7176],[-101.2301,29.7116],[-101.2276,29.7071],[-101.2214,29.7024],[-101.2195,29.6989],[-101.2151,29.6939],[-101.2091,29.6917],[-101.2014,29.6933],[-101.1944,29.6956],[-101.1922,29.6959],[-101.189,29.6949],[-101.185,29.6918],[-101.1772,29.686],[-101.1638,29.6804],[-101.1614,29.6778],[-101.1603,29.6746],[-101.1579,29.6688],[-101.1556,29.6597],[-101.1522,29.656],[-101.1464,29.6529],[-101.1446,29.6503],[-101.1443,29.6476],[-101.1467,29.6361],[-101.1465,29.6341],[-101.1451,29.63],[-101.1414,29.6259],[-101.1358,29.6234],[-101.1337,29.622],[-101.131,29.6195],[-101.1296,29.6173],[-101.1251,29.5949],[-101.1243,29.5797],[-101.1236,29.5763],[-101.1208,29.5715],[-101.1115,29.5622],[-101.1088,29.5547],[-101.108,29.5511],[-101.107,29.5364],[-101.1059,29.5341],[-101.1017,29.5286],[-101.0996,29.5271],[-101.0975,29.5262],[-101.0895,29.5254],[-101.0865,29.5243],[-101.0616,29.5015],[-101.0396,29.4929],[-101.0375,29.4906],[-101.0291,29.4726],[-101.0183,29.4527],[-101.0173,29.4486],[-101.0171,29.4437],[-101.0166,29.4112],[-101.0173,29.4073],[-101.0202,29.4004],[-101.02,29.3955],[-101.0188,29.3921],[-101.0156,29.3884],[-101.0089,29.3778],[-101.0061,29.3745],[-101.0036,29.3729],[-100.9832,29.364],[-100.962,29.3593],[-100.925,29.3553],[-100.9221,29.356],[-100.9168,29.359],[-100.9143,29.3597],[-100.9089,29.3607],[-100.9068,29.3612],[-100.885,29.3686],[-100.88,29.3703],[-100.8776,29.3706],[-100.8606,29.3697],[-100.8503,29.3665],[-100.8408,29.368],[-100.8245,29.3675],[-100.8223,29.3669],[-100.814,29.363],[-100.8113,29.3626],[-100.8054,29.3635],[-100.7967,29.3683],[-100.7805,29.374],[-100.7547,29.3831],[-100.7283,29.3923],[-100.7262,29.3926],[-100.723,29.3921],[-100.7128,29.3868],[-100.7102,29.3866],[-100.7079,29.3871],[-100.6998,29.3883],[-100.6918,29.3871],[-100.6795,29.3837],[-100.6705,29.3782],[-100.6627,29.3732],[-100.6455,29.3666],[-100.6391,29.3638],[-100.6238,29.3498],[-100.6022,29.3175],[-100.6013,29.3151],[-100.6014,29.311],[-100.6022,29.3093],[-100.6048,29.306],[-100.6052,29.3033],[-100.5992,29.2902],[-100.5977,29.2875],[-100.5959,29.2858],[-100.574,29.2726],[-100.4139,29.1754],[-100.4075,29.1715],[-100.4014,29.1678],[-100.4001,29.167],[-100.3999,29.1669],[-100.3968,29.1644],[-100.391,29.1587],[-100.3828,29.1523],[-100.3776,29.1512],[-100.3737,29.1518],[-100.3113,29.1835],[-100.3058,29.1867],[-100.2924,29.2013],[-100.2855,29.2082],[-100.2462,29.2256],[-100.2034,29.2358],[-100.1992,29.2361],[-100.1843,29.2355],[-100.1557,29.2344],[-100.124,29.2332],[-100.1116,29.2369],[-100.0902,29.242],[-100.0852,29.2431],[-100.0834,29.2435],[-100.0393,29.2533],[-100.0283,29.2565],[-100.0201,29.259],[-100.0166,29.2592],[-100.0134,29.2585],[-100.0022,29.254],[-99.998,29.2522],[-99.996,29.2503],[-99.9917,29.2418],[-99.9901,29.2398],[-99.9874,29.2384],[-99.9841,29.2378],[-99.9477,29.242],[-99.926,29.2388],[-99.9061,29.2445],[-99.8979,29.2468],[-99.8929,29.2464],[-99.8328,29.2396],[-99.8024,29.2353],[-99.7975,29.2345],[-99.7931,29.2338],[-99.7904,29.2334],[-99.7881,29.2333],[-99.7858,29.234],[-99.7772,29.2402],[-99.7297,29.2573],[-99.7046,29.2759],[-99.7015,29.2777],[-99.6638,29.2889],[-99.6547,29.291],[-99.6333,29.2962],[-99.6147,29.3023],[-99.5662,29.318],[-99.5602,29.318],[-99.5465,29.32],[-99.5438,29.32],[-99.541,29.3189],[-99.5332,29.313],[-99.5307,29.312],[-99.5282,29.3118],[-99.4911,29.3132],[-99.4885,29.314],[-99.4817,29.3179],[-99.4759,29.3179],[-99.4621,29.3199],[-99.4388,29.3233],[-99.4316,29.3245],[-99.4124,29.331],[-99.3736,29.344],[-99.3661,29.3493],[-99.3635,29.3506],[-99.3501,29.354],[-99.3471,29.3537],[-99.3449,29.3527],[-99.3393,29.3494],[-99.3335,29.3442],[-99.3274,29.3415],[-99.32,29.3352],[-99.3159,29.3326],[-99.31,29.3268],[-99.3079,29.3256],[-99.3055,29.325],[-99.3032,29.3252],[-99.2921,29.3272],[-99.2862,29.329],[-99.2833,29.3298],[-99.2811,29.3305],[-99.2667,29.3345],[-99.2223,29.3393],[-99.1668,29.3453],[-99.1456,29.3475],[-99.1379,29.3481],[-99.1135,29.3494],[-99.0607,29.3523],[-99.0527,29.3538],[-99.0306,29.3508],[-99.0284,29.3514],[-99.0264,29.3527],[-99.0232,29.3581],[-99.0203,29.3614],[-99.0173,29.3619],[-99.0132,29.3601],[-99.0103,29.3581],[-99.0078,29.3551],[-99.0032,29.3529],[-98.9976,29.3505],[-98.9944,29.349],[-98.9923,29.3473],[-98.9835,29.3371],[-98.9797,29.3316],[-98.9675,29.3138],[-98.9588,29.3069],[-98.9557,29.3029],[-98.9499,29.2974],[-98.945,29.2886],[-98.9291,29.2759],[-98.9269,29.2747],[-98.9241,29.2741],[-98.9163,29.2754],[-98.9128,29.2751],[-98.9066,29.273],[-98.9001,29.2681],[-98.8935,29.2659],[-98.8903,29.266],[-98.8822,29.2692],[-98.8759,29.2691],[-98.8695,29.2703],[-98.8675,29.2718],[-98.8592,29.2814],[-98.8577,29.2842],[-98.8559,29.2898],[-98.8539,29.2923],[-98.8264,29.3063],[-98.811,29.3112],[-98.8049,29.3132],[-98.7792,29.3212],[-98.7536,29.3241],[-98.7397,29.3288],[-98.7277,29.3274],[-98.6956,29.3277],[-98.675,29.3279],[-98.6715,29.3279],[-98.6691,29.3273],[-98.652,29.3195],[-98.6498,29.3196],[-98.6476,29.3204],[-98.6397,29.3238],[-98.6357,29.3252],[-98.6261,29.326],[-98.6141,29.328],[-98.6,29.3304],[-98.5963,29.3322],[-98.5935,29.3345],[-98.5892,29.3402],[-98.5803,29.3503],[-98.5546,29.3809],[-98.5519,29.384],[-98.5305,29.4089],[-98.5283,29.4101],[-98.5255,29.4107],[-98.5162,29.4095],[-98.5129,29.4086],[-98.5052,29.4066],[-98.4981,29.404],[-98.4882,29.4029],[-98.4875,29.4029]]}},{"type":"Feature","properties":{"n":1,"a":"amtrak"},"geometry":{"type":"LineString","coordinates":[[-106.5181,31.7796],[-106.5204,31.7831]]}},{"type":"Feature","properties":{"n":1,"a":"amtrak"},"geometry":{"type":"LineString","coordinates":[[-106.502,31.7591],[-106.5007,31.7587],[-106.4961,31.7582]]}},{"type":"Feature","properties":{"n":1,"a":"amtrak"},"geometry":{"type":"LineString","coordinates":[[-96.8115,32.7796],[-96.8105,32.7798],[-96.8099,32.7805]]}},{"type":"Feature","properties":{"n":1,"a":"amtrak"},"geometry":{"type":"LineString","coordinates":[[-97.4845,35.3505],[-97.4844,35.3631],[-97.4844,35.3645]]}},{"type":"Feature","properties":{"n":1,"a":"amtrak"},"geometry":{"type":"LineString","coordinates":[[-108.683,32.3439],[-108.6448,32.3339],[-108.636,32.3309],[-108.6197,32.3212],[-108.5538,32.2818],[-108.5509,32.28],[-108.5476,32.2781],[-108.537,32.2717],[-108.5299,32.2675],[-108.4444,32.2161],[-108.4206,32.2018],[-108.3871,32.1818],[-108.3811,32.1802],[-108.377,32.1801],[-108.3735,32.1806],[-108.349,32.1853],[-108.3021,32.1942],[-108.2908,32.1964],[-108.2892,32.1967],[-108.2852,32.1974],[-108.2627,32.2017],[-108.2299,32.2079],[-108.1564,32.2218],[-108.1257,32.2257],[-108.1218,32.2262],[-108.1137,32.2272],[-108.0815,32.2313],[-107.9523,32.2474],[-107.9484,32.2479],[-107.9376,32.2492],[-107.9208,32.2513],[-107.9089,32.2528],[-107.7737,32.2695],[-107.7723,32.2697],[-107.7576,32.2715],[-107.7521,32.2722],[-107.7472,32.2728],[-107.7258,32.2754],[-107.7169,32.2765],[-107.7089,32.2782],[-107.7053,32.2791],[-107.6929,32.2818],[-107.6709,32.2841],[-107.5924,32.2915],[-107.585,32.2912],[-107.5745,32.2888],[-107.5509,32.283],[-107.5216,32.2757],[-107.518,32.2747],[-107.394,32.2439],[-107.3852,32.2417],[-107.3815,32.2408],[-107.2983,32.2201],[-107.2704,32.2131],[-107.2511,32.2083],[-107.1961,32.1946],[-107.1557,32.1833],[-107.1518,32.1808],[-107.1329,32.1619],[-107.131,32.1593],[-107.1274,32.1523],[-107.1257,32.1501],[-107.1228,32.148],[-107.1132,32.1423],[-107.0969,32.1362],[-107.0933,32.1349],[-107.0194,32.1078],[-106.9809,32.0911],[-106.9587,32.0796],[-106.9346,32.0671],[-106.9128,32.0556],[-106.9053,32.0497],[-106.9026,32.0472],[-106.8172,31.97],[-106.7633,31.9213],[-106.7606,31.919],[-106.729,31.8903],[-106.709,31.8723],[-106.7034,31.8671],[-106.6971,31.8615],[-106.6962,31.8606],[-106.6906,31.8566],[-106.6747,31.8497],[-106.6732,31.8479],[-106.6722,31.8442],[-106.6714,31.8428],[-106.6649,31.8389],[-106.6569,31.8317],[-106.6516,31.8301],[-106.6452,31.83],[-106.6438,31.829],[-106.6422,31.8261],[-106.6409,31.8251],[-106.6392,31.8246],[-106.6333,31.8248],[-106.628,31.8212],[-106.6199,31.8153],[-106.6123,31.8141],[-106.6063,31.8096],[-106.5991,31.8081],[-106.5978,31.8064],[-106.5978,31.8029],[-106.597,31.801],[-106.5934,31.7972],[-106.5881,31.7936],[-106.5682,31.7846],[-106.5643,31.784]]}},{"type":"Feature","properties":{"n":1,"a":"amtrak"},"geometry":{"type":"LineString","coordinates":[[-90.1083,29.9684],[-90.1152,29.9861],[-90.1149,29.9879],[-90.1131,29.9894],[-90.1107,29.9907],[-90.1049,29.9936],[-90.1027,29.9941],[-90.0829,29.9924],[-90.0782,29.9924],[-90.0599,29.9861],[-90.0558,29.9858]]}},{"type":"Feature","properties":{"n":1,"a":"amtrak"},"geometry":{"type":"LineString","coordinates":[[-106.5643,31.784],[-106.5611,31.7843],[-106.5595,31.7851],[-106.5585,31.7863],[-106.5565,31.791],[-106.5509,31.7958],[-106.5418,31.7996],[-106.5399,31.7994],[-106.5384,31.7984],[-106.5342,31.7917],[-106.5294,31.7902],[-106.5271,31.7889],[-106.5207,31.7843],[-106.5193,31.7824],[-106.5181,31.7796]]}},{"type":"Feature","properties":{"n":1,"a":"amtrak"},"geometry":{"type":"LineString","coordinates":[[-106.5204,31.7831],[-106.5166,31.7753],[-106.5117,31.7702],[-106.5072,31.7627],[-106.504,31.7601],[-106.501,31.7586]]}},{"type":"Feature","properties":{"n":1,"a":"amtrak"},"geometry":{"type":"LineString","coordinates":[[-106.5643,31.784],[-106.5607,31.784],[-106.5585,31.7851],[-106.5577,31.7863],[-106.5569,31.7896],[-106.5543,31.7923],[-106.5458,31.7945],[-106.5436,31.7941],[-106.5351,31.79],[-106.5274,31.7873],[-106.5238,31.786],[-106.5213,31.7842],[-106.5204,31.7831]]}},{"type":"Feature","properties":{"n":1,"a":"amtrak"},"geometry":{"type":"LineString","coordinates":[[-106.5181,31.7796],[-106.5171,31.777],[-106.5152,31.7741],[-106.5114,31.7703],[-106.504,31.7604],[-106.502,31.7591]]}},{"type":"Feature","properties":{"n":1,"a":"amtrak"},"geometry":{"type":"LineString","coordinates":[[-106.4944,31.758],[-106.4922,31.7584],[-106.4869,31.7619]]}},{"type":"Feature","properties":{"n":1,"a":"amtrak"},"geometry":{"type":"LineString","coordinates":[[-106.4869,31.7619],[-106.4865,31.7622]]}},{"type":"Feature","properties":{"n":1,"a":"amtrak"},"geometry":{"type":"LineString","coordinates":[[-106.501,31.7586],[-106.5003,31.7585],[-106.4948,31.758],[-106.4944,31.758]]}},{"type":"Feature","properties":{"n":1,"a":"amtrak"},"geometry":{"type":"LineString","coordinates":[[-96.8115,32.7796],[-96.8097,32.7786]]}},{"type":"Feature","properties":{"n":1,"a":"amtrak"},"geometry":{"type":"LineString","coordinates":[[-108.2916,35.419],[-108.2902,35.4183]]}},{"type":"Feature","properties":{"n":1,"a":"amtrak"},"geometry":{"type":"LineString","coordinates":[[-106.502,31.7591],[-106.501,31.7586]]}},{"type":"Feature","properties":{"n":1,"a":"amtrak"},"geometry":{"type":"LineString","coordinates":[[-106.4961,31.7582],[-106.4936,31.7581],[-106.4918,31.7588],[-106.4889,31.7607],[-106.487,31.7619],[-106.4865,31.7622]]}},{"type":"Feature","properties":{"n":1,"a":"amtrak"},"geometry":{"type":"LineString","coordinates":[[-106.4961,31.7582],[-106.4944,31.758]]}},{"type":"Feature","properties":{"n":1,"a":"amtrak"},"geometry":{"type":"LineString","coordinates":[[-85.9417,33.6246],[-85.9305,33.6252],[-85.9284,33.6257],[-85.9177,33.6377],[-85.9044,33.65],[-85.9024,33.6513],[-85.8973,33.6534],[-85.8938,33.6542],[-85.8831,33.6544],[-85.8796,33.6531],[-85.8737,33.6489],[-85.8706,33.6484],[-85.8671,33.649],[-85.8606,33.6521],[-85.8524,33.656],[-85.8478,33.6581],[-85.8452,33.6586],[-85.842,33.6583],[-85.838,33.6565],[-85.8364,33.6549],[-85.8315,33.648],[-85.8293,33.6437],[-85.8286,33.6353],[-85.8299,33.6235],[-85.8269,33.6182],[-85.824,33.6164],[-85.821,33.6158],[-85.8061,33.6162],[-85.7981,33.6162],[-85.7889,33.6154],[-85.7844,33.616],[-85.7668,33.625],[-85.7643,33.6257],[-85.7492,33.6298],[-85.7332,33.6394],[-85.728,33.6426],[-85.722,33.6451],[-85.7184,33.6496],[-85.7025,33.6626],[-85.6986,33.6653],[-85.6909,33.6689],[-85.6802,33.6723],[-85.6759,33.6731],[-85.6722,33.6729],[-85.6686,33.6716],[-85.6591,33.6644],[-85.6508,33.6642],[-85.6471,33.6628],[-85.6416,33.6614],[-85.6405,33.6599],[-85.6398,33.6557],[-85.6413,33.6531],[-85.6414,33.651],[-85.6404,33.6496],[-85.6386,33.6492],[-85.6356,33.6494],[-85.6274,33.6483],[-85.618,33.6486],[-85.6147,33.6478],[-85.61,33.6477],[-85.6027,33.6461],[-85.5975,33.6462],[-85.5952,33.6468],[-85.5919,33.6497],[-85.5868,33.6515],[-85.5852,33.6527],[-85.5818,33.6567],[-85.578,33.6596],[-85.5762,33.6669],[-85.5735,33.6713],[-85.5697,33.6731],[-85.568,33.6752],[-85.5654,33.6766],[-85.5632,33.6808],[-85.5613,33.6847],[-85.557,33.6861],[-85.5536,33.6857],[-85.552,33.6861],[-85.5494,33.6885],[-85.544,33.6916],[-85.5418,33.6939],[-85.539,33.6953],[-85.5355,33.6987],[-85.5318,33.6993],[-85.5271,33.6983],[-85.5252,33.6984],[-85.5226,33.6997],[-85.5198,33.7002],[-85.5171,33.7015],[-85.5096,33.7036],[-85.5073,33.705],[-85.5008,33.7074],[-85.496,33.7104],[-85.4878,33.7126],[-85.4859,33.7146],[-85.484,33.7238],[-85.4832,33.725],[-85.4821,33.7257],[-85.4727,33.7274],[-85.4672,33.7293],[-85.4633,33.729],[-85.4583,33.7271],[-85.4536,33.7274],[-85.4435,33.726],[-85.4373,33.7271],[-85.434,33.7281],[-85.4286,33.728],[-85.4245,33.7294],[-85.4213,33.7296],[-85.4175,33.7288],[-85.4143,33.7294],[-85.4088,33.7292],[-85.4041,33.7301],[-85.3994,33.7302],[-85.3937,33.7325],[-85.3889,33.7312],[-85.3755,33.7302],[-85.3741,33.7307],[-85.3731,33.7318],[-85.3731,33.7356],[-85.3717,33.7371],[-85.3554,33.7413],[-85.3469,33.7433],[-85.3428,33.7432],[-85.3403,33.7423],[-85.333,33.738],[-85.318,33.7336],[-85.3148,33.7332],[-85.3121,33.7336],[-85.3013,33.7369],[-85.2994,33.738],[-85.2962,33.7412],[-85.2944,33.7424],[-85.2903,33.744],[-85.2874,33.7442],[-85.2817,33.7424],[-85.2789,33.7413],[-85.2774,33.7399],[-85.2722,33.7322],[-85.2708,33.7295],[-85.2635,33.7261],[-85.2589,33.7269],[-85.2546,33.7266],[-85.2511,33.7272],[-85.2452,33.7305],[-85.2417,33.731],[-85.2399,33.7296],[-85.2399,33.7274],[-85.2388,33.7236],[-85.2333,33.7212],[-85.2311,33.7185],[-85.229,33.7184],[-85.2192,33.721],[-85.215,33.7195],[-85.2115,33.7197],[-85.2098,33.7193],[-85.2082,33.718],[-85.2074,33.7156],[-85.2065,33.7133],[-85.2024,33.7094],[-85.196,33.7094],[-85.1868,33.7051],[-85.1847,33.7049],[-85.1824,33.7054],[-85.1775,33.7054],[-85.1739,33.7071],[-85.1693,33.708],[-85.1663,33.7102],[-85.1622,33.7112],[-85.1605,33.7139],[-85.1593,33.7147],[-85.1508,33.7188],[-85.1485,33.7199],[-85.1456,33.7212],[-85.1318,33.7268],[-85.1269,33.7258],[-85.1233,33.726],[-85.1124,33.7299],[-85.1102,33.7301],[-85.1046,33.7293],[-85.1029,33.7298],[-85.0993,33.732],[-85.0912,33.7327],[-85.0882,33.7343],[-85.0723,33.7468],[-85.0646,33.7485],[-85.0614,33.7483],[-85.0575,33.7467],[-85.0548,33.7466],[-85.0521,33.7475],[-85.0501,33.7494],[-85.0484,33.7499],[-85.0443,33.7498],[-85.0414,33.7508],[-85.04,33.7505],[-85.0381,33.7488],[-85.036,33.7443],[-85.0333,33.7386],[-85.0316,33.737],[-85.0233,33.7342],[-85.0164,33.7312],[-85.0143,33.7316],[-85.0106,33.7339],[-85.0076,33.7378],[-85.0045,33.7394],[-84.9925,33.7396],[-84.9875,33.7372],[-84.9858,33.7376],[-84.98,33.7413],[-84.9777,33.7419],[-84.9592,33.7409],[-84.9534,33.7403],[-84.944,33.7389],[-84.9411,33.739],[-84.9358,33.7392],[-84.9264,33.7367],[-84.923,33.7354],[-84.9188,33.731],[-84.9169,33.7297],[-84.9155,33.7294],[-84.9132,33.7297],[-84.9117,33.7304],[-84.9113,33.7307],[-84.9092,33.7314],[-84.9068,33.7307],[-84.9,33.7289],[-84.8867,33.7304],[-84.8766,33.729],[-84.8748,33.7296],[-84.8699,33.7328],[-84.858,33.7377],[-84.8547,33.7384],[-84.8524,33.7382],[-84.8493,33.7357],[-84.8443,33.7367],[-84.841,33.7358],[-84.8388,33.7345],[-84.8365,33.7328],[-84.8345,33.7315],[-84.8322,33.7309],[-84.8246,33.7316],[-84.8186,33.7331],[-84.817,33.7327],[-84.814,33.7307],[-84.8072,33.7308],[-84.8056,33.7314],[-84.8028,33.7341],[-84.798,33.7357],[-84.795,33.7381],[-84.7915,33.7386],[-84.7892,33.7404],[-84.7704,33.7442],[-84.7654,33.7447],[-84.7475,33.7518],[-84.7395,33.7551],[-84.7322,33.7598],[-84.7296,33.7612],[-84.7195,33.7649],[-84.716,33.7681],[-84.7138,33.7704],[-84.7073,33.7798],[-84.6967,33.7909],[-84.6904,33.7918],[-84.6852,33.7948],[-84.6818,33.7956],[-84.6784,33.7954],[-84.6724,33.7935],[-84.6644,33.7938],[-84.6606,33.7943],[-84.6583,33.7957],[-84.6569,33.7978],[-84.6556,33.8016],[-84.6532,33.8052],[-84.6496,33.8077],[-84.6442,33.8086],[-84.6397,33.8111],[-84.6333,33.8134],[-84.6278,33.8142],[-84.6178,33.817],[-84.6096,33.8234],[-84.604,33.8253],[-84.5982,33.8248],[-84.5836,33.8195],[-84.5799,33.8194],[-84.5705,33.8222],[-84.5639,33.8233],[-84.5507,33.8315],[-84.5455,33.8352],[-84.5367,33.8395],[-84.5322,33.8404],[-84.5294,33.8402],[-84.5267,33.839],[-84.5215,33.8344],[-84.5164,33.8308],[-84.5102,33.8276],[-84.5053,33.8226],[-84.5026,33.8209],[-84.4992,33.82],[-84.4935,33.8186],[-84.4919,33.8173],[-84.4904,33.8152],[-84.4892,33.8131],[-84.4874,33.8101],[-84.4868,33.8091],[-84.4852,33.807],[-84.483,33.8058],[-84.4758,33.8061],[-84.4679,33.8061],[-84.4628,33.8067],[-84.4604,33.8063],[-84.4585,33.805],[-84.4565,33.8018],[-84.4521,33.7977],[-84.4469,33.7945],[-84.4409,33.7921],[-84.4368,33.7894],[-84.4347,33.7878],[-84.4319,33.7869],[-84.4245,33.7864],[-84.4206,33.7856],[-84.4202,33.7855],[-84.4162,33.785],[-84.4118,33.7864],[-84.4033,33.7911],[-84.3928,33.7991],[-84.3817,33.8068],[-84.3785,33.8096],[-84.3763,33.8126],[-84.3741,33.8155],[-84.3729,33.8178],[-84.3725,33.8226],[-84.3714,33.825],[-84.3618,33.8327],[-84.3605,33.8343],[-84.3601,33.8368],[-84.3614,33.8398],[-84.3615,33.8411],[-84.361,33.8426],[-84.3598,33.8441],[-84.3522,33.8485],[-84.3497,33.8526],[-84.3484,33.8539],[-84.3411,33.8571],[-84.3396,33.8585],[-84.3385,33.8609],[-84.3362,33.8659],[-84.3301,33.8735],[-84.3216,33.8786],[-84.3172,33.8823],[-84.304,33.8889],[-84.2999,33.8926],[-84.2957,33.8946],[-84.2883,33.8977],[-84.2793,33.904],[-84.2786,33.9045],[-84.2725,33.9089],[-84.2696,33.9109],[-84.2597,33.918],[-84.2572,33.9197],[-84.2568,33.92],[-84.2554,33.921],[-84.2498,33.925],[-84.2464,33.9267],[-84.2342,33.9297],[-84.2303,33.9308],[-84.2216,33.9349],[-84.2163,33.9379],[-84.2132,33.9429],[-84.2113,33.9448],[-84.169,33.9746],[-84.1642,33.9779],[-84.1634,33.9785],[-84.1622,33.9793],[-84.1558,33.9837],[-84.1546,33.9853],[-84.1541,33.9868],[-84.1532,33.9919],[-84.1525,33.9938],[-84.1443,34.0025],[-84.1333,34.0093],[-84.1156,34.0216],[-84.1036,34.027],[-84.097,34.0355],[-84.0871,34.0389],[-84.0832,34.0435],[-84.076,34.0493],[-84.0677,34.056],[-84.0639,34.0599],[-84.0614,34.0633],[-84.058,34.0693],[-84.0544,34.0735],[-84.0513,34.0768],[-84.0463,34.0837],[-84.0405,34.0893],[-84.035,34.0919],[-84.0333,34.0931],[-84.027,34.1065],[-84.0259,34.108],[-84.0131,34.1146],[-84.007,34.1198],[-84.0027,34.1225],[-84.0012,34.1241],[-83.9988,34.1312],[-83.9976,34.1348],[-83.9964,34.1363],[-83.9879,34.1412],[-83.9838,34.1422],[-83.9732,34.1463],[-83.9702,34.1484],[-83.9647,34.154],[-83.9472,34.173],[-83.9409,34.1768],[-83.9347,34.179],[-83.928,34.1813],[-83.9234,34.1865],[-83.9117,34.2005],[-83.9071,34.206],[-83.9055,34.2078],[-83.8992,34.2154],[-83.8963,34.2187],[-83.883,34.2291],[-83.8802,34.2313],[-83.8763,34.2343],[-83.8741,34.236],[-83.855,34.2509],[-83.8525,34.2528],[-83.8487,34.2557],[-83.8461,34.2583],[-83.8395,34.2682],[-83.8363,34.2748],[-83.8232,34.2856],[-83.8162,34.2913],[-83.8067,34.2982],[-83.803,34.3014],[-83.7977,34.3061],[-83.7952,34.3096],[-83.794,34.3118],[-83.7927,34.3168],[-83.7927,34.3184],[-83.7938,34.3222],[-83.7929,34.3263],[-83.7907,34.333],[-83.7885,34.3367],[-83.7753,34.3486],[-83.7709,34.3519],[-83.7682,34.3549],[-83.7517,34.364],[-83.7472,34.3675],[-83.7339,34.3751],[-83.7233,34.3807],[-83.7188,34.3816],[-83.7046,34.3827],[-83.6971,34.3848],[-83.6912,34.3864],[-83.6858,34.3868],[-83.6812,34.3861],[-83.6751,34.3843],[-83.6717,34.3848],[-83.6679,34.3868],[-83.6606,34.3909],[-83.6586,34.3928],[-83.6545,34.4009],[-83.6524,34.4024],[-83.6468,34.4049],[-83.6452,34.4063],[-83.6442,34.4081],[-83.6435,34.4118],[-83.642,34.4136],[-83.64,34.4148],[-83.6314,34.4171],[-83.6255,34.4196],[-83.6185,34.4288],[-83.6155,34.4319],[-83.6104,34.4353],[-83.6089,34.4378],[-83.6087,34.442],[-83.607,34.4444],[-83.605,34.4455],[-83.5992,34.4471],[-83.5943,34.4492],[-83.5926,34.4499],[-83.5853,34.453],[-83.584,34.4542],[-83.582,34.4571],[-83.5781,34.463],[-83.5759,34.4656],[-83.5683,34.4709],[-83.5662,34.4729],[-83.5624,34.4772],[-83.5614,34.4782],[-83.5583,34.4806],[-83.5564,34.4816],[-83.552,34.4862],[-83.5478,34.4892],[-83.5415,34.4941],[-83.5407,34.4958],[-83.54,34.5009],[-83.539,34.5025],[-83.5265,34.5115],[-83.5244,34.5131],[-83.5203,34.5154],[-83.5115,34.5157],[-83.5009,34.5186],[-83.4956,34.5212],[-83.4672,34.5348],[-83.4644,34.5366],[-83.4601,34.5436],[-83.4485,34.5509],[-83.4454,34.5547],[-83.4436,34.556],[-83.4379,34.5572],[-83.4322,34.56],[-83.4299,34.5606],[-83.4279,34.5605],[-83.4219,34.559],[-83.4139,34.561],[-83.4011,34.5606],[-83.3975,34.561],[-83.3938,34.5624],[-83.3896,34.5648],[-83.3835,34.57],[-83.3749,34.5739],[-83.3631,34.5764],[-83.351,34.5776],[-83.3436,34.5779],[-83.3397,34.578],[-83.3311,34.5783],[-83.3257,34.5783],[-83.32,34.5766],[-83.3086,34.5782],[-83.2998,34.5831],[-83.2783,34.5997],[-83.2757,34.6004],[-83.2609,34.602],[-83.2584,34.6032],[-83.2545,34.6066],[-83.2514,34.6089],[-83.2456,34.6108],[-83.2382,34.6158],[-83.2328,34.6192],[-83.1948,34.633],[-83.1927,34.6345],[-83.1866,34.6405],[-83.1845,34.642],[-83.1724,34.6455],[-83.1706,34.6471],[-83.1611,34.6599],[-83.1589,34.6616],[-83.1559,34.6622],[-83.1453,34.6616],[-83.1392,34.6642],[-83.134,34.6647],[-83.1125,34.666],[-83.101,34.6681],[-83.098,34.6672],[-83.0908,34.6619],[-83.0877,34.6608],[-83.0834,34.6614],[-83.0766,34.6655],[-83.0723,34.6676],[-83.0645,34.6687],[-83.0551,34.6709],[-83.0407,34.6742],[-83.0317,34.6771],[-83.0277,34.6779],[-83.0066,34.6771],[-83.0039,34.6782],[-83,34.6814],[-82.9994,34.6818],[-82.9952,34.685],[-82.9912,34.6862],[-82.9658,34.6867],[-82.962,34.686],[-82.9557,34.6839],[-82.9472,34.6845],[-82.9453,34.6853],[-82.9441,34.6868],[-82.9409,34.6947],[-82.9319,34.7043],[-82.9255,34.7108],[-82.921,34.7127],[-82.9172,34.7128],[-82.8934,34.7101],[-82.8895,34.7088],[-82.8812,34.7029],[-82.8785,34.7004],[-82.876,34.697],[-82.8726,34.6934],[-82.8649,34.6907],[-82.8619,34.691],[-82.855,34.6939],[-82.8501,34.6941],[-82.8425,34.6939],[-82.8324,34.6913],[-82.8295,34.6906],[-82.8272,34.6907],[-82.8134,34.6949],[-82.8058,34.7035],[-82.7916,34.7121],[-82.7905,34.7136],[-82.7873,34.7214],[-82.7856,34.723],[-82.7832,34.724],[-82.7796,34.7251],[-82.7724,34.7273],[-82.7704,34.7283],[-82.7624,34.7383],[-82.7607,34.7401],[-82.7558,34.7425],[-82.7549,34.744],[-82.7544,34.7471],[-82.7524,34.7537],[-82.7549,34.7589],[-82.7551,34.7603],[-82.7545,34.762],[-82.753,34.7634],[-82.7334,34.7753],[-82.7307,34.7752],[-82.7207,34.7721],[-82.7182,34.7723],[-82.7133,34.7738],[-82.7049,34.7768],[-82.6998,34.7804],[-82.6963,34.7847],[-82.6922,34.7862],[-82.6898,34.7871],[-82.6883,34.7884],[-82.6863,34.7946],[-82.6839,34.7983],[-82.6752,34.8037],[-82.6605,34.8078],[-82.6582,34.8091],[-82.6544,34.8124],[-82.6456,34.8159],[-82.644,34.8173],[-82.6361,34.828],[-82.6294,34.832],[-82.6266,34.833],[-82.619,34.8346],[-82.6167,34.8344],[-82.6146,34.8334],[-82.6115,34.8303],[-82.6091,34.8293],[-82.6068,34.8294],[-82.5937,34.8327],[-82.5886,34.833],[-82.5844,34.8325],[-82.5646,34.8276],[-82.5561,34.8254],[-82.5533,34.8253],[-82.5391,34.8277],[-82.5371,34.8288],[-82.5303,34.834],[-82.5281,34.8347],[-82.519,34.8358],[-82.5087,34.8423],[-82.4989,34.8447],[-82.495,34.8476],[-82.491,34.8504],[-82.4849,34.8509],[-82.4786,34.8513],[-82.4708,34.8539],[-82.4682,34.8542],[-82.4653,34.8536],[-82.4507,34.8475],[-82.4327,34.8477],[-82.4297,34.8484],[-82.4221,34.8518],[-82.4168,34.8538],[-82.415,34.8551],[-82.4138,34.8572],[-82.4141,34.8625],[-82.4142,34.8702],[-82.4076,34.877],[-82.3882,34.886],[-82.3761,34.8895],[-82.3668,34.8954],[-82.3638,34.8971],[-82.3538,34.9021],[-82.3431,34.9038],[-82.3414,34.905],[-82.3383,34.909],[-82.3363,34.911],[-82.3338,34.9121],[-82.3209,34.9127],[-82.3173,34.9135],[-82.3108,34.9174],[-82.305,34.9186],[-82.2981,34.9195],[-82.2657,34.9173],[-82.263,34.9179],[-82.2604,34.9195],[-82.2562,34.923],[-82.2527,34.9265],[-82.2501,34.9279],[-82.2427,34.9309],[-82.2273,34.9348],[-82.2226,34.9355],[-82.2137,34.9349],[-82.2049,34.9344],[-82.1924,34.9354],[-82.1921,34.9354],[-82.1836,34.9361],[-82.1784,34.9364],[-82.1638,34.9354],[-82.1549,34.9386],[-82.1532,34.9383],[-82.1504,34.9368],[-82.1482,34.9367],[-82.1449,34.9383],[-82.1406,34.9389],[-82.1389,34.9397],[-82.1349,34.9463],[-82.1293,34.9487],[-82.1276,34.9517],[-82.1267,34.9542],[-82.1256,34.9564],[-82.1237,34.9576],[-82.1083,34.961],[-82.106,34.9602],[-82.0911,34.9507],[-82.081,34.946],[-82.0779,34.9458],[-82.0726,34.9466],[-82.061,34.9482],[-82.0412,34.9464],[-82.0376,34.9466],[-82.0347,34.9474],[-82.0306,34.9499],[-82.0222,34.9522],[-82.0178,34.9549],[-82.0144,34.9564],[-82.01,34.9567],[-82.0036,34.9565],[-81.9978,34.9565],[-81.9928,34.9575],[-81.987,34.9603],[-81.9836,34.9612],[-81.9731,34.9637],[-81.9685,34.9649],[-81.9673,34.9652],[-81.9647,34.9655],[-81.9627,34.965],[-81.9524,34.9576],[-81.9515,34.957],[-81.9452,34.9522],[-81.9436,34.9516],[-81.9411,34.9518],[-81.9371,34.9539],[-81.9357,34.9547],[-81.9346,34.9553],[-81.9338,34.9556],[-81.9223,34.9615]]}},{"type":"Feature","properties":{"n":1,"a":"amtrak"},"geometry":{"type":"LineString","coordinates":[[-79.2425,34.6133],[-79.2114,34.6554],[-79.199,34.6738],[-79.1918,34.6812]]}},{"type":"Feature","properties":{"n":1,"a":"amtrak"},"geometry":{"type":"LineString","coordinates":[[-81.3356,28.8714],[-81.3372,28.8734],[-81.338,28.8755],[-81.3395,28.8946],[-81.339,28.8981],[-81.3338,28.915],[-81.333,28.9185],[-81.3329,28.9342],[-81.3323,28.9393],[-81.3323,28.949],[-81.3325,28.9795],[-81.3434,28.9982],[-81.347,29.0024],[-81.3505,29.0114],[-81.3512,29.0135],[-81.3525,29.0171],[-81.3536,29.0204],[-81.3561,29.0277],[-81.3637,29.0505],[-81.3644,29.0861],[-81.3646,29.1045],[-81.3599,29.1341],[-81.3598,29.1361],[-81.3605,29.1382],[-81.3628,29.141],[-81.3823,29.1564],[-81.388,29.1608],[-81.3935,29.1652],[-81.4326,29.1959],[-81.4544,29.213],[-81.4579,29.2158],[-81.4594,29.2181],[-81.4647,29.2362],[-81.4662,29.2416],[-81.4794,29.287],[-81.4917,29.3135],[-81.4954,29.3217],[-81.4972,29.3293],[-81.5025,29.3525],[-81.5081,29.3642],[-81.5095,29.3675],[-81.51,29.3741],[-81.5185,29.3861],[-81.5221,29.3983],[-81.5292,29.4078],[-81.5354,29.4184],[-81.547,29.4332],[-81.5572,29.447],[-81.5602,29.4521],[-81.5693,29.4794],[-81.5712,29.4825],[-81.5732,29.484],[-81.5942,29.4955],[-81.6172,29.516],[-81.6371,29.525],[-81.6391,29.5263],[-81.6413,29.5291],[-81.6555,29.5521],[-81.6841,29.5984],[-81.6851,29.6007],[-81.6852,29.6027],[-81.6838,29.6057],[-81.681,29.6076],[-81.6516,29.6167],[-81.6496,29.6177],[-81.6478,29.6195],[-81.6435,29.6252],[-81.6418,29.6288],[-81.6412,29.6324],[-81.6413,29.6403],[-81.6422,29.6431],[-81.6411,29.6483],[-81.6402,29.6522],[-81.6396,29.6553],[-81.64,29.6569],[-81.6545,29.6689],[-81.6564,29.672],[-81.6574,29.676],[-81.6593,29.6875],[-81.6594,29.6882],[-81.6597,29.6897],[-81.6621,29.7052],[-81.662,29.7072],[-81.6431,29.7417],[-81.6422,29.7447],[-81.6415,29.7494],[-81.6372,29.7748],[-81.6226,29.815],[-81.6192,29.8276],[-81.6182,29.834],[-81.6186,29.8395],[-81.6206,29.8462],[-81.6378,29.883],[-81.6633,29.9374],[-81.664,29.939],[-81.6818,29.9769],[-81.6856,29.9852],[-81.6856,29.9965],[-81.6895,30.0016],[-81.7551,30.0636],[-81.7601,30.0683],[-81.7615,30.0706],[-81.7609,30.0865],[-81.7613,30.0885],[-81.77,30.1013],[-81.7707,30.1029],[-81.7708,30.1049],[-81.7662,30.1201],[-81.762,30.1264],[-81.7514,30.1391],[-81.7496,30.1404],[-81.7359,30.1462],[-81.7345,30.1476],[-81.7301,30.1541],[-81.7117,30.1641],[-81.7106,30.1656],[-81.7105,30.1678],[-81.7114,30.1912],[-81.7105,30.1948],[-81.7028,30.22],[-81.6988,30.2331],[-81.6967,30.2413],[-81.7007,30.2584],[-81.7028,30.2613],[-81.7194,30.2757],[-81.7204,30.278],[-81.7206,30.2832],[-81.7208,30.3001],[-81.72,30.3029],[-81.7187,30.3043],[-81.7017,30.3155],[-81.7008,30.3161],[-81.6854,30.3261],[-81.6819,30.3296],[-81.6813,30.3306],[-81.6819,30.3316],[-81.6829,30.3323],[-81.6854,30.3343],[-81.6863,30.3351],[-81.6873,30.336],[-81.6893,30.3373],[-81.6934,30.3405],[-81.713,30.3562],[-81.7139,30.357],[-81.7152,30.358],[-81.7191,30.3611],[-81.7242,30.3652],[-81.7294,30.3695],[-81.7315,30.3719],[-81.754,30.4108],[-81.7564,30.4149],[-81.7937,30.4794],[-81.8019,30.4946],[-81.8359,30.5587],[-81.8366,30.562],[-81.8387,30.572],[-81.8402,30.5757],[-81.8708,30.6197],[-81.9197,30.6899],[-81.9439,30.7244],[-81.9817,30.7614],[-81.9951,30.7752],[-81.9983,30.7803],[-82.0019,30.7896],[-82.0036,30.7942],[-82.0043,30.7977],[-82.0034,30.8101],[-82.0036,30.8154],[-82.0098,30.8369],[-82.0109,30.8406],[-82.0149,30.8535],[-82.0169,30.8602],[-82.0175,30.863],[-82.0187,30.8779],[-82.0198,30.8931],[-82.0279,31.006],[-82.0154,31.065],[-81.9845,31.2065],[-81.96,31.3185],[-81.9517,31.3512],[-81.9201,31.4746],[-81.8941,31.5755],[-81.8893,31.5942],[-81.8879,31.5994],[-81.8863,31.6016],[-81.8814,31.606],[-81.8382,31.6442],[-81.8277,31.6548],[-81.8046,31.6783],[-81.7854,31.6888],[-81.6879,31.7411],[-81.6418,31.7657],[-81.6252,31.7746],[-81.6079,31.7839],[-81.5393,31.8205],[-81.5252,31.8281],[-81.5174,31.8322],[-81.4683,31.8584],[-81.393,31.8984],[-81.3894,31.9003],[-81.3732,31.9089],[-81.3514,31.9205],[-81.2892,31.9534],[-81.2873,31.9545],[-81.2517,31.9733],[-81.2485,31.9758],[-81.2347,31.9915],[-81.156,32.0513],[-81.1558,32.0516],[-81.1555,32.0522],[-81.1525,32.0612],[-81.1512,32.0642],[-81.145,32.0741],[-81.1443,32.0763],[-81.1451,32.0782],[-81.1461,32.0796],[-81.1489,32.0834],[-81.152,32.0876],[-81.1532,32.0893],[-81.1538,32.09]]}},{"type":"Feature","properties":{"n":1,"a":"amtrak"},"geometry":{"type":"LineString","coordinates":[[-88.6982,32.3623],[-88.6961,32.3636],[-88.6932,32.3654]]}},{"type":"Feature","properties":{"n":1,"a":"amtrak"},"geometry":{"type":"LineString","coordinates":[[-85.9618,33.6225],[-85.9541,33.6241],[-85.9417,33.6246]]}},{"type":"Feature","properties":{"n":1,"a":"amtrak"},"geometry":{"type":"LineString","coordinates":[[-81.1258,32.2461],[-81.1016,32.2636],[-81.0958,32.2692],[-81.068,32.3059],[-81.0526,32.3373]]}},{"type":"Feature","properties":{"n":1,"a":"amtrak"},"geometry":{"type":"LineString","coordinates":[[-81.8021,28.0568],[-81.7988,28.0577],[-81.7963,28.0595],[-81.7953,28.0604]]}},{"type":"Feature","properties":{"n":1,"a":"amtrak"},"geometry":{"type":"LineString","coordinates":[[-81.7953,28.0604],[-81.7653,28.0869],[-81.7623,28.0877],[-81.7493,28.088],[-81.7332,28.0935],[-81.7287,28.0951],[-81.7243,28.0967],[-81.7044,28.1036],[-81.661,28.1146],[-81.6563,28.1142],[-81.6345,28.1056],[-81.6317,28.1058],[-81.6298,28.1065],[-81.6281,28.1079],[-81.6265,28.1105],[-81.6257,28.1116],[-81.6235,28.1152],[-81.6169,28.1258],[-81.6149,28.13],[-81.6138,28.1428],[-81.613,28.1458],[-81.6113,28.1492],[-81.6034,28.1596],[-81.5938,28.1871],[-81.5784,28.2167],[-81.5703,28.2322],[-81.5649,28.2409],[-81.5592,28.2495],[-81.5547,28.2544],[-81.5493,28.2583],[-81.5435,28.2612],[-81.5324,28.2661],[-81.5281,28.2671],[-81.5251,28.2673],[-81.5209,28.2667],[-81.4946,28.2595],[-81.4865,28.2589]]}},{"type":"Feature","properties":{"n":1,"a":"amtrak"},"geometry":{"type":"LineString","coordinates":[[-81.8021,28.0568],[-81.7955,28.0572],[-81.7937,28.0558]]}},{"type":"Feature","properties":{"n":1,"a":"amtrak"},"geometry":{"type":"LineString","coordinates":[[-81.1538,32.09],[-81.1583,32.0934],[-81.2022,32.1669],[-81.2209,32.1983],[-81.2218,32.2015],[-81.2243,32.2166],[-81.2319,32.2633],[-81.2371,32.296],[-81.2392,32.3087],[-81.24,32.3133],[-81.2434,32.3345],[-81.2504,32.3778],[-81.268,32.4871],[-81.271,32.5075],[-81.2699,32.5121],[-81.2652,32.5207],[-81.2628,32.5249],[-81.2551,32.5387],[-81.2539,32.5418],[-81.2479,32.5828],[-81.2453,32.6011],[-81.2451,32.6062],[-81.2433,32.6807],[-81.2417,32.75],[-81.2416,32.7528],[-81.2401,32.8142],[-81.239,32.8585],[-81.238,32.9068],[-81.2369,32.9578],[-81.2364,32.9742],[-81.2318,32.9945],[-81.2222,33.0363],[-81.2088,33.0946],[-81.2031,33.1192],[-81.2011,33.1279],[-81.1993,33.1358],[-81.1968,33.1463],[-81.1869,33.1757],[-81.1756,33.2095],[-81.1751,33.2124],[-81.1752,33.219],[-81.1753,33.2287],[-81.1749,33.2309],[-81.1596,33.2572],[-81.1484,33.2907],[-81.1442,33.3205],[-81.1434,33.3263],[-81.1344,33.3938],[-81.1267,33.4504],[-81.121,33.4931],[-81.1181,33.5021],[-81.1192,33.5113],[-81.1178,33.5187],[-81.1183,33.5205],[-81.1229,33.5268],[-81.1255,33.533],[-81.1281,33.5394],[-81.1281,33.5411],[-81.1204,33.5494],[-81.1197,33.5509],[-81.1195,33.5532],[-81.1184,33.5675],[-81.1174,33.5689],[-81.1105,33.5749],[-81.1063,33.5845],[-81.1031,33.6154],[-81.1001,33.6463],[-81.1114,33.6676],[-81.1149,33.6742],[-81.1161,33.6829],[-81.1164,33.6858],[-81.1161,33.6875],[-81.107,33.7038],[-81.1058,33.7052],[-81.1021,33.7074],[-81.1012,33.7086],[-81.0995,33.7135],[-81.1004,33.7175],[-81.102,33.723],[-81.1042,33.727],[-81.1055,33.7311],[-81.1054,33.733],[-81.1032,33.7412],[-81.1049,33.7462],[-81.1047,33.751],[-81.1068,33.755],[-81.1071,33.7567],[-81.105,33.7945],[-81.1037,33.8157],[-81.0964,33.8422],[-81.0935,33.8502],[-81.0939,33.8517],[-81.0966,33.8559],[-81.0968,33.8578],[-81.0911,33.8686],[-81.0898,33.8698],[-81.0879,33.8704],[-81.0825,33.8695],[-81.08,33.8698],[-81.0761,33.872],[-81.0748,33.8734],[-81.0747,33.8749],[-81.0754,33.8762],[-81.0791,33.878],[-81.0802,33.8791],[-81.0827,33.884],[-81.0828,33.8856],[-81.0794,33.8922],[-81.0755,33.9027],[-81.074,33.9042],[-81.0693,33.9071],[-81.0671,33.909],[-81.0599,33.9183],[-81.0586,33.9205],[-81.0574,33.9248],[-81.0509,33.9494],[-81.0512,33.9512],[-81.0557,33.9633],[-81.0572,33.9675],[-81.057,33.9692],[-81.0561,33.9707],[-81.0509,33.9738],[-81.0497,33.9744],[-81.0476,33.9756],[-81.044,33.9777],[-81.0428,33.9788],[-81.0394,33.9849],[-81.0379,33.9869],[-81.0371,33.9882],[-81.0377,33.9899],[-81.04,33.9944],[-81.0434,34.001],[-81.0469,34.0043],[-81.0502,34.0064],[-81.052,34.0073],[-81.053,34.0077],[-81.0553,34.0092],[-81.0567,34.0111],[-81.0577,34.014],[-81.0574,34.016],[-81.0563,34.0171],[-81.0547,34.0178],[-81.0487,34.0177],[-81.0473,34.0185],[-81.0463,34.0198],[-81.0416,34.0281],[-81.0388,34.0345],[-81.0375,34.0361],[-81.0121,34.0506],[-81.0016,34.0554],[-80.9975,34.0564],[-80.9912,34.0555],[-80.9821,34.0509],[-80.9705,34.0523],[-80.9682,34.0534],[-80.9609,34.0594],[-80.9565,34.0649],[-80.9513,34.069],[-80.9476,34.0734],[-80.9379,34.082],[-80.9341,34.0846],[-80.9287,34.0878],[-80.922,34.0958],[-80.9144,34.1014],[-80.9032,34.1062],[-80.8946,34.1125],[-80.8814,34.1183],[-80.8704,34.1271],[-80.8675,34.1283],[-80.8642,34.1287],[-80.8537,34.1296],[-80.8498,34.1307],[-80.8434,34.1343],[-80.8411,34.1365],[-80.8319,34.1477],[-80.8294,34.1498],[-80.8246,34.1526],[-80.8209,34.1551],[-80.8104,34.1646],[-80.7996,34.1686],[-80.7892,34.1734],[-80.7859,34.1742],[-80.7686,34.1754],[-80.7486,34.1819],[-80.7463,34.1831],[-80.7444,34.1846],[-80.7397,34.1915],[-80.7386,34.1931],[-80.7314,34.2015],[-80.7236,34.2079],[-80.7212,34.2092],[-80.7182,34.21],[-80.7109,34.2101],[-80.7089,34.2095],[-80.7049,34.2068],[-80.7017,34.2066],[-80.6868,34.2109],[-80.6734,34.219],[-80.6629,34.2255],[-80.6593,34.2277],[-80.6566,34.2294],[-80.6552,34.2302],[-80.6534,34.2313],[-80.6366,34.2429],[-80.6253,34.2483],[-80.6184,34.2515],[-80.6164,34.2527],[-80.615,34.2544],[-80.6146,34.2567],[-80.6154,34.2602],[-80.6156,34.2623],[-80.6151,34.2646],[-80.6137,34.2667],[-80.6118,34.2682],[-80.591,34.2749],[-80.5879,34.2766],[-80.5803,34.286],[-80.5723,34.2913],[-80.5703,34.2932],[-80.5645,34.3],[-80.5584,34.3098],[-80.5408,34.3238],[-80.5363,34.3274],[-80.5253,34.3361],[-80.5228,34.3375],[-80.5199,34.3381],[-80.4994,34.3401],[-80.4966,34.3411],[-80.4929,34.3434],[-80.4863,34.3474],[-80.4742,34.3506],[-80.4657,34.3538],[-80.4485,34.3572],[-80.4372,34.3628],[-80.4312,34.366],[-80.4278,34.37],[-80.4193,34.3806],[-80.4072,34.3885],[-80.4028,34.3901],[-80.3904,34.3916],[-80.3878,34.3923],[-80.376,34.3998],[-80.3599,34.4086],[-80.3391,34.4198],[-80.3284,34.4256],[-80.3226,34.4298],[-80.3175,34.4335],[-80.3148,34.4347],[-80.2879,34.443],[-80.2776,34.4443],[-80.2755,34.4449],[-80.2735,34.4465],[-80.2627,34.4605],[-80.2606,34.4634],[-80.2541,34.4772],[-80.252,34.4818],[-80.2519,34.482],[-80.2513,34.4833],[-80.2488,34.4885],[-80.2469,34.4903],[-80.1996,34.5137],[-80.1963,34.5144],[-80.1863,34.5141],[-80.1786,34.5157],[-80.1762,34.5166],[-80.1663,34.525],[-80.1625,34.5314],[-80.1609,34.5339],[-80.1591,34.5355],[-80.1504,34.5395],[-80.14,34.5441],[-80.1343,34.5484],[-80.1289,34.5503],[-80.1217,34.5542],[-80.1174,34.5555],[-80.1126,34.5598],[-80.1109,34.5607],[-80.1043,34.5606],[-80.098,34.5639],[-80.0947,34.5647],[-80.0614,34.5642],[-80.0574,34.5657],[-80.0517,34.5703],[-80.0432,34.5768],[-80.0198,34.5879],[-80.0168,34.5905],[-80.0034,34.6068],[-80.0021,34.6121],[-79.9965,34.6198],[-79.9891,34.6253],[-79.9786,34.6329],[-79.9699,34.6489],[-79.9697,34.6503],[-79.9702,34.6534],[-79.9698,34.655],[-79.9641,34.6601],[-79.9617,34.6613],[-79.9493,34.6649],[-79.9324,34.6711],[-79.9026,34.6845],[-79.8926,34.689],[-79.885,34.6912],[-79.8829,34.6926],[-79.8812,34.6947],[-79.8811,34.695],[-79.8797,34.6978],[-79.8816,34.7011],[-79.8815,34.7028],[-79.8805,34.7039],[-79.8753,34.7072],[-79.8655,34.7135],[-79.8616,34.7159],[-79.8581,34.7174],[-79.854,34.7189],[-79.8376,34.725],[-79.8351,34.7268],[-79.8213,34.7493],[-79.8205,34.7527],[-79.8218,34.7578],[-79.8218,34.7594],[-79.815,34.7677],[-79.8127,34.7689],[-79.7953,34.7718],[-79.7931,34.7728],[-79.7918,34.7746],[-79.7908,34.78],[-79.7897,34.7817],[-79.7809,34.787],[-79.7748,34.7885],[-79.7723,34.7902],[-79.7665,34.7973],[-79.7632,34.806],[-79.7629,34.8068],[-79.7619,34.8101],[-79.7622,34.8152],[-79.7592,34.8201],[-79.7577,34.8259],[-79.7536,34.8315],[-79.7529,34.8392],[-79.7526,34.8432],[-79.7513,34.845],[-79.7443,34.8483],[-79.7191,34.8701],[-79.7015,34.8817],[-79.6989,34.8834],[-79.6959,34.8853],[-79.6934,34.8867],[-79.6917,34.8885],[-79.6909,34.8909],[-79.6891,34.8997],[-79.6839,34.9082],[-79.6785,34.9111],[-79.6714,34.9143],[-79.6677,34.9159],[-79.6638,34.9177],[-79.6283,34.9337],[-79.619,34.941],[-79.6139,34.9455],[-79.6125,34.9473],[-79.6091,34.9575],[-79.6045,34.9724],[-79.6027,34.9753],[-79.6009,34.9768],[-79.5698,34.9946],[-79.5676,34.9971],[-79.5664,35.0011],[-79.5623,35.021],[-79.5607,35.0242],[-79.5574,35.0267],[-79.5437,35.0343],[-79.5345,35.0367],[-79.5086,35.0431],[-79.4969,35.0497],[-79.4926,35.0509],[-79.4851,35.052],[-79.4825,35.0534],[-79.4784,35.0574],[-79.4757,35.0602],[-79.4568,35.0852],[-79.456,35.087],[-79.4546,35.0981],[-79.4531,35.1014],[-79.4517,35.103],[-79.4409,35.1116],[-79.4375,35.1162],[-79.4293,35.1282],[-79.4287,35.1289],[-79.4273,35.1309],[-79.4263,35.1324],[-79.4115,35.1474],[-79.4102,35.1499],[-79.4089,35.157],[-79.404,35.1611],[-79.3988,35.1694],[-79.39,35.175],[-79.3831,35.1792],[-79.3768,35.1809],[-79.3718,35.1861],[-79.3595,35.2005],[-79.3572,35.2032],[-79.3543,35.2085],[-79.3473,35.2118],[-79.3403,35.2208],[-79.3272,35.2309],[-79.3165,35.2343],[-79.2897,35.247],[-79.2731,35.2653],[-79.2711,35.2697],[-79.2702,35.2734],[-79.2695,35.2819],[-79.2627,35.3048],[-79.2622,35.3098],[-79.2596,35.3143],[-79.2496,35.3291],[-79.2476,35.3303],[-79.2442,35.3306],[-79.2407,35.3312],[-79.2377,35.3335],[-79.227,35.3447],[-79.2191,35.3505],[-79.2089,35.3721],[-79.2029,35.3813],[-79.1968,35.3876],[-79.1963,35.3889],[-79.1962,35.3924],[-79.1963,35.3991],[-79.1945,35.4052],[-79.1951,35.4082],[-79.1958,35.411],[-79.1955,35.4127],[-79.1929,35.4184],[-79.19,35.4217],[-79.1865,35.4261],[-79.1771,35.4421],[-79.177,35.4439],[-79.18,35.4541],[-79.1769,35.4634],[-79.1764,35.4745],[-79.1768,35.4797],[-79.177,35.4823],[-79.1775,35.4885],[-79.1772,35.4904],[-79.1707,35.5117],[-79.1637,35.5216],[-79.1623,35.523],[-79.1597,35.5244],[-79.1486,35.5284],[-79.1447,35.5301],[-79.1394,35.5356],[-79.1277,35.5437],[-79.122,35.5502],[-79.1202,35.5543],[-79.12,35.5619],[-79.1191,35.5648],[-79.1136,35.5733],[-79.1046,35.5854],[-79.1011,35.5934],[-79.0891,35.6094],[-79.0868,35.6123],[-79.0832,35.6152],[-79.0819,35.6162],[-79.0786,35.6182],[-79.0751,35.6193],[-79.0743,35.6195],[-79.0678,35.6206],[-79.0656,35.62],[-79.063,35.6183],[-79.0597,35.6162],[-79.0499,35.613],[-79.0469,35.6122],[-79.0449,35.6121],[-79.0425,35.6128],[-79.0402,35.6143],[-79.0298,35.622],[-79.0283,35.6242],[-79.027,35.6281],[-79.0227,35.6327],[-79.0033,35.6436],[-78.9986,35.6462],[-78.9806,35.6557],[-78.9787,35.6567],[-78.9783,35.6569],[-78.9776,35.6573],[-78.9737,35.6594],[-78.9703,35.6612],[-78.946,35.6743],[-78.9228,35.6867],[-78.9126,35.6918],[-78.8883,35.7013],[-78.8853,35.7035],[-78.8768,35.7118],[-78.8756,35.7133],[-78.874,35.7168],[-78.8719,35.719],[-78.8683,35.7208],[-78.8622,35.7214],[-78.858,35.7222],[-78.8551,35.724],[-78.8537,35.7254],[-78.8499,35.7317],[-78.8491,35.7331],[-78.8483,35.7344],[-78.8403,35.7476],[-78.8361,35.7544],[-78.8312,35.7585],[-78.8271,35.7603],[-78.8113,35.7651],[-78.8085,35.7667],[-78.8068,35.7689],[-78.7993,35.783],[-78.7971,35.7853],[-78.7932,35.7869],[-78.7823,35.788],[-78.7785,35.7884],[-78.7765,35.7893]]}},{"type":"Feature","properties":{"n":1,"a":"amtrak"},"geometry":{"type":"LineString","coordinates":[[-79.7895,36.0681],[-79.7841,36.0692],[-79.7798,36.07],[-79.7684,36.072],[-79.7597,36.0744],[-79.7594,36.0745],[-79.7555,36.0755],[-79.753,36.077],[-79.7504,36.0785],[-79.7482,36.0799],[-79.7422,36.0831],[-79.7386,36.0841],[-79.7265,36.0853],[-79.7159,36.0856],[-79.7045,36.0863],[-79.696,36.0878],[-79.6922,36.0891],[-79.6886,36.0918],[-79.6842,36.0938],[-79.6661,36.1001],[-79.6606,36.104],[-79.6554,36.1073],[-79.6495,36.109],[-79.6444,36.1093],[-79.6308,36.1085],[-79.6258,36.1099],[-79.6178,36.1132],[-79.6152,36.1138],[-79.6071,36.1132],[-79.5967,36.114],[-79.5829,36.1139],[-79.5652,36.1121],[-79.5563,36.1107],[-79.5441,36.1061],[-79.5384,36.1038],[-79.535,36.1026],[-79.5323,36.1022],[-79.5236,36.1025],[-79.5159,36.1003],[-79.5133,36.1003],[-79.4927,36.1011],[-79.4894,36.1024],[-79.4832,36.1077],[-79.4804,36.1101],[-79.4769,36.1117],[-79.4723,36.1124],[-79.4682,36.1119],[-79.4617,36.1091],[-79.4512,36.1042],[-79.4428,36.1012],[-79.4397,36.0991],[-79.4349,36.0941],[-79.4294,36.0886],[-79.4277,36.0874],[-79.426,36.0868],[-79.4201,36.0864],[-79.4159,36.0851],[-79.4097,36.083],[-79.4068,36.082],[-79.4028,36.0807],[-79.3996,36.08],[-79.3823,36.0835],[-79.3775,36.0866],[-79.3722,36.0873],[-79.3669,36.0889],[-79.3637,36.0898],[-79.3555,36.0903],[-79.3502,36.0914],[-79.3459,36.093],[-79.3384,36.0921],[-79.3338,36.0908],[-79.3304,36.0907],[-79.3271,36.0913],[-79.3225,36.094],[-79.3126,36.0938],[-79.3019,36.0982],[-79.298,36.0987],[-79.2913,36.0986],[-79.2751,36.0977],[-79.2657,36.0955],[-79.2606,36.0941],[-79.251,36.0925],[-79.2455,36.0906],[-79.2341,36.086],[-79.2269,36.0847],[-79.2157,36.0835],[-79.1926,36.0807],[-79.1837,36.0776],[-79.1799,36.078],[-79.179,36.0782],[-79.1754,36.0791],[-79.1656,36.0793],[-79.1604,36.079],[-79.1557,36.0762],[-79.1504,36.0751],[-79.145,36.0724],[-79.1323,36.0732],[-79.1305,36.073],[-79.1251,36.0697],[-79.1234,36.0692],[-79.1215,36.0692],[-79.1116,36.0714],[-79.1075,36.0715],[-79.1038,36.0709],[-79.094,36.066],[-79.0923,36.0642],[-79.0919,36.0621],[-79.0911,36.0594],[-79.0883,36.0558],[-79.0819,36.0534],[-79.0739,36.0517],[-79.0662,36.0442],[-79.0558,36.0365],[-79.0536,36.0359],[-79.0517,36.0361],[-79.0447,36.0399],[-79.042,36.0406],[-79.0388,36.0402],[-79.0355,36.0379],[-79.0338,36.0364],[-79.0306,36.0352],[-79.0266,36.034],[-79.023,36.0337],[-79.0201,36.0334],[-79.0092,36.0289],[-79.0041,36.0277],[-79.0012,36.0282],[-78.995,36.0303],[-78.992,36.0303],[-78.9874,36.0293],[-78.9779,36.0274],[-78.9722,36.027],[-78.9697,36.0276],[-78.9653,36.0299],[-78.9621,36.0298],[-78.9597,36.028],[-78.9562,36.0225],[-78.951,36.019],[-78.949,36.0181],[-78.941,36.0165],[-78.9363,36.0151],[-78.9331,36.0117],[-78.9313,36.0094],[-78.9289,36.0077],[-78.9191,36.0052],[-78.9146,36.0028],[-78.9116,36.0001],[-78.9056,35.9965],[-78.8993,35.9929],[-78.8966,35.9891],[-78.8948,35.9866],[-78.8914,35.985],[-78.8799,35.9801],[-78.8767,35.9788],[-78.8736,35.9773],[-78.8677,35.9731],[-78.8663,35.9721],[-78.8615,35.9688],[-78.8568,35.9631],[-78.8553,35.9608],[-78.8526,35.9544],[-78.8513,35.9523],[-78.8484,35.9494],[-78.8476,35.9466],[-78.8492,35.942],[-78.8495,35.9369],[-78.8523,35.9293],[-78.8526,35.9159],[-78.8527,35.9023],[-78.8499,35.8951],[-78.8496,35.8932],[-78.8512,35.884],[-78.8545,35.8771],[-78.8549,35.8753],[-78.8545,35.8735],[-78.8501,35.8672],[-78.8499,35.867],[-78.8439,35.8584],[-78.842,35.8526],[-78.8359,35.8446],[-78.8307,35.8377],[-78.829,35.8302],[-78.8251,35.8226],[-78.8225,35.817],[-78.8228,35.8153],[-78.8252,35.811],[-78.825,35.8087],[-78.824,35.807],[-78.8201,35.804],[-78.811,35.8032],[-78.8053,35.8002],[-78.7907,35.7915],[-78.7822,35.7887],[-78.7795,35.7885],[-78.7767,35.7892]]}},{"type":"Feature","properties":{"n":1,"a":"amtrak"},"geometry":{"type":"LineString","coordinates":[[-81.9211,34.9622],[-81.9189,34.9633],[-81.9099,34.9668],[-81.9021,34.9681],[-81.8995,34.9689],[-81.8901,34.9747],[-81.8821,34.9827],[-81.8798,34.9836],[-81.8752,34.9842],[-81.8621,34.9862],[-81.8531,34.9899],[-81.8453,34.9898],[-81.8363,34.9909],[-81.828,34.9934],[-81.8179,34.9983],[-81.8155,35.0002],[-81.8071,35.0094],[-81.8024,35.0161],[-81.8,35.0193],[-81.7978,35.0207],[-81.7954,35.0212],[-81.7894,35.0211],[-81.787,35.021],[-81.7833,35.021],[-81.7755,35.0207],[-81.7687,35.0177],[-81.7647,35.0172],[-81.7577,35.0186],[-81.7476,35.0221],[-81.745,35.0223],[-81.7292,35.017],[-81.7265,35.0167],[-81.723,35.0179],[-81.7142,35.0242],[-81.712,35.0266],[-81.709,35.0303],[-81.7003,35.038],[-81.6994,35.0398],[-81.6979,35.0455],[-81.6969,35.0471],[-81.6915,35.0504],[-81.6874,35.0523],[-81.6848,35.0531],[-81.6817,35.0544],[-81.677,35.0583],[-81.6714,35.0597],[-81.6637,35.0635],[-81.6554,35.068],[-81.6485,35.0754],[-81.6459,35.0772],[-81.6419,35.0783],[-81.6326,35.0781],[-81.6226,35.0778],[-81.6204,35.078],[-81.6185,35.0787],[-81.6107,35.0845],[-81.6082,35.0866],[-81.604,35.092],[-81.6019,35.0936],[-81.5919,35.0964],[-81.5766,35.1032],[-81.5673,35.108],[-81.561,35.1112],[-81.5513,35.116],[-81.5425,35.1174],[-81.5359,35.1182],[-81.523,35.1198],[-81.5207,35.1205],[-81.5072,35.1267],[-81.5023,35.129],[-81.489,35.1368],[-81.4836,35.1455],[-81.4834,35.1457],[-81.4805,35.1505],[-81.4774,35.1537],[-81.4732,35.1572],[-81.4581,35.1637],[-81.4507,35.1682],[-81.4466,35.1708],[-81.4355,35.1776],[-81.4267,35.1791],[-81.4138,35.1854],[-81.4045,35.194],[-81.3953,35.1971],[-81.3871,35.2052],[-81.3749,35.2172],[-81.3647,35.222],[-81.3603,35.2241],[-81.3577,35.2268],[-81.3559,35.2285],[-81.3505,35.2309],[-81.3482,35.233],[-81.3452,35.2365],[-81.3445,35.2413],[-81.3437,35.2433],[-81.3419,35.2454],[-81.3326,35.252],[-81.3314,35.2539],[-81.3301,35.2579],[-81.3261,35.263],[-81.3213,35.269],[-81.3192,35.2712],[-81.3137,35.2744],[-81.3116,35.2782],[-81.3101,35.2797],[-81.3079,35.281],[-81.305,35.2817],[-81.3042,35.2818],[-81.2931,35.283],[-81.2879,35.2847],[-81.2841,35.2843],[-81.2808,35.2837],[-81.2755,35.2818],[-81.2727,35.2821],[-81.2701,35.2835],[-81.2662,35.2863],[-81.2637,35.2871],[-81.2562,35.2866],[-81.2497,35.2884],[-81.2442,35.2877],[-81.242,35.2866],[-81.2376,35.2822],[-81.2374,35.282],[-81.2357,35.2805],[-81.2282,35.2762],[-81.2189,35.2709],[-81.2164,35.269],[-81.209,35.263],[-81.2074,35.2622],[-81.2036,35.2618],[-81.2002,35.2631],[-81.196,35.2646],[-81.1903,35.2648],[-81.1857,35.2647],[-81.1817,35.265],[-81.1771,35.2646],[-81.1737,35.2637],[-81.1714,35.2637],[-81.169,35.2644],[-81.1638,35.2683],[-81.1558,35.2746],[-81.1488,35.2786],[-81.1458,35.2791],[-81.1359,35.2785],[-81.1268,35.2778],[-81.1179,35.275],[-81.1018,35.2662],[-81.0996,35.2633],[-81.098,35.2569],[-81.0969,35.255],[-81.0954,35.2539],[-81.0831,35.2477],[-81.0814,35.2458],[-81.0799,35.2424],[-81.078,35.2402],[-81.0742,35.2367],[-81.0716,35.2345],[-81.0692,35.234],[-81.0673,35.2344],[-81.0629,35.2374],[-81.0543,35.2431],[-81.0528,35.2438],[-81.0504,35.244],[-81.043,35.243],[-81.0359,35.2421],[-81.0308,35.2412],[-81.0241,35.238],[-81.018,35.2358],[-81.0105,35.2357],[-81.0067,35.2357],[-81.0026,35.2347],[-80.9963,35.2331],[-80.9811,35.2307],[-80.9744,35.2298],[-80.9702,35.2299],[-80.9649,35.2307],[-80.9578,35.2335],[-80.9552,35.2337],[-80.9517,35.2327],[-80.946,35.2286],[-80.9407,35.2274],[-80.9354,35.2265],[-80.9257,35.2251],[-80.9164,35.226],[-80.9121,35.2244],[-80.908,35.2227],[-80.8992,35.2225],[-80.8964,35.2225],[-80.879,35.2223],[-80.863,35.2222],[-80.8601,35.2227],[-80.8577,35.2238],[-80.8515,35.2291],[-80.8444,35.2353],[-80.8432,35.2362],[-80.8401,35.2374],[-80.836,35.2374],[-80.8309,35.2373],[-80.829,35.2373],[-80.8275,35.238],[-80.8217,35.2415],[-80.8159,35.2449],[-80.8123,35.2469],[-80.8119,35.2472],[-80.8064,35.2492],[-80.7987,35.2504],[-80.7973,35.2506],[-80.7835,35.2526],[-80.7794,35.2541],[-80.7754,35.2566],[-80.7703,35.2599],[-80.7631,35.2621],[-80.7578,35.2635],[-80.7482,35.2661],[-80.744,35.2681],[-80.7417,35.2703],[-80.7354,35.2796],[-80.7284,35.2902],[-80.7221,35.3047],[-80.7202,35.3068],[-80.7171,35.3085],[-80.7102,35.3113],[-80.6968,35.3142],[-80.6935,35.3145],[-80.6899,35.314],[-80.6824,35.3133],[-80.6767,35.3138],[-80.6529,35.3161],[-80.6491,35.3167],[-80.6464,35.3177],[-80.6305,35.3307],[-80.6233,35.3345],[-80.6168,35.3379],[-80.613,35.3397],[-80.6105,35.3403],[-80.6041,35.3415],[-80.6013,35.343],[-80.597,35.3468],[-80.5951,35.3494],[-80.5917,35.3543],[-80.5908,35.3564],[-80.5907,35.3585],[-80.5922,35.3627],[-80.5923,35.3643],[-80.5892,35.3766],[-80.5892,35.3815],[-80.5877,35.3893],[-80.5882,35.3944],[-80.5898,35.3992],[-80.5925,35.4044],[-80.599,35.4109],[-80.6016,35.4146],[-80.6061,35.4247],[-80.607,35.4352],[-80.6077,35.4378],[-80.6093,35.4408],[-80.6143,35.4473],[-80.6166,35.4536],[-80.6272,35.486],[-80.6266,35.4916],[-80.6231,35.498],[-80.6202,35.5024],[-80.6185,35.5052],[-80.6136,35.5132],[-80.6136,35.5207],[-80.6143,35.5348],[-80.6144,35.5387],[-80.6137,35.5422],[-80.6122,35.5447],[-80.6089,35.5475],[-80.6043,35.5511],[-80.5877,35.5592],[-80.5858,35.5613],[-80.5829,35.5671],[-80.5804,35.5694],[-80.5684,35.5736],[-80.5597,35.5801],[-80.5467,35.5951],[-80.5444,35.5983],[-80.5385,35.608],[-80.5325,35.6179],[-80.5323,35.6182],[-80.529,35.6229],[-80.5171,35.6339],[-80.5146,35.6362]]}},{"type":"Feature","properties":{"n":1,"a":"amtrak"},"geometry":{"type":"LineString","coordinates":[[-81.1538,32.09],[-81.1581,32.096],[-81.1597,32.0992],[-81.1679,32.1189],[-81.181,32.1532],[-81.1897,32.1768],[-81.1906,32.1842],[-81.1898,32.1901],[-81.1869,32.1978],[-81.1821,32.2045],[-81.1778,32.2086],[-81.1666,32.2167],[-81.151,32.2279],[-81.1452,32.2322],[-81.1258,32.2461]]}},{"type":"Feature","properties":{"n":1,"a":"amtrak"},"geometry":{"type":"LineString","coordinates":[[-80.4345,35.6847],[-80.4271,35.6886],[-80.4253,35.6898],[-80.4101,35.7063],[-80.3967,35.7203],[-80.3919,35.7221],[-80.3874,35.7227],[-80.3811,35.7214],[-80.3798,35.721],[-80.3729,35.72],[-80.3654,35.7209],[-80.3622,35.7216],[-80.3517,35.7258],[-80.3472,35.7278],[-80.3428,35.7311],[-80.3396,35.7336],[-80.3368,35.7358],[-80.3182,35.7506],[-80.307,35.7598],[-80.3011,35.7703],[-80.2987,35.7767],[-80.2935,35.7903],[-80.2837,35.8013],[-80.28,35.8042],[-80.275,35.8063],[-80.2679,35.8093],[-80.2632,35.8124],[-80.2582,35.8162],[-80.2515,35.8207],[-80.2484,35.822],[-80.2397,35.8238],[-80.2223,35.8324],[-80.2145,35.8351],[-80.2109,35.8369],[-80.2088,35.838],[-80.2022,35.8413],[-80.1969,35.8428],[-80.1702,35.8472],[-80.1516,35.8618],[-80.1453,35.8644],[-80.1397,35.8666],[-80.13,35.8738],[-80.1257,35.8757],[-80.1203,35.8768],[-80.1085,35.8768],[-80.0963,35.8793],[-80.0835,35.8822],[-80.0779,35.8845],[-80.0665,35.8901],[-80.0615,35.8942],[-80.0568,35.8991],[-80.0472,35.9128],[-80.0458,35.9148],[-80.0416,35.9204],[-80.0336,35.9308],[-80.0301,35.9346],[-80.0241,35.9412],[-80.019,35.9469],[-80.0187,35.9472],[-80.0132,35.9531],[-80.0059,35.9575],[-80.0016,35.9593],[-79.9863,35.965],[-79.9818,35.9665],[-79.9686,35.967],[-79.9662,35.9678],[-79.9503,35.9813],[-79.9447,35.9888],[-79.9327,35.9948],[-79.9248,35.9976],[-79.9108,36.0057],[-79.8987,36.0173],[-79.8944,36.0209],[-79.8819,36.0337],[-79.8806,36.0353],[-79.8786,36.0396],[-79.8762,36.0455],[-79.8742,36.0491],[-79.8714,36.0515],[-79.8605,36.0546],[-79.855,36.0567],[-79.852,36.0576],[-79.8453,36.0592],[-79.844,36.0595],[-79.837,36.0606],[-79.8249,36.0618],[-79.8177,36.0627],[-79.8037,36.0646],[-79.7984,36.0658],[-79.79,36.068],[-79.7895,36.0681]]}},{"type":"Feature","properties":{"n":1,"a":"amtrak"},"geometry":{"type":"LineString","coordinates":[[-78.2295,35.5523],[-78.2027,35.5624],[-78.1771,35.5721],[-78.1696,35.5761],[-78.1509,35.5874],[-78.1482,35.5881],[-78.1352,35.5892],[-78.1315,35.5903],[-78.1257,35.593],[-78.124,35.5939],[-78.1186,35.5965],[-78.1126,35.5993],[-78.0563,35.6263],[-78.0098,35.6453],[-77.9636,35.6641]]}},{"type":"Feature","properties":{"n":1,"a":"amtrak"},"geometry":{"type":"LineString","coordinates":[[-78.7765,35.7893],[-78.7729,35.7913],[-78.7681,35.7927],[-78.7599,35.7917]]}},{"type":"Feature","properties":{"n":1,"a":"amtrak"},"geometry":{"type":"LineString","coordinates":[[-79.7895,36.0681],[-79.7852,36.0699],[-79.7844,36.0708],[-79.7842,36.0719],[-79.7859,36.0814],[-79.7816,36.0933],[-79.7811,36.0956],[-79.7802,36.1012],[-79.7769,36.1057],[-79.7763,36.1075],[-79.7786,36.1172],[-79.7787,36.1204],[-79.7773,36.1231],[-79.7744,36.1255],[-79.7683,36.1296],[-79.7615,36.1354],[-79.7602,36.138],[-79.7565,36.1494],[-79.7544,36.1556],[-79.7532,36.1578],[-79.743,36.1661],[-79.7398,36.1687],[-79.728,36.1782],[-79.7264,36.1806],[-79.7259,36.1834],[-79.724,36.1999],[-79.7232,36.2025],[-79.7202,36.2071],[-79.7103,36.2154],[-79.6932,36.2296],[-79.6917,36.2329],[-79.692,36.2393],[-79.6916,36.2411],[-79.6893,36.2438],[-79.6854,36.2457],[-79.6751,36.2504],[-79.6726,36.2517],[-79.6643,36.2588],[-79.6534,36.2635],[-79.6513,36.2655],[-79.6496,36.2686],[-79.6488,36.2732],[-79.65,36.2811],[-79.6496,36.2858],[-79.6484,36.294],[-79.6452,36.3008],[-79.6451,36.3072],[-79.6463,36.3109],[-79.6541,36.3223],[-79.6554,36.3243]]}},{"type":"Feature","properties":{"n":1,"a":"amtrak"},"geometry":{"type":"LineString","coordinates":[[-80.4558,35.6738],[-80.4345,35.6847]]}},{"type":"Feature","properties":{"n":1,"a":"amtrak"},"geometry":{"type":"LineString","coordinates":[[-79.1918,34.6812],[-79.1889,34.6843],[-79.1534,34.7204],[-79.1408,34.7366],[-79.115,34.7699],[-79.0575,34.8439],[-79.0024,34.9148],[-78.9899,34.9308],[-78.9865,34.9352],[-78.9733,34.949],[-78.9685,34.9516],[-78.9571,34.9552],[-78.9488,34.9638],[-78.9482,34.966],[-78.9487,34.9693],[-78.9493,34.9756],[-78.9481,34.9791],[-78.9229,35.0179],[-78.9209,35.0196],[-78.9154,35.023],[-78.9061,35.0289],[-78.8929,35.041],[-78.8851,35.0548],[-78.8831,35.0586],[-78.8793,35.0658],[-78.8781,35.0672],[-78.8624,35.0767]]}},{"type":"Feature","properties":{"n":1,"a":"amtrak"},"geometry":{"type":"LineString","coordinates":[[-78.7599,35.7917],[-78.7491,35.7899],[-78.7251,35.7862],[-78.7213,35.787],[-78.7102,35.7923],[-78.7084,35.7932],[-78.7063,35.7941],[-78.6991,35.7954],[-78.6918,35.7945]]}},{"type":"Feature","properties":{"n":1,"a":"amtrak"},"geometry":{"type":"LineString","coordinates":[[-79.2425,34.6133],[-79.2387,34.6185],[-79.2105,34.6566],[-79.199,34.6739],[-79.1918,34.6812]]}},{"type":"Feature","properties":{"n":1,"a":"amtrak"},"geometry":{"type":"LineString","coordinates":[[-79.6554,36.3243],[-79.6566,36.3271],[-79.6563,36.3305],[-79.6554,36.3341],[-79.655,36.3366],[-79.6553,36.3384],[-79.6595,36.3482]]}},{"type":"Feature","properties":{"n":1,"a":"amtrak"},"geometry":{"type":"LineString","coordinates":[[-81.1258,32.2461],[-81.099,32.2658],[-81.0954,32.2697],[-81.0815,32.2879],[-81.0766,32.2944],[-81.0761,32.2951],[-81.0684,32.3052],[-81.0647,32.3123],[-81.0526,32.3373]]}},{"type":"Feature","properties":{"n":1,"a":"amtrak"},"geometry":{"type":"LineString","coordinates":[[-79.6554,36.3243],[-79.657,36.327],[-79.6577,36.3318],[-79.6561,36.3369],[-79.656,36.3394],[-79.6595,36.3482]]}},{"type":"Feature","properties":{"n":1,"a":"amtrak"},"geometry":{"type":"LineString","coordinates":[[-78.6918,35.7945],[-78.6885,35.7932],[-78.6804,35.7887],[-78.6601,35.7812],[-78.6539,35.779],[-78.6498,35.7775]]}},{"type":"Feature","properties":{"n":1,"a":"amtrak"},"geometry":{"type":"LineString","coordinates":[[-78.7767,35.7892],[-78.772,35.7918],[-78.7692,35.7926],[-78.7662,35.7928],[-78.7599,35.7917]]}},{"type":"Feature","properties":{"n":1,"a":"amtrak"},"geometry":{"type":"LineString","coordinates":[[-78.7599,35.7917],[-78.7255,35.7862],[-78.7217,35.7869],[-78.7102,35.7924],[-78.7059,35.7943],[-78.7015,35.7953],[-78.6967,35.7954],[-78.6918,35.7945]]}},{"type":"Feature","properties":{"n":1,"a":"amtrak"},"geometry":{"type":"LineString","coordinates":[[-80.5146,35.6362],[-80.5004,35.6489],[-80.4932,35.6533],[-80.4786,35.6597]]}},{"type":"Feature","properties":{"n":1,"a":"amtrak"},"geometry":{"type":"LineString","coordinates":[[-80.4786,35.6597],[-80.4706,35.6634],[-80.4633,35.669],[-80.46,35.6715],[-80.4558,35.6738]]}},{"type":"Feature","properties":{"n":1,"a":"amtrak"},"geometry":{"type":"LineString","coordinates":[[-88.6982,32.3623],[-88.6933,32.3653],[-88.6932,32.3654]]}},{"type":"Feature","properties":{"n":1,"a":"amtrak"},"geometry":{"type":"LineString","coordinates":[[-90.3612,40.9467],[-90.3606,40.9473],[-90.3561,40.9518],[-90.2817,41.0254],[-90.2449,41.0615],[-90.241,41.0644],[-90.2249,41.0744],[-90.1656,41.1109],[-90.1589,41.1148],[-90.0809,41.1497],[-90.0456,41.1654],[-90.0404,41.1677],[-90.028,41.1733],[-90.0249,41.1747],[-90.0051,41.1835],[-89.998,41.1878],[-89.9469,41.2379],[-89.9426,41.2405],[-89.9276,41.2462],[-89.8572,41.2729],[-89.7989,41.295],[-89.7856,41.3],[-89.7761,41.303],[-89.7683,41.3042],[-89.7617,41.3043],[-89.7321,41.3029],[-89.7256,41.3037],[-89.6838,41.321],[-89.6806,41.3233],[-89.6781,41.3265],[-89.6744,41.3314],[-89.6699,41.3343],[-89.6582,41.3372],[-89.6426,41.3427],[-89.632,41.3435],[-89.6274,41.3446],[-89.598,41.3589],[-89.5801,41.3655],[-89.5027,41.3932],[-89.4976,41.393],[-89.4723,41.3856],[-89.4668,41.3854],[-89.4631,41.3861],[-89.3639,41.4254],[-89.3238,41.4413],[-89.3158,41.4444],[-89.2649,41.4646],[-89.2542,41.4702],[-89.1924,41.5047],[-89.1665,41.5191],[-89.1305,41.5392],[-89.1196,41.5452],[-89.1184,41.5463],[-89.1178,41.548],[-89.1174,41.5514],[-89.1144,41.5545],[-89.1112,41.556],[-89.1008,41.5579],[-89.0779,41.5621],[-89.0562,41.5661],[-89.052,41.5669],[-89.0379,41.5695],[-88.926,41.5902],[-88.7992,41.6133],[-88.7041,41.6306],[-88.6794,41.6351],[-88.6539,41.6397],[-88.6242,41.6451],[-88.6166,41.6461],[-88.6023,41.6476],[-88.5988,41.6479],[-88.5858,41.6497],[-88.5382,41.6622],[-88.5111,41.6683],[-88.4538,41.6812],[-88.4308,41.6864],[-88.3803,41.6978],[-88.3713,41.7014],[-88.3638,41.7065],[-88.36,41.7104],[-88.3501,41.7232],[-88.3474,41.7267],[-88.3458,41.7288],[-88.3365,41.7408],[-88.332,41.7463],[-88.3277,41.7488],[-88.3154,41.7545],[-88.3085,41.7595],[-88.3048,41.7639],[-88.3017,41.7657],[-88.2939,41.7675],[-88.2803,41.7694]]}},{"type":"Feature","properties":{"n":1,"a":"amtrak"},"geometry":{"type":"LineString","coordinates":[[-90.48,40.8893],[-90.4666,40.8897],[-90.4557,40.8949],[-90.4415,40.9023],[-90.4101,40.9186],[-90.3767,40.936],[-90.3755,40.9366],[-90.3687,40.9397],[-90.3662,40.9418],[-90.3612,40.9467]]}},{"type":"Feature","properties":{"n":1,"a":"amtrak"},"geometry":{"type":"LineString","coordinates":[[-91.3694,39.9562],[-91.3561,39.9645],[-91.3377,39.9706],[-91.3264,39.9733],[-91.3224,39.9753],[-91.3169,39.9791],[-91.2973,39.9928],[-91.2886,39.9989],[-91.2843,40.0007],[-91.2675,40.0058],[-91.2556,40.0067],[-91.2503,40.0077],[-91.2407,40.0104],[-91.2298,40.0123],[-91.1966,40.0228],[-91.1662,40.0318],[-91.1589,40.0325],[-91.142,40.0302],[-91.1311,40.0301],[-91.1266,40.0315],[-91.1196,40.0367],[-91.1158,40.0381],[-91.0851,40.0417],[-91.0684,40.0415],[-91.0645,40.0415],[-91.0617,40.0421],[-91.0592,40.0433],[-91.0569,40.0454],[-91.0186,40.1031],[-91.0158,40.1095],[-91.0023,40.1461],[-90.999,40.1543],[-90.9713,40.1938],[-90.9678,40.1989],[-90.9621,40.2095],[-90.9516,40.2362],[-90.9468,40.2477],[-90.9412,40.2553],[-90.9304,40.2684],[-90.9216,40.2755],[-90.919,40.2782],[-90.9166,40.2827],[-90.9159,40.2873],[-90.9146,40.2927],[-90.9109,40.2997],[-90.9093,40.3038],[-90.9009,40.328],[-90.8977,40.3343],[-90.8916,40.3436],[-90.8876,40.3503],[-90.8833,40.366],[-90.8663,40.3967],[-90.8638,40.3992],[-90.8605,40.4014],[-90.8416,40.4107],[-90.8336,40.4132],[-90.8212,40.4168],[-90.795,40.4243],[-90.7895,40.4259],[-90.782,40.4281],[-90.7491,40.4413],[-90.7119,40.4505],[-90.6854,40.4578],[-90.6709,40.4615],[-90.6665,40.4624],[-90.6577,40.4643],[-90.6493,40.4661],[-90.5852,40.4802],[-90.5794,40.4834],[-90.5594,40.4983],[-90.5378,40.5147],[-90.5219,40.5353],[-90.5206,40.537],[-90.5126,40.5478],[-90.5119,40.5488],[-90.511,40.55],[-90.4934,40.5733],[-90.489,40.5802],[-90.4615,40.6235],[-90.4586,40.628],[-90.4452,40.6492],[-90.4382,40.6601],[-90.4304,40.6726],[-90.4286,40.6816],[-90.4262,40.6864],[-90.4144,40.7076],[-90.4124,40.7145],[-90.4109,40.7206],[-90.4095,40.7249],[-90.4043,40.7335],[-90.4031,40.7366],[-90.4018,40.7489],[-90.399,40.7625],[-90.3971,40.7707],[-90.3956,40.7803],[-90.3953,40.7954],[-90.3952,40.8045],[-90.3952,40.8113],[-90.3946,40.8679],[-90.3941,40.8848],[-90.3918,40.8895],[-90.3875,40.8958],[-90.3848,40.9013],[-90.3806,40.9093],[-90.377,40.9144],[-90.3751,40.921],[-90.3666,40.9378],[-90.3659,40.9386],[-90.3651,40.9412],[-90.3643,40.9436],[-90.3612,40.9467]]}},{"type":"Feature","properties":{"n":1,"a":"amtrak"},"geometry":{"type":"LineString","coordinates":[[-87.0748,41.6135],[-87.0693,41.6142],[-87.0514,41.6166],[-87.0449,41.6187],[-86.9529,41.6702],[-86.9324,41.6829],[-86.931,41.6838],[-86.9122,41.6954],[-86.9108,41.6964],[-86.906,41.6989],[-86.9007,41.7002],[-86.8762,41.7002],[-86.8706,41.7011],[-86.8659,41.7029],[-86.7839,41.7602],[-86.762,41.7754],[-86.7587,41.7777],[-86.7235,41.7969],[-86.7125,41.8029],[-86.7073,41.806],[-86.7046,41.8085],[-86.6988,41.8157],[-86.6913,41.8285],[-86.6525,41.8598],[-86.6482,41.8627],[-86.6435,41.865],[-86.6263,41.8715],[-86.6023,41.8797],[-86.5979,41.882],[-86.5953,41.8851],[-86.5704,41.9196],[-86.5572,41.938],[-86.5531,41.9464],[-86.5492,41.9549],[-86.5369,41.982],[-86.5283,42.0009],[-86.5209,42.0135],[-86.5117,42.0293],[-86.5109,42.0323],[-86.5102,42.0407],[-86.5083,42.0595],[-86.5064,42.0623],[-86.5014,42.0659],[-86.499,42.0683],[-86.4972,42.0711],[-86.4962,42.074],[-86.496,42.0783],[-86.4985,42.0857],[-86.4983,42.0891],[-86.4943,42.0965],[-86.4849,42.1089],[-86.4832,42.1113],[-86.4825,42.1136],[-86.4818,42.115],[-86.4804,42.1157],[-86.4683,42.1166],[-86.458,42.1176],[-86.4551,42.1187],[-86.4536,42.1198],[-86.4485,42.1239],[-86.4461,42.128],[-86.4397,42.1362],[-86.4371,42.1394],[-86.4299,42.1482],[-86.3902,42.18],[-86.3842,42.183],[-86.3787,42.1844],[-86.3551,42.1839],[-86.3157,42.1885],[-86.3097,42.189],[-86.2871,42.1877],[-86.2683,42.1876],[-86.2593,42.188],[-86.239,42.1923],[-86.2324,42.1924],[-86.2231,42.1924],[-86.2165,42.1925],[-86.1944,42.1967],[-86.1797,42.1995],[-86.1766,42.2006],[-86.1749,42.2017],[-86.1732,42.2037],[-86.1712,42.209],[-86.1704,42.2114],[-86.1626,42.2354],[-86.1577,42.2624],[-86.1565,42.2642],[-86.1387,42.2848],[-86.1199,42.3064],[-86.1174,42.3084],[-86.1137,42.3111],[-86.1115,42.3145],[-86.1089,42.3186],[-86.0988,42.3306],[-86.0948,42.3338],[-86.094,42.3354],[-86.0937,42.3382],[-86.0927,42.3398],[-86.0909,42.3412],[-86.08,42.3465],[-86.0773,42.3492],[-86.0768,42.3512],[-86.0762,42.3682],[-86.0776,42.3729],[-86.0775,42.3775],[-86.0763,42.4031],[-86.0767,42.4066],[-86.0834,42.4189],[-86.0893,42.4296],[-86.0901,42.4319],[-86.0922,42.4873],[-86.0951,42.5529],[-86.0995,42.5813],[-86.1,42.5839],[-86.1029,42.5919],[-86.1028,42.5937],[-86.1013,42.5959],[-86.0932,42.6014],[-86.0915,42.603],[-86.0892,42.6106],[-86.0864,42.6148],[-86.086,42.6165],[-86.0866,42.6187],[-86.0901,42.6247],[-86.0918,42.6318],[-86.0934,42.6351],[-86.0976,42.6389],[-86.1002,42.6428],[-86.1046,42.6468],[-86.1067,42.6488],[-86.1073,42.6502],[-86.1071,42.6525],[-86.1059,42.654],[-86.1004,42.656],[-86.0963,42.6581],[-86.0892,42.6591],[-86.0862,42.6611],[-86.0832,42.6644],[-86.0775,42.6686],[-86.0769,42.6701],[-86.0771,42.6719],[-86.0803,42.6752],[-86.0807,42.6777],[-86.0833,42.6946],[-86.0959,42.7686],[-86.0972,42.7763],[-86.0986,42.78],[-86.0987,42.7868],[-86.0979,42.7892],[-86.0957,42.7915],[-86.0937,42.7937],[-86.0913,42.7985],[-86.0893,42.8013],[-86.0861,42.8025],[-86.081,42.8036],[-86.0589,42.8083],[-86.0308,42.8143],[-86.0254,42.8146],[-86.0106,42.8148],[-86.006,42.8157],[-86.0013,42.8174],[-85.9689,42.8308],[-85.9413,42.8388],[-85.8968,42.8542],[-85.882,42.8594],[-85.8644,42.8692],[-85.8254,42.891],[-85.7913,42.9037],[-85.7821,42.9063],[-85.7768,42.9068],[-85.7702,42.9084],[-85.7524,42.9129],[-85.7476,42.9162],[-85.7323,42.9285],[-85.7267,42.9309],[-85.7164,42.9353],[-85.7073,42.9394],[-85.7045,42.9406],[-85.7022,42.9417],[-85.7019,42.9419],[-85.6964,42.9449],[-85.6882,42.951],[-85.6803,42.954],[-85.6787,42.9544],[-85.6776,42.9554],[-85.6787,42.9566]]}},{"type":"Feature","properties":{"n":1,"a":"amtrak"},"geometry":{"type":"LineString","coordinates":[[-87.6361,41.8177],[-87.636,41.8174],[-87.6358,41.8091],[-87.6346,41.8034],[-87.6345,41.7997],[-87.6354,41.7947],[-87.6353,41.7894],[-87.6352,41.7867],[-87.6351,41.7845],[-87.6342,41.7831],[-87.6254,41.7784],[-87.6117,41.7689],[-87.5981,41.7592],[-87.5954,41.7572],[-87.5843,41.7492],[-87.5486,41.7236],[-87.5461,41.7217],[-87.544,41.7202],[-87.5424,41.719],[-87.5408,41.7179],[-87.5343,41.7131],[-87.5288,41.7081],[-87.5248,41.7045],[-87.5245,41.7042],[-87.5194,41.7013],[-87.5135,41.6953],[-87.5075,41.6914],[-87.5002,41.6868],[-87.4975,41.6852],[-87.4938,41.6841],[-87.4739,41.6733],[-87.4641,41.6681],[-87.4537,41.6611],[-87.4502,41.6586],[-87.4452,41.6552],[-87.4446,41.6547],[-87.4403,41.6516],[-87.4274,41.6404],[-87.4232,41.6374],[-87.4179,41.6341],[-87.4099,41.6305],[-87.3695,41.6161],[-87.3565,41.6115],[-87.345,41.6075],[-87.3347,41.6058],[-87.2666,41.6047],[-87.2495,41.6046],[-87.2405,41.6061],[-87.2225,41.6104],[-87.199,41.6159],[-87.1738,41.6196],[-87.1656,41.6199],[-87.1284,41.6209],[-87.1224,41.6206],[-87.113,41.6173],[-87.0998,41.6159],[-87.0763,41.6137]]}},{"type":"Feature","properties":{"n":1,"a":"amtrak"},"geometry":{"type":"LineString","coordinates":[[-87.612,41.6855],[-87.6036,41.7217],[-87.6028,41.7251],[-87.6019,41.7291],[-87.5981,41.7457],[-87.5972,41.7502]]}},{"type":"Feature","properties":{"n":1,"a":"amtrak"},"geometry":{"type":"LineString","coordinates":[[-87.0763,41.6137],[-87.075,41.6139],[-87.0666,41.6185],[-87.0412,41.6328],[-86.9785,41.6682],[-86.9419,41.6827],[-86.9324,41.6883],[-86.9131,41.7014],[-86.9105,41.7049],[-86.9095,41.7083],[-86.9077,41.7192],[-86.9065,41.7206],[-86.9046,41.7214],[-86.8998,41.7225],[-86.8972,41.7227],[-86.8851,41.7237],[-86.8788,41.7249],[-86.8731,41.7266],[-86.8569,41.7333],[-86.8144,41.7511],[-86.809,41.7544],[-86.801,41.7602],[-86.7594,41.7902],[-86.746,41.7965],[-86.741,41.798],[-86.7331,41.799],[-86.7222,41.8024],[-86.7173,41.8031],[-86.7123,41.8028],[-86.7001,41.8003],[-86.694,41.7996],[-86.6476,41.8002],[-86.6074,41.8009],[-86.5013,41.8026],[-86.4881,41.8024],[-86.4537,41.7975],[-86.4485,41.7971],[-86.4391,41.7982],[-86.4251,41.8022],[-86.3939,41.8114],[-86.3903,41.8125],[-86.3651,41.8198],[-86.3597,41.8204],[-86.3561,41.8198],[-86.3517,41.8182],[-86.3381,41.8087],[-86.3331,41.807],[-86.329,41.8069],[-86.3028,41.8099],[-86.2948,41.8123],[-86.2874,41.8163],[-86.2839,41.8201],[-86.282,41.8215],[-86.2722,41.8249],[-86.2688,41.8277],[-86.2666,41.8315],[-86.2652,41.833],[-86.2624,41.8346],[-86.2581,41.8356],[-86.2524,41.837],[-86.2462,41.84],[-86.2354,41.851],[-86.224,41.8627],[-86.1164,41.973],[-86.1088,41.9807],[-86.0919,41.9981],[-86.0304,42.061],[-86.0213,42.0702],[-86.0148,42.0769],[-86.0016,42.0904],[-85.9974,42.094],[-85.9923,42.0972],[-85.9762,42.1054],[-85.864,42.1631],[-85.8426,42.1741],[-85.808,42.1922],[-85.7866,42.2082],[-85.7763,42.2146],[-85.7657,42.224],[-85.7379,42.2489],[-85.6876,42.2788],[-85.6832,42.2801],[-85.6784,42.2803],[-85.6454,42.2764],[-85.6236,42.2738],[-85.6186,42.2744],[-85.6149,42.2763],[-85.6065,42.2837],[-85.5918,42.2938],[-85.5879,42.2954],[-85.5842,42.2956],[-85.5784,42.2958],[-85.5767,42.2958],[-85.5676,42.2954],[-85.5639,42.2942],[-85.556,42.2902],[-85.5513,42.2882],[-85.5467,42.2875],[-85.5323,42.2879],[-85.5243,42.2894],[-85.5189,42.289],[-85.5111,42.2885],[-85.426,42.2889],[-85.4187,42.2898],[-85.4114,42.2927],[-85.3886,42.307],[-85.3717,42.3202],[-85.3536,42.3319],[-85.3503,42.3335],[-85.3398,42.3355],[-85.312,42.3494],[-85.3094,42.3499],[-85.3039,42.35],[-85.2981,42.351],[-85.292,42.3518],[-85.2858,42.351],[-85.2811,42.3492],[-85.2751,42.3459],[-85.2642,42.3429],[-85.2581,42.3402],[-85.2541,42.3381],[-85.2492,42.3357],[-85.2456,42.3345],[-85.2336,42.3328],[-85.2283,42.3316],[-85.2,42.3222],[-85.1985,42.3214],[-85.1966,42.3205],[-85.1942,42.3204],[-85.19,42.3195],[-85.1879,42.3181],[-85.1827,42.3141],[-85.1803,42.3129],[-85.1761,42.3119],[-85.171,42.3118],[-85.17,42.3119]]}},{"type":"Feature","properties":{"n":1,"a":"amtrak"},"geometry":{"type":"LineString","coordinates":[[-87.0763,41.6137],[-87.0748,41.6135]]}},{"type":"Feature","properties":{"n":1,"a":"amtrak"},"geometry":{"type":"LineString","coordinates":[[-96.7531,46.8745],[-96.7519,46.8744],[-96.7423,46.8743],[-96.73,46.8743],[-96.7032,46.8741],[-96.7026,46.8742],[-96.694,46.8741],[-96.6847,46.8741],[-96.651,46.874],[-96.5822,46.8736],[-96.5788,46.8736],[-96.4544,46.873],[-96.4489,46.8727],[-96.4428,46.8713],[-96.3567,46.8468],[-96.35,46.8458],[-96.3439,46.846],[-96.3391,46.8471],[-96.3348,46.8488],[-96.3294,46.8522],[-96.3267,46.8544],[-96.3246,46.857],[-96.3206,46.8654],[-96.3139,46.88],[-96.3109,46.8829],[-96.3077,46.8846],[-96.2621,46.9049],[-96.2575,46.9062],[-96.2515,46.9068],[-96.2468,46.9068],[-96.2266,46.9066],[-96.2217,46.9056],[-96.2095,46.8986],[-96.2038,46.8968],[-96.1999,46.8966],[-96.1742,46.898],[-96.1481,46.8994],[-96.1205,46.8957],[-96.117,46.8948],[-96.1133,46.893],[-96.1081,46.8874],[-96.1054,46.8857],[-96.1019,46.8849],[-96.0939,46.8846],[-96.0891,46.8845],[-96.0862,46.8847],[-96.0843,46.8848],[-96.0777,46.8854],[-96.0724,46.8854],[-96.0531,46.8805],[-96.0283,46.8726],[-95.9885,46.862],[-95.9441,46.85],[-95.928,46.8424],[-95.9145,46.837],[-95.9052,46.8337],[-95.8603,46.8261],[-95.8539,46.8236],[-95.8471,46.8205],[-95.8459,46.8199],[-95.8299,46.8129],[-95.8253,46.8108],[-95.8128,46.8049],[-95.8103,46.8033],[-95.7935,46.7815],[-95.7822,46.7713],[-95.7744,46.7631],[-95.7544,46.7479],[-95.7343,46.7377],[-95.7281,46.7354],[-95.7218,46.7339],[-95.7103,46.7317],[-95.7065,46.7304],[-95.7024,46.728],[-95.6986,46.7242],[-95.6975,46.7177],[-95.6964,46.7155],[-95.6549,46.6588],[-95.6186,46.6215],[-95.5906,46.6052],[-95.575,46.5962],[-95.5734,46.5953],[-95.5671,46.5917],[-95.5615,46.5885],[-95.5414,46.5771],[-95.383,46.5198],[-95.3748,46.5168],[-95.3602,46.5109],[-95.2662,46.4692],[-95.2587,46.4677],[-95.2171,46.4658],[-95.1982,46.4633],[-95.1933,46.462],[-95.1737,46.455],[-95.1556,46.4485],[-95.1505,46.4467],[-95.1317,46.4399],[-95.1272,46.4383],[-95.018,46.3992],[-95.0112,46.3967],[-94.9586,46.3778],[-94.9439,46.3751],[-94.9052,46.3688],[-94.8352,46.3595],[-94.8028,46.3552],[-94.7907,46.3536],[-94.7886,46.3528],[-94.7863,46.3506],[-94.7178,46.2834],[-94.6898,46.2557],[-94.6885,46.2534],[-94.6846,46.2425],[-94.6823,46.2395],[-94.6589,46.2245],[-94.6476,46.2172],[-94.6417,46.2104],[-94.632,46.2016],[-94.628,46.1994],[-94.6227,46.1969],[-94.62,46.1947],[-94.6119,46.1781],[-94.6101,46.1761],[-94.604,46.1713],[-94.5866,46.1474],[-94.5842,46.1448],[-94.578,46.1401],[-94.5684,46.134],[-94.5571,46.1244],[-94.5538,46.1229],[-94.5433,46.1199],[-94.5345,46.1163],[-94.5315,46.1144],[-94.5052,46.093],[-94.5005,46.0888],[-94.4995,46.0879],[-94.4774,46.0662],[-94.4296,46.033],[-94.3966,46.0093],[-94.3729,45.9923],[-94.3708,45.9897],[-94.3701,45.9866],[-94.3698,45.9774],[-94.3703,45.9762],[-94.3705,45.9717],[-94.368,45.9675],[-94.3617,45.9523],[-94.3552,45.9369],[-94.3044,45.8406],[-94.3024,45.8377],[-94.2962,45.8312],[-94.2878,45.8225],[-94.223,45.755],[-94.2038,45.735],[-94.1955,45.7263],[-94.1934,45.723],[-94.1798,45.6796],[-94.1797,45.6709],[-94.1806,45.6671],[-94.1972,45.64],[-94.2004,45.6338],[-94.2008,45.6306],[-94.2004,45.6244],[-94.2001,45.6197],[-94.1998,45.6171],[-94.1991,45.6155],[-94.1904,45.6044],[-94.1811,45.5977],[-94.1604,45.5839],[-94.1587,45.5821],[-94.1511,45.5714],[-94.1491,45.5686],[-94.1464,45.5646],[-94.1437,45.5608],[-94.1418,45.5592],[-94.1233,45.5522],[-94.1119,45.543],[-93.9997,45.4474],[-93.9956,45.4441],[-93.9919,45.4426],[-93.9385,45.4305],[-93.9346,45.4287],[-93.904,45.4094],[-93.8997,45.4066],[-93.8988,45.406],[-93.8711,45.3886],[-93.8598,45.3814],[-93.7994,45.3432],[-93.7904,45.3383],[-93.7839,45.336],[-93.7763,45.3344],[-93.7447,45.3313],[-93.7304,45.3299]]}},{"type":"Feature","properties":{"n":1,"a":"amtrak"},"geometry":{"type":"LineString","coordinates":[[-87.8971,42.2807],[-87.8993,42.289],[-87.9008,42.3007],[-87.9017,42.3084],[-87.9072,42.3554],[-87.9105,42.371],[-87.9132,42.3835],[-87.9148,42.3881],[-87.9282,42.4124],[-87.9287,42.4153],[-87.9285,42.4324],[-87.9283,42.446],[-87.9294,42.4534],[-87.9315,42.4656],[-87.9312,42.4702],[-87.93,42.4733],[-87.9195,42.4905],[-87.9175,42.4942],[-87.9167,42.4983],[-87.9173,42.5175],[-87.917,42.5242],[-87.9142,42.5305],[-87.9118,42.5355],[-87.9054,42.5494],[-87.9049,42.5528],[-87.9049,42.5608],[-87.905,42.5721],[-87.9053,42.6332],[-87.9054,42.6409],[-87.9055,42.6691],[-87.9056,42.6843],[-87.9057,42.7],[-87.9057,42.7006],[-87.9057,42.7029],[-87.9059,42.7187],[-87.9065,42.7244],[-87.9101,42.7378],[-87.9135,42.7536],[-87.9153,42.7616],[-87.9241,42.8022],[-87.9248,42.807],[-87.9273,42.8336],[-87.9267,42.8432],[-87.9266,42.8447],[-87.9256,42.8567],[-87.9228,42.8901],[-87.9223,42.901],[-87.9223,42.9017],[-87.9225,42.9074],[-87.9231,42.9154],[-87.9232,42.9168],[-87.9244,42.9317],[-87.9249,42.9378],[-87.9251,42.9406],[-87.9268,42.9623],[-87.9275,42.9711],[-87.927,42.9735],[-87.926,42.9753],[-87.9167,42.9849],[-87.914,42.9884],[-87.9097,42.9975],[-87.9091,43.0002],[-87.909,43.0062],[-87.9088,43.0108],[-87.9089,43.0217],[-87.9096,43.0267],[-87.9114,43.0286],[-87.9121,43.0332],[-87.9135,43.0339],[-87.9228,43.034],[-87.9327,43.0341],[-87.9433,43.034],[-87.95,43.032],[-87.9545,43.0311],[-87.9635,43.0311],[-87.9651,43.0315],[-87.9674,43.0335],[-87.9677,43.0363],[-87.9675,43.0382],[-87.9682,43.0398],[-87.9696,43.0412],[-87.9728,43.0425],[-87.9761,43.0432],[-87.9863,43.0434],[-87.9958,43.0454],[-88.004,43.0482],[-88.0088,43.0491],[-88.0186,43.0497],[-88.0219,43.0512],[-88.0264,43.0547],[-88.032,43.0573],[-88.0364,43.0581],[-88.0402,43.0581],[-88.0431,43.0571],[-88.0457,43.0551],[-88.0466,43.0536],[-88.0479,43.0486],[-88.0501,43.046],[-88.0626,43.0411],[-88.067,43.0401],[-88.073,43.0404],[-88.0784,43.0427],[-88.0809,43.0442]]}},{"type":"Feature","properties":{"n":1,"a":"amtrak"},"geometry":{"type":"LineString","coordinates":[[-88.1546,43.0719],[-88.1461,43.0716],[-88.135,43.07],[-88.1092,43.0672],[-88.1024,43.067],[-88.1,43.0664],[-88.0979,43.0654],[-88.0959,43.0636],[-88.0843,43.047],[-88.0809,43.0442]]}},{"type":"Feature","properties":{"n":1,"a":"amtrak"},"geometry":{"type":"LineString","coordinates":[[-88.1546,43.0719],[-88.1464,43.0715],[-88.1261,43.0681],[-88.0898,43.0524],[-88.0873,43.0506],[-88.0835,43.046],[-88.0809,43.0442]]}},{"type":"Feature","properties":{"n":1,"a":"amtrak"},"geometry":{"type":"LineString","coordinates":[[-96.7531,46.8745],[-96.7512,46.8737],[-96.7494,46.8723]]}},{"type":"Feature","properties":{"n":1,"a":"amtrak"},"geometry":{"type":"LineString","coordinates":[[-87.612,41.6855],[-87.6122,41.6846],[-87.5972,41.7502]]}},{"type":"Feature","properties":{"n":1,"a":"amtrak"},"geometry":{"type":"LineString","coordinates":[[-122.6878,45.6279],[-122.6867,45.6292],[-122.6863,45.6306],[-122.6867,45.634]]}},{"type":"Feature","properties":{"n":1,"a":"amtrak"},"geometry":{"type":"LineString","coordinates":[[-122.6878,45.6279],[-122.6845,45.6288],[-122.6827,45.6284],[-122.6811,45.6274]]}},{"type":"Feature","properties":{"n":1,"a":"amtrak"},"geometry":{"type":"LineString","coordinates":[[-80.5574,37.7455],[-80.5555,37.7464],[-80.5525,37.7463],[-80.5429,37.7422]]}},{"type":"Feature","properties":{"n":1,"a":"amtrak"},"geometry":{"type":"LineString","coordinates":[[-80.2855,40.6989],[-80.2834,40.6994]]}},{"type":"Feature","properties":{"n":1,"a":"amtrak"},"geometry":{"type":"LineString","coordinates":[[-71.0597,42.3308],[-71.0599,42.3311]]}},{"type":"Feature","properties":{"n":1,"a":"amtrak"},"geometry":{"type":"LineString","coordinates":[[-71.0601,42.3314],[-71.0606,42.3343],[-71.0603,42.3353]]}},{"type":"Feature","properties":{"n":1,"a":"amtrak"},"geometry":{"type":"LineString","coordinates":[[-71.0601,42.3314],[-71.0607,42.3321],[-71.0609,42.3342],[-71.0605,42.335]]}},{"type":"Feature","properties":{"n":1,"a":"amtrak"},"geometry":{"type":"LineString","coordinates":[[-71.0599,42.3311],[-71.0601,42.3314]]}},{"type":"Feature","properties":{"n":1,"a":"amtrak"},"geometry":{"type":"LineString","coordinates":[[-71.0603,42.3315],[-71.0599,42.3311]]}},{"type":"Feature","properties":{"n":1,"a":"amtrak"},"geometry":{"type":"LineString","coordinates":[[-71.0605,42.3316],[-71.0603,42.3315]]}},{"type":"Feature","properties":{"n":1,"a":"amtrak"},"geometry":{"type":"LineString","coordinates":[[-71.0605,42.3316],[-71.0611,42.3338],[-71.0607,42.3347]]}},{"type":"Feature","properties":{"n":1,"a":"amtrak"},"geometry":{"type":"LineString","coordinates":[[-71.0607,42.3347],[-71.0605,42.335]]}},{"type":"Feature","properties":{"n":1,"a":"amtrak"},"geometry":{"type":"LineString","coordinates":[[-71.061,42.3344],[-71.0607,42.3347]]}},{"type":"Feature","properties":{"n":1,"a":"amtrak"},"geometry":{"type":"LineString","coordinates":[[-71.0605,42.3316],[-71.061,42.3324],[-71.061,42.3344]]}},{"type":"Feature","properties":{"n":1,"a":"amtrak"},"geometry":{"type":"LineString","coordinates":[[-108.5559,39.0626],[-108.555,39.0628]]}},{"type":"Feature","properties":{"n":1,"a":"amtrak"},"geometry":{"type":"LineString","coordinates":[[-78.7767,35.7892],[-78.7765,35.7893]]}},{"type":"Feature","properties":{"n":1,"a":"amtrak"},"geometry":{"type":"LineString","coordinates":[[-111.6627,40.2258],[-111.661,40.2256],[-111.6568,40.2253]]}},{"type":"Feature","properties":{"n":1,"a":"metrolink"},"geometry":{"type":"LineString","coordinates":[[-118.2276,34.0884],[-118.2279,34.09],[-118.2311,34.0934]]}},{"type":"Feature","properties":{"n":1,"a":"metrolink"},"geometry":{"type":"LineString","coordinates":[[-118.226,34.0796],[-118.2269,34.0814],[-118.2269,34.0829]]}},{"type":"Feature","properties":{"n":1,"a":"metrolink"},"geometry":{"type":"LineString","coordinates":[[-118.2269,34.0829],[-118.2269,34.0834]]}},{"type":"Feature","properties":{"n":1,"a":"metrolink"},"geometry":{"type":"LineString","coordinates":[[-118.2275,34.0891],[-118.228,34.0903]]}},{"type":"Feature","properties":{"n":1,"a":"metrolink"},"geometry":{"type":"LineString","coordinates":[[-118.2319,34.0937],[-118.2314,34.0935]]}},{"type":"Feature","properties":{"n":1,"a":"metrolink"},"geometry":{"type":"LineString","coordinates":[[-117.2615,33.865],[-117.2621,33.867]]}},{"type":"Feature","properties":{"n":1,"a":"metrolink"},"geometry":{"type":"LineString","coordinates":[[-118.2286,34.0911],[-118.2288,34.0914]]}},{"type":"Feature","properties":{"n":1,"a":"metrolink"},"geometry":{"type":"LineString","coordinates":[[-118.2349,34.0946],[-118.2319,34.0938]]}},{"type":"Feature","properties":{"n":1,"a":"metrolink"},"geometry":{"type":"LineString","coordinates":[[-118.226,34.0589],[-118.2249,34.0568],[-118.2212,34.0555],[-118.2139,34.0568],[-118.2073,34.0544],[-118.2041,34.0549]]}},{"type":"Feature","properties":{"n":1,"a":"metrolink"},"geometry":{"type":"LineString","coordinates":[[-118.2299,34.0925],[-118.2279,34.0905]]}},{"type":"Feature","properties":{"n":1,"a":"metrolink"},"geometry":{"type":"LineString","coordinates":[[-118.2269,34.0832],[-118.2263,34.0867],[-118.2276,34.09]]}},{"type":"Feature","properties":{"n":1,"a":"metrolink"},"geometry":{"type":"LineString","coordinates":[[-118.226,34.0796],[-118.2267,34.0814],[-118.226,34.0863],[-118.2267,34.0891],[-118.2294,34.0926],[-118.2331,34.0944],[-118.2356,34.0946],[-118.2349,34.0946]]}},{"type":"Feature","properties":{"n":1,"a":"metrolink"},"geometry":{"type":"LineString","coordinates":[[-118.2276,34.09],[-118.2279,34.0905]]}},{"type":"Feature","properties":{"n":1,"a":"metrolink"},"geometry":{"type":"LineString","coordinates":[[-118.2319,34.0938],[-118.2314,34.0935]]}},{"type":"Feature","properties":{"n":1,"a":"metrolink"},"geometry":{"type":"LineString","coordinates":[[-118.2269,34.0842],[-118.2274,34.0887]]}},{"type":"Feature","properties":{"n":1,"a":"metrolink"},"geometry":{"type":"LineString","coordinates":[[-118.2286,34.0911],[-118.228,34.0903]]}},{"type":"Feature","properties":{"n":1,"a":"metrolink"},"geometry":{"type":"LineString","coordinates":[[-118.2269,34.0836],[-118.2275,34.088]]}},{"type":"Feature","properties":{"n":1,"a":"metrolink"},"geometry":{"type":"LineString","coordinates":[[-118.2269,34.0829],[-118.2269,34.0832]]}},{"type":"Feature","properties":{"n":1,"a":"metrolink"},"geometry":{"type":"LineString","coordinates":[[-118.2286,34.0911],[-118.2279,34.0905]]}},{"type":"Feature","properties":{"n":1,"a":"metrolink"},"geometry":{"type":"LineString","coordinates":[[-118.2268,34.0847],[-118.2272,34.0886]]}},{"type":"Feature","properties":{"n":1,"a":"metrolink"},"geometry":{"type":"LineString","coordinates":[[-118.2268,34.0847],[-118.2272,34.0886]]}},{"type":"Feature","properties":{"n":1,"a":"metrolink"},"geometry":{"type":"LineString","coordinates":[[-118.2268,34.0841],[-118.2265,34.0869],[-118.2273,34.0895]]}},{"type":"Feature","properties":{"n":1,"a":"metrolink"},"geometry":{"type":"LineString","coordinates":[[-118.2299,34.0925],[-118.2288,34.0914]]}},{"type":"Feature","properties":{"n":1,"a":"metrolink"},"geometry":{"type":"LineString","coordinates":[[-118.2293,34.092],[-118.2288,34.0914]]}},{"type":"Feature","properties":{"n":1,"a":"metrolink"},"geometry":{"type":"LineString","coordinates":[[-118.2319,34.0938],[-118.2296,34.0924]]}},{"type":"Feature","properties":{"n":1,"a":"metrolink"},"geometry":{"type":"LineString","coordinates":[[-118.2314,34.0935],[-118.2311,34.0934]]}},{"type":"Feature","properties":{"n":1,"a":"metrolink"},"geometry":{"type":"LineString","coordinates":[[-118.2272,34.0888],[-118.2273,34.0891]]}},{"type":"Feature","properties":{"n":1,"a":"metrolink"},"geometry":{"type":"LineString","coordinates":[[-118.2268,34.087],[-118.2272,34.0888]]}},{"type":"Feature","properties":{"n":1,"a":"metrolink"},"geometry":{"type":"LineString","coordinates":[[-117.2693,33.8835],[-117.2694,33.8838],[-117.2695,33.884],[-117.2723,33.8904],[-117.2771,33.9013],[-117.2815,33.9063],[-117.2878,33.9132],[-117.2893,33.915],[-117.2899,33.9167],[-117.2891,33.9214],[-117.2893,33.9279],[-117.2902,33.9321],[-117.2932,33.9363],[-117.2942,33.9406],[-117.2975,33.9442],[-117.298,33.9467],[-117.2988,33.9484],[-117.3006,33.9502],[-117.3047,33.956],[-117.3068,33.9583],[-117.31,33.9605],[-117.3113,33.9625],[-117.3107,33.9652],[-117.3111,33.9672],[-117.3099,33.9687],[-117.3088,33.9713],[-117.3092,33.9747],[-117.3086,33.9785],[-117.309,33.9794],[-117.3103,33.9801],[-117.3131,33.9797],[-117.3196,33.9799],[-117.3239,33.9816],[-117.3297,33.9867],[-117.3335,33.9918],[-117.3345,33.9944],[-117.3345,33.9972]]}},{"type":"Feature","properties":{"n":1,"a":"metrolink"},"geometry":{"type":"LineString","coordinates":[[-118.2273,34.0891],[-118.228,34.0903]]}},{"type":"Feature","properties":{"n":1,"a":"metrolink"},"geometry":{"type":"LineString","coordinates":[[-118.2269,34.0832],[-118.2264,34.0865],[-118.2273,34.0895]]}},{"type":"Feature","properties":{"n":1,"a":"metrolink"},"geometry":{"type":"LineString","coordinates":[[-118.2269,34.0839],[-118.2268,34.0849]]}},{"type":"Feature","properties":{"n":1,"a":"metrolink"},"geometry":{"type":"LineString","coordinates":[[-118.2269,34.0834],[-118.2268,34.0841]]}},{"type":"Feature","properties":{"n":1,"a":"metrolink"},"geometry":{"type":"LineString","coordinates":[[-118.2319,34.0937],[-118.2289,34.091],[-118.2279,34.0898],[-118.2276,34.0884]]}},{"type":"Feature","properties":{"n":1,"a":"metrolink"},"geometry":{"type":"LineString","coordinates":[[-118.2274,34.0887],[-118.2275,34.0891]]}},{"type":"Feature","properties":{"n":1,"a":"metrolink"},"geometry":{"type":"LineString","coordinates":[[-118.2269,34.087],[-118.2272,34.0888]]}},{"type":"Feature","properties":{"n":1,"a":"metrolink"},"geometry":{"type":"LineString","coordinates":[[-118.2349,34.0946],[-118.2319,34.0937]]}},{"type":"Feature","properties":{"n":1,"a":"metrolink"},"geometry":{"type":"LineString","coordinates":[[-118.2272,34.0886],[-118.2273,34.0891]]}},{"type":"Feature","properties":{"n":1,"a":"metrolink"},"geometry":{"type":"LineString","coordinates":[[-118.2268,34.0841],[-118.2268,34.0847]]}},{"type":"Feature","properties":{"n":1,"a":"metrolink"},"geometry":{"type":"LineString","coordinates":[[-118.2269,34.0842],[-118.2274,34.0887]]}},{"type":"Feature","properties":{"n":1,"a":"metrolink"},"geometry":{"type":"LineString","coordinates":[[-117.3645,33.9813],[-117.3615,33.9857],[-117.3593,33.9865],[-117.3511,33.987],[-117.3434,33.9919],[-117.3406,33.9938],[-117.3345,33.9971]]}},{"type":"Feature","properties":{"n":1,"a":"metrolink"},"geometry":{"type":"LineString","coordinates":[[-118.2269,34.0839],[-118.2269,34.0842]]}},{"type":"Feature","properties":{"n":1,"a":"metrolink"},"geometry":{"type":"LineString","coordinates":[[-118.2269,34.0836],[-118.2269,34.0839]]}},{"type":"Feature","properties":{"n":1,"a":"metrolink"},"geometry":{"type":"LineString","coordinates":[[-118.2275,34.088],[-118.2275,34.0891]]}},{"type":"Feature","properties":{"n":1,"a":"metrolink"},"geometry":{"type":"LineString","coordinates":[[-118.2269,34.0834],[-118.2269,34.0836]]}},{"type":"Feature","properties":{"n":1,"a":"metrolink"},"geometry":{"type":"LineString","coordinates":[[-118.2273,34.0895],[-118.2276,34.09]]}},{"type":"Feature","properties":{"n":1,"a":"metrolink"},"geometry":{"type":"LineString","coordinates":[[-117.2691,33.883],[-117.2693,33.8835]]}},{"type":"Feature","properties":{"n":1,"a":"metrolink"},"geometry":{"type":"LineString","coordinates":[[-118.2275,34.088],[-118.2276,34.0884]]}},{"type":"Feature","properties":{"n":1,"a":"metrolink"},"geometry":{"type":"LineString","coordinates":[[-118.2311,34.0934],[-118.2299,34.0925]]}},{"type":"Feature","properties":{"n":1,"a":"metrolink"},"geometry":{"type":"LineString","coordinates":[[-117.1796,33.7482],[-117.2038,33.7628],[-117.2178,33.7713],[-117.2289,33.778],[-117.2297,33.7798],[-117.2294,33.7826],[-117.2293,33.7844],[-117.2289,33.7889],[-117.2292,33.7912],[-117.2391,33.814],[-117.2405,33.8173],[-117.2475,33.8335],[-117.2486,33.8359],[-117.2496,33.8382],[-117.253,33.846],[-117.2546,33.8497],[-117.2579,33.8573],[-117.2587,33.8592],[-117.2609,33.8627],[-117.2615,33.865]]}},{"type":"Feature","properties":{"n":1,"a":"metrolink"},"geometry":{"type":"LineString","coordinates":[[-118.2041,34.0549],[-118.199,34.056],[-118.1857,34.056],[-118.1832,34.0567],[-118.1713,34.0622],[-118.1679,34.0626],[-118.1616,34.0629],[-118.1468,34.0707],[-118.1446,34.0714],[-118.1424,34.0715],[-118.0725,34.0723],[-118.0516,34.0725],[-118.0457,34.0731],[-118.0402,34.0779],[-118.0384,34.0783],[-118.037,34.0777],[-118.0355,34.0769],[-118.0312,34.0739],[-118.0226,34.0681],[-118.002,34.054],[-118.0013,34.0535],[-118.0007,34.0531],[-117.9967,34.0505],[-117.9942,34.0507],[-117.9827,34.0624],[-117.9796,34.0656],[-117.9582,34.0858],[-117.9531,34.0906],[-117.9511,34.0918],[-117.9488,34.0924],[-117.9427,34.0925],[-117.9335,34.0923],[-117.8888,34.0921],[-117.8826,34.0921],[-117.8701,34.0923],[-117.849,34.0993],[-117.8427,34.1012],[-117.8354,34.1012],[-117.8106,34.1012],[-117.7918,34.1011],[-117.7808,34.0986],[-117.7706,34.0959],[-117.7654,34.0961],[-117.7631,34.0956],[-117.7563,34.0939],[-117.7531,34.0936],[-117.7302,34.0938],[-117.7168,34.0939],[-117.7048,34.0939],[-117.6957,34.0939],[-117.6904,34.0939],[-117.6474,34.0944],[-117.6398,34.0944],[-117.6286,34.0925],[-117.6109,34.0926],[-117.5948,34.092],[-117.5928,34.092],[-117.561,34.0919],[-117.5607,34.0919],[-117.5591,34.092],[-117.5542,34.0921],[-117.549,34.0922],[-117.5393,34.0925],[-117.5355,34.0926],[-117.5337,34.0926],[-117.5323,34.0927],[-117.5226,34.0929],[-117.5219,34.093],[-117.5177,34.0931],[-117.515,34.0931],[-117.4962,34.0936],[-117.495,34.0937],[-117.4946,34.0937],[-117.4649,34.0944],[-117.4645,34.0944],[-117.4631,34.0945],[-117.4372,34.0951],[-117.4089,34.0958],[-117.3848,34.0964],[-117.3799,34.0966],[-117.3728,34.0967],[-117.3499,34.0974],[-117.3448,34.0988],[-117.3397,34.1014],[-117.3346,34.1042],[-117.332,34.1046]]}},{"type":"Feature","properties":{"n":1,"a":"metrolink"},"geometry":{"type":"LineString","coordinates":[[-118.2262,34.0596],[-118.2259,34.0557],[-118.2284,34.052],[-118.2293,34.0486],[-118.2294,34.0473],[-118.2246,34.0257],[-118.2241,34.0235],[-118.2231,34.0218],[-118.2205,34.0195],[-118.2183,34.0188],[-118.2155,34.0183],[-118.211,34.0166],[-118.2092,34.0159],[-118.2065,34.0149],[-118.2012,34.0136],[-118.2008,34.0136],[-118.1915,34.0128],[-118.1777,34.0116],[-118.1761,34.0115],[-118.1707,34.011],[-118.1704,34.011],[-118.17,34.0109],[-118.1644,34.0105],[-118.1589,34.01],[-118.1579,34.0099],[-118.1577,34.0099],[-118.132,34.0077],[-118.1256,34.0071],[-118.12,34.0066],[-118.1083,34.0057],[-118.0897,34.0051],[-118.0783,34.003],[-118.0687,34.0042],[-118.0647,34.0055],[-118.0604,34.0081],[-118.0497,34.0154],[-118.031,34.0281],[-118.0277,34.0297],[-118.0058,34.0319],[-118.0027,34.0314],[-117.9972,34.0292],[-117.9897,34.0262],[-117.9734,34.0196],[-117.9731,34.0194],[-117.9724,34.0191],[-117.9687,34.0176],[-117.9641,34.0158],[-117.9531,34.0113],[-117.9515,34.0106],[-117.951,34.0104],[-117.932,34.0026],[-117.9317,34.0025],[-117.9302,34.0019],[-117.9197,33.9976],[-117.9164,33.9969],[-117.9105,33.9967],[-117.8956,33.9973],[-117.881,33.998],[-117.8774,33.9981],[-117.8666,33.9987],[-117.8629,34],[-117.8556,34.0034],[-117.8447,34.0083],[-117.8424,34.0097],[-117.8358,34.0166],[-117.8139,34.0388],[-117.8,34.0529],[-117.7975,34.0547],[-117.7944,34.0557],[-117.7768,34.0579],[-117.7703,34.0583]]}},{"type":"Feature","properties":{"n":1,"a":"metrolink"},"geometry":{"type":"LineString","coordinates":[[-117.7703,34.0583],[-117.7651,34.0586],[-117.7618,34.0587],[-117.7395,34.0592],[-117.7356,34.0592],[-117.7323,34.0593],[-117.7195,34.0596],[-117.6965,34.0599],[-117.6684,34.0601],[-117.6467,34.0602],[-117.6437,34.0602],[-117.6378,34.0592],[-117.5929,34.0443],[-117.5829,34.0409],[-117.5795,34.0398],[-117.5741,34.038],[-117.5587,34.0328],[-117.5583,34.0327],[-117.5535,34.0308],[-117.5531,34.0306],[-117.5495,34.0289],[-117.5409,34.0248],[-117.5283,34.0188],[-117.5261,34.0178],[-117.5225,34.016],[-117.5091,34.0095],[-117.4918,34.0012],[-117.4877,33.9992],[-117.4839,33.9961],[-117.4818,33.9932],[-117.4803,33.9895],[-117.4761,33.9772],[-117.4755,33.9755],[-117.4746,33.9732],[-117.4733,33.9716],[-117.4715,33.9703],[-117.4688,33.9692],[-117.4645,33.969],[-117.4439,33.9727],[-117.4397,33.9714],[-117.4346,33.9673],[-117.4339,33.9667],[-117.4239,33.9583],[-117.4216,33.9573],[-117.4192,33.9571],[-117.3909,33.9573],[-117.3886,33.9575],[-117.3866,33.9584],[-117.3832,33.9623],[-117.3783,33.965],[-117.3759,33.9671],[-117.3735,33.97]]}},{"type":"Feature","properties":{"n":1,"a":"metrolink"},"geometry":{"type":"LineString","coordinates":[[-117.8574,33.7988],[-117.8574,33.8047],[-117.8568,33.8074],[-117.8542,33.8135],[-117.8515,33.8214],[-117.8462,33.8372],[-117.8418,33.8507],[-117.8407,33.8539],[-117.8394,33.8578],[-117.838,33.8622],[-117.8379,33.8625],[-117.837,33.8648],[-117.8354,33.8666],[-117.833,33.8677],[-117.8304,33.8678]]}},{"type":"Feature","properties":{"n":1,"a":"metrolink"},"geometry":{"type":"LineString","coordinates":[[-118.3204,34.1857],[-118.3252,34.1895],[-118.3374,34.1978],[-118.3499,34.2063],[-118.372,34.2214],[-118.3733,34.2223],[-118.376,34.2242],[-118.3825,34.229],[-118.3922,34.2381],[-118.3938,34.2397],[-118.3942,34.2401],[-118.4223,34.2666],[-118.4295,34.2734],[-118.4495,34.292],[-118.4498,34.2923],[-118.4638,34.303],[-118.4715,34.309],[-118.4762,34.3126],[-118.4799,34.3135],[-118.4911,34.3155],[-118.4923,34.3163],[-118.4945,34.3191],[-118.4967,34.3202],[-118.4986,34.3209],[-118.5023,34.3236],[-118.5029,34.3269],[-118.5058,34.3326],[-118.508,34.3355],[-118.5172,34.3538],[-118.5184,34.3567],[-118.5235,34.3626],[-118.5237,34.3641],[-118.5223,34.373],[-118.5272,34.3799],[-118.5298,34.3832],[-118.5384,34.3946],[-118.5386,34.396],[-118.538,34.3992],[-118.5403,34.4112],[-118.5404,34.4122],[-118.5418,34.419],[-118.5414,34.4207],[-118.5401,34.4217],[-118.5387,34.4219],[-118.5348,34.4206],[-118.5327,34.4195],[-118.5311,34.4173],[-118.5281,34.4148],[-118.5251,34.4135],[-118.5218,34.4128],[-118.5194,34.4144],[-118.5143,34.4154],[-118.5056,34.4194],[-118.4919,34.4213],[-118.4881,34.4213],[-118.4853,34.4204],[-118.474,34.4103],[-118.4702,34.4089],[-118.4667,34.4088],[-118.4575,34.4093],[-118.4397,34.4105],[-118.4367,34.4114],[-118.4333,34.4135],[-118.4268,34.4174],[-118.4207,34.4193],[-118.416,34.423],[-118.4143,34.4233],[-118.4062,34.423],[-118.4043,34.4239],[-118.4014,34.4262],[-118.3955,34.4271],[-118.3903,34.4303],[-118.3879,34.4304],[-118.3851,34.4294],[-118.3833,34.4286],[-118.3818,34.4287],[-118.3804,34.4294],[-118.3782,34.4317],[-118.3758,34.4329],[-118.3732,34.4337],[-118.3687,34.4341],[-118.3662,34.4339],[-118.3635,34.4324],[-118.36,34.4321],[-118.3532,34.4297],[-118.3512,34.4284],[-118.3499,34.4283],[-118.3485,34.4292],[-118.3479,34.432],[-118.347,34.4331],[-118.3414,34.4351],[-118.3383,34.4371],[-118.3284,34.439],[-118.324,34.4407],[-118.3198,34.4395],[-118.3143,34.4406],[-118.3083,34.4424],[-118.3053,34.442],[-118.3028,34.4404],[-118.3007,34.4399],[-118.2995,34.4403],[-118.2977,34.4419],[-118.2963,34.4423],[-118.294,34.4414],[-118.2918,34.4414],[-118.2891,34.4401],[-118.2865,34.4414],[-118.2818,34.4422],[-118.2806,34.4418],[-118.2791,34.4402],[-118.2749,34.4392],[-118.2722,34.4401],[-118.2669,34.4398],[-118.2631,34.4406],[-118.258,34.4407],[-118.2538,34.4418],[-118.2519,34.4414],[-118.2466,34.4381],[-118.241,34.4385],[-118.2394,34.4386],[-118.2375,34.4375],[-118.2348,34.4372],[-118.2303,34.4374],[-118.2253,34.4387],[-118.2203,34.4376],[-118.2173,34.439],[-118.216,34.44],[-118.2146,34.4427],[-118.212,34.4458],[-118.2026,34.4508],[-118.2,34.4541],[-118.1975,34.4561],[-118.1969,34.4576],[-118.1971,34.4604],[-118.1964,34.4656],[-118.1953,34.4675],[-118.1938,34.4688],[-118.1905,34.4707],[-118.1863,34.4717],[-118.1824,34.4718],[-118.1772,34.4711],[-118.1753,34.4714],[-118.1704,34.4757],[-118.1604,34.4802],[-118.1527,34.4797],[-118.1413,34.4826],[-118.1269,34.4918],[-118.1239,34.494],[-118.1201,34.4957],[-118.1182,34.4979],[-118.1162,34.5013],[-118.1129,34.5061],[-118.111,34.5083],[-118.1084,34.5105],[-118.1059,34.5146],[-118.097,34.5186],[-118.0946,34.521],[-118.0907,34.523],[-118.0897,34.5248],[-118.0901,34.5265],[-118.0912,34.5276],[-118.0965,34.5291],[-118.0982,34.5301],[-118.1026,34.5351],[-118.1091,34.5441],[-118.1144,34.552],[-118.1145,34.5554],[-118.1155,34.5591],[-118.1149,34.5634],[-118.1155,34.5672]]}},{"type":"Feature","properties":{"n":1,"a":"metrolink"},"geometry":{"type":"LineString","coordinates":[[-118.1155,34.5672],[-118.1192,34.5907],[-118.1352,34.6914],[-118.1363,34.6979]]}},{"type":"Feature","properties":{"n":1,"a":"metrolink"},"geometry":{"type":"LineString","coordinates":[[-117.332,34.1046],[-117.3312,34.1046],[-117.3301,34.1045],[-117.3285,34.1044],[-117.3279,34.1041],[-117.3269,34.1026],[-117.3269,34.1024],[-117.3269,34.1018],[-117.3267,34.101]]}},{"type":"Feature","properties":{"n":1,"a":"metrolink"},"geometry":{"type":"LineString","coordinates":[[-118.2268,34.0623],[-118.2255,34.0628],[-118.2251,34.0641]]}},{"type":"Feature","properties":{"n":1,"a":"metrolink"},"geometry":{"type":"LineString","coordinates":[[-118.2262,34.0596],[-118.2262,34.0602]]}},{"type":"Feature","properties":{"n":1,"a":"metrolink"},"geometry":{"type":"LineString","coordinates":[[-119.206,34.2502],[-119.2032,34.2507],[-119.1997,34.2512],[-119.2002,34.2511],[-119.2014,34.2504],[-119.2018,34.2496],[-119.2013,34.2474],[-119.2005,34.2466]]}},{"type":"Feature","properties":{"n":1,"a":"metrolink"},"geometry":{"type":"LineString","coordinates":[[-118.226,34.0589],[-118.2262,34.0596]]}},{"type":"Feature","properties":{"n":1,"a":"metrolink"},"geometry":{"type":"LineString","coordinates":[[-117.2615,33.865],[-117.2693,33.8835]]}},{"type":"Feature","properties":{"n":1,"a":"metrolink"},"geometry":{"type":"LineString","coordinates":[[-118.1155,34.5672],[-118.1158,34.5695]]}},{"type":"Feature","properties":{"n":1,"a":"metrolink"},"geometry":{"type":"LineString","coordinates":[[-118.2251,34.0641],[-118.2251,34.0646]]}},{"type":"Feature","properties":{"n":1,"a":"metrolink"},"geometry":{"type":"LineString","coordinates":[[-118.2251,34.0641],[-118.2243,34.0629],[-118.2229,34.0627]]}},{"type":"Feature","properties":{"n":1,"a":"metrolink"},"geometry":{"type":"LineString","coordinates":[[-117.3115,34.1046],[-117.3051,34.1047],[-117.3044,34.104],[-117.304,34.1017],[-117.3028,34.1004],[-117.3014,34.0998],[-117.2981,34.0998]]}},{"type":"Feature","properties":{"n":1,"a":"metrolink"},"geometry":{"type":"LineString","coordinates":[[-118.2262,34.0602],[-118.2263,34.0615],[-118.2251,34.0646]]}},{"type":"Feature","properties":{"n":1,"a":"metrolink"},"geometry":{"type":"LineString","coordinates":[[-118.226,34.0589],[-118.2249,34.0569],[-118.2213,34.0556],[-118.2142,34.0569],[-118.2072,34.0544],[-118.2041,34.0549]]}},{"type":"Feature","properties":{"n":1,"a":"metrolink"},"geometry":{"type":"LineString","coordinates":[[-117.8599,33.7973],[-117.8582,33.7975],[-117.8574,33.7988]]}},{"type":"Feature","properties":{"n":1,"a":"metrolink"},"geometry":{"type":"LineString","coordinates":[[-118.2302,34.0619],[-118.2275,34.0619],[-118.2267,34.0614],[-118.2262,34.0602]]}},{"type":"Feature","properties":{"n":1,"a":"metrolink"},"geometry":{"type":"LineString","coordinates":[[-117.7703,34.0583],[-117.7551,34.0587]]}},{"type":"Feature","properties":{"n":1,"a":"metrolink"},"geometry":{"type":"LineString","coordinates":[[-117.8574,33.7941],[-117.8574,33.7988]]}},{"type":"Feature","properties":{"n":1,"a":"metrolink"},"geometry":{"type":"LineString","coordinates":[[-117.3143,34.1045],[-117.3126,34.1046]]}},{"type":"Feature","properties":{"n":1,"a":"metrolink"},"geometry":{"type":"LineString","coordinates":[[-118.2251,34.0646],[-118.2239,34.0673],[-118.224,34.0699],[-118.226,34.0796]]}},{"type":"Feature","properties":{"n":1,"a":"metrolink"},"geometry":{"type":"LineString","coordinates":[[-117.3242,34.0786],[-117.3162,34.0985],[-117.316,34.1035],[-117.3143,34.1045]]}},{"type":"Feature","properties":{"n":1,"a":"metrolink"},"geometry":{"type":"LineString","coordinates":[[-117.332,34.1046],[-117.3248,34.105],[-117.3203,34.1042],[-117.3143,34.1045]]}},{"type":"Feature","properties":{"n":2,"a":"amtrak","b":"caltrain"},"geometry":{"type":"LineString","coordinates":[[-121.9085,37.3382],[-121.9083,37.338]]}},{"type":"Feature","properties":{"n":2,"a":"amtrak","b":"caltrain"},"geometry":{"type":"LineString","coordinates":[[-121.9082,37.3377],[-121.9079,37.3374]]}},{"type":"Feature","properties":{"n":2,"a":"amtrak","b":"caltrain"},"geometry":{"type":"LineString","coordinates":[[-121.9118,37.3409],[-121.9102,37.3401]]}},{"type":"Feature","properties":{"n":2,"a":"amtrak","b":"caltrain"},"geometry":{"type":"LineString","coordinates":[[-121.922,37.3462],[-121.9196,37.345],[-121.914,37.3421]]}},{"type":"Feature","properties":{"n":2,"a":"amtrak","b":"caltrain"},"geometry":{"type":"LineString","coordinates":[[-121.9078,37.3374],[-121.908,37.3377]]}},{"type":"Feature","properties":{"n":2,"a":"amtrak","b":"caltrain"},"geometry":{"type":"LineString","coordinates":[[-121.9084,37.3386],[-121.9085,37.3388]]}},{"type":"Feature","properties":{"n":2,"a":"amtrak","b":"caltrain"},"geometry":{"type":"LineString","coordinates":[[-121.9079,37.3374],[-121.9076,37.3371]]}},{"type":"Feature","properties":{"n":2,"a":"amtrak","b":"caltrain"},"geometry":{"type":"LineString","coordinates":[[-121.9112,37.3408],[-121.9085,37.3388]]}},{"type":"Feature","properties":{"n":2,"a":"amtrak","b":"caltrain"},"geometry":{"type":"LineString","coordinates":[[-121.909,37.3391],[-121.9084,37.3383]]}},{"type":"Feature","properties":{"n":2,"a":"amtrak","b":"caltrain"},"geometry":{"type":"LineString","coordinates":[[-121.9083,37.338],[-121.908,37.3377]]}},{"type":"Feature","properties":{"n":2,"a":"amtrak","b":"caltrain"},"geometry":{"type":"LineString","coordinates":[[-121.9114,37.3406],[-121.9082,37.3377]]}},{"type":"Feature","properties":{"n":2,"a":"amtrak","b":"caltrain"},"geometry":{"type":"LineString","coordinates":[[-121.9317,37.3509],[-121.9242,37.3471]]}},{"type":"Feature","properties":{"n":2,"a":"amtrak","b":"caltrain"},"geometry":{"type":"LineString","coordinates":[[-121.9152,37.3426],[-121.9146,37.3424]]}},{"type":"Feature","properties":{"n":2,"a":"amtrak","b":"caltrain"},"geometry":{"type":"LineString","coordinates":[[-121.9378,37.3542],[-121.922,37.3462]]}},{"type":"Feature","properties":{"n":2,"a":"amtrak","b":"caltrain"},"geometry":{"type":"LineString","coordinates":[[-121.9093,37.339],[-121.9085,37.3382]]}},{"type":"Feature","properties":{"n":2,"a":"amtrak","b":"caltrain"},"geometry":{"type":"LineString","coordinates":[[-121.9114,37.3406],[-121.9079,37.3374]]}},{"type":"Feature","properties":{"n":2,"a":"amtrak","b":"caltrain"},"geometry":{"type":"LineString","coordinates":[[-121.9078,37.3374],[-121.9084,37.3386]]}},{"type":"Feature","properties":{"n":2,"a":"amtrak","b":"caltrain"},"geometry":{"type":"LineString","coordinates":[[-121.9227,37.3466],[-121.922,37.3462]]}},{"type":"Feature","properties":{"n":2,"a":"amtrak","b":"caltrain"},"geometry":{"type":"LineString","coordinates":[[-121.9395,37.3549],[-121.9378,37.3542]]}},{"type":"Feature","properties":{"n":2,"a":"amtrak","b":"caltrain"},"geometry":{"type":"LineString","coordinates":[[-121.913,37.3414],[-121.912,37.3409]]}},{"type":"Feature","properties":{"n":2,"a":"amtrak","b":"caltrain"},"geometry":{"type":"LineString","coordinates":[[-121.9112,37.3408],[-121.9085,37.3388]]}},{"type":"Feature","properties":{"n":2,"a":"amtrak","b":"caltrain"},"geometry":{"type":"LineString","coordinates":[[-121.9117,37.3407],[-121.9085,37.3379]]}},{"type":"Feature","properties":{"n":2,"a":"amtrak","b":"caltrain"},"geometry":{"type":"LineString","coordinates":[[-121.9076,37.3371],[-121.9055,37.3353]]}},{"type":"Feature","properties":{"n":2,"a":"amtrak","b":"caltrain"},"geometry":{"type":"LineString","coordinates":[[-121.9378,37.3542],[-121.9362,37.3536]]}},{"type":"Feature","properties":{"n":2,"a":"amtrak","b":"caltrain"},"geometry":{"type":"LineString","coordinates":[[-121.912,37.3409],[-121.9085,37.3379]]}},{"type":"Feature","properties":{"n":2,"a":"amtrak","b":"caltrain"},"geometry":{"type":"LineString","coordinates":[[-121.933,37.3517],[-121.9317,37.3509]]}},{"type":"Feature","properties":{"n":2,"a":"amtrak","b":"caltrain"},"geometry":{"type":"LineString","coordinates":[[-121.912,37.3409],[-121.9117,37.3407]]}},{"type":"Feature","properties":{"n":2,"a":"amtrak","b":"caltrain"},"geometry":{"type":"LineString","coordinates":[[-121.9362,37.3536],[-121.9227,37.3466]]}},{"type":"Feature","properties":{"n":2,"a":"amtrak","b":"caltrain"},"geometry":{"type":"LineString","coordinates":[[-121.9083,37.338],[-121.9084,37.3383]]}},{"type":"Feature","properties":{"n":2,"a":"amtrak","b":"caltrain"},"geometry":{"type":"LineString","coordinates":[[-121.9076,37.3371],[-121.9078,37.3374]]}},{"type":"Feature","properties":{"n":2,"a":"amtrak","b":"caltrain"},"geometry":{"type":"LineString","coordinates":[[-121.9152,37.3426],[-121.913,37.3414]]}},{"type":"Feature","properties":{"n":2,"a":"amtrak","b":"caltrain"},"geometry":{"type":"LineString","coordinates":[[-121.9114,37.3407],[-121.911,37.3405]]}},{"type":"Feature","properties":{"n":2,"a":"amtrak","b":"caltrain"},"geometry":{"type":"LineString","coordinates":[[-121.9029,37.3264],[-121.9032,37.3313]]}},{"type":"Feature","properties":{"n":2,"a":"amtrak","b":"caltrain"},"geometry":{"type":"LineString","coordinates":[[-121.9317,37.3509],[-121.9242,37.3471]]}},{"type":"Feature","properties":{"n":2,"a":"amtrak","b":"caltrain"},"geometry":{"type":"LineString","coordinates":[[-121.911,37.3405],[-121.9084,37.3383]]}},{"type":"Feature","properties":{"n":2,"a":"amtrak","b":"caltrain"},"geometry":{"type":"LineString","coordinates":[[-121.9084,37.3386],[-121.908,37.3381]]}},{"type":"Feature","properties":{"n":2,"a":"amtrak","b":"caltrain"},"geometry":{"type":"LineString","coordinates":[[-121.9085,37.3379],[-121.9082,37.3377]]}},{"type":"Feature","properties":{"n":2,"a":"amtrak","b":"caltrain"},"geometry":{"type":"LineString","coordinates":[[-121.9117,37.3407],[-121.9114,37.3406]]}},{"type":"Feature","properties":{"n":2,"a":"amtrak","b":"caltrain"},"geometry":{"type":"LineString","coordinates":[[-121.9127,37.3413],[-121.9118,37.3409]]}},{"type":"Feature","properties":{"n":2,"a":"amtrak","b":"caltrain"},"geometry":{"type":"LineString","coordinates":[[-121.913,37.3414],[-121.9127,37.3413]]}},{"type":"Feature","properties":{"n":2,"a":"amtrak","b":"caltrain"},"geometry":{"type":"LineString","coordinates":[[-121.9127,37.3413],[-121.9112,37.3408]]}},{"type":"Feature","properties":{"n":2,"a":"amtrak","b":"caltrain"},"geometry":{"type":"LineString","coordinates":[[-121.9114,37.3407],[-121.908,37.3377]]}},{"type":"Feature","properties":{"n":2,"a":"amtrak","b":"caltrain"},"geometry":{"type":"LineString","coordinates":[[-121.9029,37.3281],[-121.9032,37.3313]]}},{"type":"Feature","properties":{"n":2,"a":"amtrak","b":"caltrain"},"geometry":{"type":"LineString","coordinates":[[-121.9362,37.3536],[-121.9227,37.3466]]}},{"type":"Feature","properties":{"n":2,"a":"amtrak","b":"caltrain"},"geometry":{"type":"LineString","coordinates":[[-121.9032,37.3313],[-121.9033,37.3317]]}},{"type":"Feature","properties":{"n":2,"a":"amtrak","b":"caltrain"},"geometry":{"type":"LineString","coordinates":[[-121.9118,37.3409],[-121.9114,37.3407]]}},{"type":"Feature","properties":{"n":2,"a":"amtrak","b":"caltrain"},"geometry":{"type":"LineString","coordinates":[[-121.911,37.3405],[-121.9085,37.3382]]}},{"type":"Feature","properties":{"n":2,"a":"amtrak","b":"caltrain"},"geometry":{"type":"LineString","coordinates":[[-121.9242,37.3471],[-121.9156,37.3428],[-121.9152,37.3426]]}},{"type":"Feature","properties":{"n":2,"a":"amtrak","b":"caltrain"},"geometry":{"type":"LineString","coordinates":[[-121.9029,37.3264],[-121.9028,37.3256],[-121.9021,37.3228],[-121.8985,37.3194],[-121.8964,37.3185],[-121.8897,37.3178],[-121.8881,37.3169],[-121.8862,37.3146],[-121.8829,37.3106],[-121.8826,37.3102],[-121.8781,37.3046],[-121.8754,37.3013],[-121.8728,37.2982],[-121.8692,37.2953],[-121.8657,37.2936],[-121.8582,37.2911],[-121.8514,37.2889],[-121.8453,37.2867],[-121.8417,37.2838],[-121.8405,37.2827],[-121.8314,37.2738],[-121.8178,37.2646],[-121.7974,37.2523],[-121.7698,37.2358],[-121.7527,37.2271],[-121.7498,37.2252],[-121.7385,37.2148],[-121.7323,37.2094],[-121.7058,37.1836],[-121.6841,37.1624],[-121.6503,37.1294],[-121.6429,37.1222],[-121.6204,37.1002],[-121.6166,37.0964],[-121.6106,37.0861],[-121.6002,37.0685],[-121.5905,37.0506],[-121.5822,37.0345],[-121.5775,37.0252],[-121.5743,37.019],[-121.5708,37.0137],[-121.5686,37.009]]}},{"type":"Feature","properties":{"n":2,"a":"amtrak","b":"caltrain"},"geometry":{"type":"LineString","coordinates":[[-121.9029,37.3281],[-121.9029,37.3299]]}},{"type":"Feature","properties":{"n":2,"a":"amtrak","b":"caltrain"},"geometry":{"type":"LineString","coordinates":[[-121.9029,37.3264],[-121.9029,37.3281]]}},{"type":"Feature","properties":{"n":1,"a":"caltrain"},"geometry":{"type":"LineString","coordinates":[[-122.4032,37.6577],[-122.4031,37.658],[-122.4028,37.6582]]}},{"type":"Feature","properties":{"n":1,"a":"caltrain"},"geometry":{"type":"LineString","coordinates":[[-121.8811,37.3081],[-121.8813,37.3084]]}},{"type":"Feature","properties":{"n":1,"a":"caltrain"},"geometry":{"type":"LineString","coordinates":[[-121.5674,37.0061],[-121.5686,37.009]]}},{"type":"Feature","properties":{"n":1,"a":"caltrain"},"geometry":{"type":"LineString","coordinates":[[-121.8807,37.3077],[-121.8789,37.3053]]}},{"type":"Feature","properties":{"n":1,"a":"caltrain"},"geometry":{"type":"LineString","coordinates":[[-122.2199,37.4786],[-122.2176,37.4772]]}},{"type":"Feature","properties":{"n":1,"a":"caltrain"},"geometry":{"type":"LineString","coordinates":[[-121.8813,37.3084],[-121.8826,37.3102]]}},{"type":"Feature","properties":{"n":1,"a":"caltrain"},"geometry":{"type":"LineString","coordinates":[[-122.4018,37.6993],[-122.4018,37.7037]]}},{"type":"Feature","properties":{"n":1,"a":"caltrain"},"geometry":{"type":"LineString","coordinates":[[-122.2176,37.4772],[-122.2126,37.474]]}},{"type":"Feature","properties":{"n":1,"a":"caltrain"},"geometry":{"type":"LineString","coordinates":[[-122.2173,37.477],[-122.2132,37.4745]]}},{"type":"Feature","properties":{"n":1,"a":"caltrain"},"geometry":{"type":"LineString","coordinates":[[-121.8862,37.3146],[-121.8843,37.312],[-121.8838,37.3114],[-121.8829,37.3106]]}},{"type":"Feature","properties":{"n":1,"a":"caltrain"},"geometry":{"type":"LineString","coordinates":[[-122.4018,37.6993],[-122.402,37.6997],[-122.4018,37.7037]]}},{"type":"Feature","properties":{"n":1,"a":"caltrain"},"geometry":{"type":"LineString","coordinates":[[-121.5659,37.0027],[-121.5658,37.0023],[-121.5668,37.0046],[-121.5672,37.0058]]}},{"type":"Feature","properties":{"n":1,"a":"caltrain"},"geometry":{"type":"LineString","coordinates":[[-122.2188,37.4779],[-122.2065,37.4701]]}},{"type":"Feature","properties":{"n":1,"a":"caltrain"},"geometry":{"type":"LineString","coordinates":[[-121.5659,37.0027],[-121.566,37.0031]]}},{"type":"Feature","properties":{"n":1,"a":"caltrain"},"geometry":{"type":"LineString","coordinates":[[-122.4028,37.6582],[-122.399,37.6623]]}},{"type":"Feature","properties":{"n":1,"a":"caltrain"},"geometry":{"type":"LineString","coordinates":[[-121.5659,37.0027],[-121.5672,37.0058]]}},{"type":"Feature","properties":{"n":1,"a":"caltrain"},"geometry":{"type":"LineString","coordinates":[[-122.399,37.6623],[-122.3978,37.6633]]}},{"type":"Feature","properties":{"n":1,"a":"caltrain"},"geometry":{"type":"LineString","coordinates":[[-121.5672,37.0058],[-121.5674,37.0061]]}},{"type":"Feature","properties":{"n":1,"a":"caltrain"},"geometry":{"type":"LineString","coordinates":[[-122.2199,37.4786],[-122.2193,37.4783],[-122.219,37.4781],[-122.2181,37.4776]]}},{"type":"Feature","properties":{"n":1,"a":"caltrain"},"geometry":{"type":"LineString","coordinates":[[-122.2132,37.4745],[-122.2126,37.474]]}},{"type":"Feature","properties":{"n":1,"a":"caltrain"},"geometry":{"type":"LineString","coordinates":[[-122.2173,37.477],[-122.2132,37.4745]]}},{"type":"Feature","properties":{"n":1,"a":"caltrain"},"geometry":{"type":"LineString","coordinates":[[-121.8811,37.3081],[-121.8788,37.3051],[-121.8813,37.3084]]}},{"type":"Feature","properties":{"n":1,"a":"caltrain"},"geometry":{"type":"LineString","coordinates":[[-122.2126,37.474],[-122.2122,37.4737],[-122.2065,37.4701]]}},{"type":"Feature","properties":{"n":1,"a":"caltrain"},"geometry":{"type":"LineString","coordinates":[[-122.4028,37.6582],[-122.4026,37.6585],[-122.3995,37.6618],[-122.399,37.6623]]}},{"type":"Feature","properties":{"n":1,"a":"caltrain"},"geometry":{"type":"LineString","coordinates":[[-121.566,37.0031],[-121.5672,37.0058]]}},{"type":"Feature","properties":{"n":1,"a":"caltrain"},"geometry":{"type":"LineString","coordinates":[[-122.2181,37.4776],[-122.2176,37.4772]]}},{"type":"Feature","properties":{"n":1,"a":"caltrain"},"geometry":{"type":"LineString","coordinates":[[-121.8807,37.3077],[-121.8789,37.3054]]}},{"type":"Feature","properties":{"n":1,"a":"caltrain"},"geometry":{"type":"LineString","coordinates":[[-122.2209,37.4792],[-122.2199,37.4786]]}},{"type":"Feature","properties":{"n":1,"a":"caltrain"},"geometry":{"type":"LineString","coordinates":[[-121.8811,37.3081],[-121.8807,37.3077]]}},{"type":"Feature","properties":{"n":1,"a":"caltrain"},"geometry":{"type":"LineString","coordinates":[[-122.2181,37.4776],[-122.2173,37.477]]}},{"type":"Feature","properties":{"n":1,"a":"caltrain"},"geometry":{"type":"LineString","coordinates":[[-121.5672,37.0058],[-121.5674,37.0061]]}},{"type":"Feature","properties":{"n":1,"a":"caltrain"},"geometry":{"type":"LineString","coordinates":[[-121.566,37.0031],[-121.5665,37.0041],[-121.5672,37.0058]]}},{"type":"Feature","properties":{"n":1,"a":"caltrain"},"geometry":{"type":"LineString","coordinates":[[-122.3861,37.5993],[-122.3853,37.5986],[-122.3826,37.5962],[-122.3784,37.5942]]}},{"type":"Feature","properties":{"n":1,"a":"caltrain"},"geometry":{"type":"LineString","coordinates":[[-122.2065,37.4701],[-122.1972,37.4643],[-122.1825,37.4549],[-122.1703,37.4472],[-122.165,37.4437],[-122.1562,37.4383],[-122.1418,37.4293],[-122.1347,37.4248],[-122.1072,37.4074],[-122.1041,37.4057],[-122.098,37.4032],[-122.0898,37.3999],[-122.0761,37.3945],[-122.0626,37.3892],[-122.0314,37.3789],[-122.022,37.3758],[-122.0204,37.3753],[-122.0106,37.3728],[-122.0015,37.371],[-121.997,37.3706],[-121.9945,37.3705],[-121.9853,37.3705],[-121.9817,37.3705],[-121.9777,37.3704],[-121.974,37.3697],[-121.9595,37.3636],[-121.9395,37.3549]]}},{"type":"Feature","properties":{"n":1,"a":"caltrain"},"geometry":{"type":"LineString","coordinates":[[-122.3861,37.5993],[-122.3827,37.5962],[-122.3784,37.5942]]}},{"type":"Feature","properties":{"n":1,"a":"caltrain"},"geometry":{"type":"LineString","coordinates":[[-122.2209,37.4792],[-122.2188,37.4779]]}},{"type":"Feature","properties":{"n":1,"a":"caltrain"},"geometry":{"type":"LineString","coordinates":[[-122.4018,37.7037],[-122.4018,37.708],[-122.4018,37.7082],[-122.4015,37.7107],[-122.4014,37.7112],[-122.3968,37.7241],[-122.3948,37.7377],[-122.3925,37.7541],[-122.3925,37.7577],[-122.3932,37.7646],[-122.3945,37.7663],[-122.4001,37.771],[-122.4002,37.7721],[-122.3994,37.7729],[-122.397,37.7751],[-122.3951,37.7767]]}},{"type":"Feature","properties":{"n":1,"a":"caltrain"},"geometry":{"type":"LineString","coordinates":[[-122.3978,37.6633],[-122.3938,37.6674],[-122.3905,37.6711],[-122.3897,37.6729],[-122.3896,37.6748],[-122.3906,37.6776],[-122.3954,37.6833],[-122.399,37.6876],[-122.4008,37.6908],[-122.4017,37.6945],[-122.4018,37.6993]]}},{"type":"Feature","properties":{"n":1,"a":"caltrain"},"geometry":{"type":"LineString","coordinates":[[-122.3784,37.5942],[-122.362,37.5873],[-122.3449,37.5801],[-122.3313,37.5742],[-122.3287,37.5725],[-122.3236,37.5679],[-122.3119,37.5571],[-122.3095,37.5532],[-122.3075,37.5496],[-122.2975,37.538],[-122.2936,37.5341],[-122.2822,37.5262],[-122.2763,37.5213],[-122.2598,37.5077],[-122.2586,37.5066],[-122.2434,37.4935],[-122.2315,37.4859],[-122.2209,37.4792]]}},{"type":"Feature","properties":{"n":1,"a":"caltrain"},"geometry":{"type":"LineString","coordinates":[[-122.4018,37.6993],[-122.4018,37.7037]]}},{"type":"Feature","properties":{"n":1,"a":"caltrain"},"geometry":{"type":"LineString","coordinates":[[-122.4032,37.6577],[-122.3978,37.6633]]}},{"type":"Feature","properties":{"n":1,"a":"caltrain"},"geometry":{"type":"LineString","coordinates":[[-122.3861,37.5993],[-122.3988,37.6118],[-122.4079,37.624],[-122.4115,37.6302],[-122.4128,37.633],[-122.4131,37.642],[-122.4124,37.6461],[-122.4104,37.6497],[-122.4043,37.6566],[-122.4032,37.6577]]}},{"type":"Feature","properties":{"n":1,"a":"caltrain"},"geometry":{"type":"LineString","coordinates":[[-122.2188,37.4779],[-122.2065,37.4701]]}},{"type":"Feature","properties":{"n":1,"a":"ace"},"geometry":{"type":"LineString","coordinates":[[-121.97,37.5715],[-121.9701,37.572],[-121.9694,37.5734],[-121.9681,37.5744],[-121.9676,37.5749],[-121.9633,37.579],[-121.9629,37.5805],[-121.9631,37.5842],[-121.9626,37.5853],[-121.9565,37.5891],[-121.9516,37.5905],[-121.9339,37.5914],[-121.9323,37.5924],[-121.9304,37.5951],[-121.9246,37.5981],[-121.9213,37.5973],[-121.917,37.5938],[-121.9135,37.5926],[-121.9111,37.5927],[-121.9036,37.5951],[-121.891,37.5931],[-121.8881,37.5935],[-121.882,37.5986],[-121.8781,37.5997],[-121.8763,37.6011],[-121.8749,37.6085],[-121.8751,37.6103],[-121.876,37.6124],[-121.8805,37.6215],[-121.8808,37.6248],[-121.881,37.6264],[-121.886,37.6337],[-121.8918,37.6436],[-121.8922,37.6451],[-121.8914,37.6474],[-121.8823,37.6584],[-121.8758,37.6658],[-121.86,37.6705],[-121.854,37.6714],[-121.8278,37.6742],[-121.8089,37.6763],[-121.7915,37.6782],[-121.782,37.6808],[-121.7676,37.6851],[-121.7549,37.6872],[-121.7472,37.6899],[-121.7401,37.6929],[-121.7348,37.6948],[-121.7254,37.696],[-121.7177,37.697],[-121.7096,37.6981],[-121.7024,37.699],[-121.7002,37.6998],[-121.6985,37.7012],[-121.6952,37.7055],[-121.6937,37.7084],[-121.6954,37.7129],[-121.696,37.7207],[-121.6968,37.7231],[-121.6963,37.7246],[-121.6951,37.7254],[-121.6934,37.7257],[-121.6884,37.7234],[-121.6842,37.7238],[-121.68,37.7228],[-121.678,37.7231],[-121.6765,37.7243],[-121.6754,37.729],[-121.6724,37.733],[-121.6721,37.7348],[-121.6722,37.7381],[-121.671,37.7403],[-121.6601,37.7461],[-121.6583,37.7469],[-121.6564,37.7469],[-121.6526,37.7443],[-121.6477,37.7425],[-121.6422,37.743],[-121.6386,37.7407],[-121.6337,37.74],[-121.632,37.7382],[-121.6301,37.7325],[-121.628,37.731],[-121.6226,37.7295],[-121.6121,37.7308],[-121.6055,37.7285],[-121.5867,37.7112],[-121.5725,37.7066],[-121.5611,37.703],[-121.5594,37.7029],[-121.5571,37.7036],[-121.5533,37.7043],[-121.5471,37.7044],[-121.5421,37.7034],[-121.5352,37.7048],[-121.5253,37.7045],[-121.5115,37.7004],[-121.5034,37.7029],[-121.5016,37.7031],[-121.4999,37.7026],[-121.4915,37.6977],[-121.4849,37.6962],[-121.4463,37.6962],[-121.4329,37.6962],[-121.4301,37.6962],[-121.4162,37.6962],[-121.415,37.6962],[-121.4113,37.6964],[-121.4084,37.6974],[-121.3984,37.7042],[-121.3846,37.7139],[-121.3816,37.716],[-121.3612,37.7304],[-121.3576,37.7329],[-121.3278,37.7539],[-121.3063,37.7773],[-121.3032,37.7788],[-121.2794,37.7868],[-121.2743,37.7886],[-121.2701,37.7909],[-121.2669,37.7935],[-121.2644,37.7966],[-121.2634,37.7983],[-121.2623,37.8011],[-121.2617,37.8048],[-121.2625,37.8202]]}},{"type":"Feature","properties":{"n":1,"a":"ace"},"geometry":{"type":"LineString","coordinates":[[-121.2625,37.8202],[-121.2626,37.8215],[-121.2628,37.8247],[-121.2628,37.8253],[-121.2631,37.8308],[-121.2641,37.8498],[-121.2648,37.8623],[-121.2656,37.8755],[-121.2662,37.8806],[-121.2713,37.9014],[-121.2731,37.9058],[-121.2737,37.9073],[-121.2743,37.9121]]}},{"type":"Feature","properties":{"n":1,"a":"ace"},"geometry":{"type":"LineString","coordinates":[[-121.2625,37.8202],[-121.263,37.8215],[-121.2646,37.8221],[-121.2695,37.8227],[-121.2734,37.8234],[-121.2745,37.8244],[-121.2749,37.826],[-121.275,37.8301],[-121.2749,37.837],[-121.2748,37.8471],[-121.2748,37.8478],[-121.2745,37.886],[-121.2743,37.9072],[-121.2743,37.9121]]}},{"type":"Feature","properties":{"n":1,"a":"ace"},"geometry":{"type":"LineString","coordinates":[[-121.2743,37.9121],[-121.2743,37.9123],[-121.2741,37.9389],[-121.2749,37.9432],[-121.2752,37.9443],[-121.2755,37.9453],[-121.2759,37.9468],[-121.2768,37.95]]}},{"type":"Feature","properties":{"n":2,"a":"amtrak","b":"metrolink"},"geometry":{"type":"LineString","coordinates":[[-118.2345,34.0544],[-118.2333,34.0592],[-118.2327,34.0602],[-118.2318,34.0615],[-118.2302,34.0619]]}},{"type":"Feature","properties":{"n":2,"a":"amtrak","b":"metrolink"},"geometry":{"type":"LineString","coordinates":[[-117.9154,33.8684],[-117.9141,33.8679],[-117.9096,33.8669],[-117.8828,33.8671],[-117.8673,33.8687],[-117.8304,33.8678],[-117.8141,33.866],[-117.7922,33.8624],[-117.7883,33.8624],[-117.7833,33.8629],[-117.7792,33.8642],[-117.7773,33.8656],[-117.7717,33.8714],[-117.7685,33.8732],[-117.7659,33.8739],[-117.76,33.8746],[-117.7553,33.8758],[-117.7524,33.8766],[-117.7473,33.8783],[-117.7413,33.8833],[-117.7397,33.884],[-117.7379,33.8842],[-117.7351,33.8831],[-117.7286,33.8752],[-117.7255,33.8736],[-117.7234,33.8736],[-117.7098,33.8759],[-117.7038,33.8776],[-117.7007,33.8779],[-117.688,33.8768],[-117.6808,33.8743],[-117.6758,33.8739],[-117.6718,33.8748],[-117.6626,33.879],[-117.6564,33.8796],[-117.6481,33.8795],[-117.6367,33.8831],[-117.627,33.8836],[-117.6126,33.886],[-117.6036,33.8875],[-117.5868,33.8903],[-117.5811,33.8895],[-117.5736,33.8858],[-117.5689,33.8834],[-117.5626,33.8819],[-117.5552,33.8803],[-117.5411,33.8778],[-117.5363,33.8782],[-117.5289,33.8795],[-117.5186,33.883],[-117.4697,33.9002],[-117.4491,33.9074],[-117.4437,33.9105],[-117.4395,33.9147],[-117.4352,33.916],[-117.4271,33.9177],[-117.4174,33.9233],[-117.4091,33.9292],[-117.3859,33.9459],[-117.3849,33.9471],[-117.384,33.9518],[-117.3795,33.9556],[-117.3779,33.9578],[-117.3762,33.9657],[-117.3735,33.97],[-117.3728,33.971],[-117.3723,33.9716],[-117.3711,33.9734],[-117.3697,33.9755],[-117.3683,33.9777],[-117.3677,33.9784],[-117.364,33.9839],[-117.3513,33.9946],[-117.3479,33.9984],[-117.3438,34.0033],[-117.34,34.0078],[-117.3394,34.0085],[-117.3357,34.0128],[-117.3354,34.0132],[-117.3339,34.0155],[-117.3335,34.019],[-117.3335,34.0193],[-117.3335,34.0206],[-117.3332,34.0275],[-117.333,34.0321],[-117.3301,34.0492],[-117.3298,34.0509],[-117.3291,34.0547],[-117.3292,34.0574],[-117.3288,34.0624],[-117.3281,34.0656],[-117.3278,34.0672],[-117.3269,34.0715],[-117.3242,34.0786],[-117.324,34.0793],[-117.3237,34.0799],[-117.3206,34.0876],[-117.3207,34.0892],[-117.3262,34.0991],[-117.3267,34.1007],[-117.3267,34.101],[-117.3265,34.1027],[-117.3252,34.1039],[-117.3234,34.1044],[-117.3187,34.1046],[-117.3178,34.1046],[-117.3126,34.1046],[-117.3115,34.1046]]}},{"type":"Feature","properties":{"n":2,"a":"amtrak","b":"metrolink"},"geometry":{"type":"LineString","coordinates":[[-118.2275,34.0605],[-118.227,34.0575],[-118.2271,34.0558],[-118.2291,34.0533],[-118.2297,34.0517],[-118.2306,34.0473],[-118.2262,34.0279],[-118.2259,34.0264],[-118.2248,34.0217],[-118.2248,34.0186],[-118.2242,34.0175],[-118.2225,34.0164],[-118.2187,34.016],[-118.2149,34.0148],[-118.2117,34.0137],[-118.209,34.0128],[-118.2086,34.0127],[-118.2083,34.0126],[-118.2048,34.0114],[-118.2029,34.0108],[-118.1974,34.0089],[-118.1938,34.0077],[-118.1812,34.0034],[-118.1635,33.9974],[-118.1618,33.9969],[-118.159,33.996],[-118.1436,33.9907],[-118.1427,33.9904],[-118.1411,33.9899],[-118.1346,33.9877],[-118.133,33.9872],[-118.1265,33.9849],[-118.1253,33.9846],[-118.1187,33.9823],[-118.1148,33.9809],[-118.1103,33.9789],[-118.1029,33.9737],[-118.1019,33.973],[-118.0947,33.9686],[-118.0778,33.9633],[-118.0734,33.96],[-118.0645,33.9516],[-118.0626,33.9494],[-118.0617,33.9475],[-118.0614,33.9396],[-118.0612,33.9224],[-118.0612,33.9214],[-118.061,33.9187],[-118.0598,33.916],[-118.0579,33.914],[-118.0554,33.9124],[-118.0544,33.9118],[-118.044,33.906],[-118.0438,33.9058],[-118.0375,33.9023],[-118.0247,33.8951],[-118.0028,33.8828],[-118.0017,33.8821],[-117.9932,33.8774],[-117.9889,33.8761],[-117.9855,33.8755],[-117.966,33.872],[-117.9554,33.87],[-117.9548,33.8699],[-117.9523,33.8694],[-117.9461,33.8684],[-117.9376,33.8684],[-117.9279,33.8686],[-117.9276,33.8686],[-117.9223,33.8686],[-117.9154,33.8684]]}},{"type":"Feature","properties":{"n":2,"a":"amtrak","b":"metrolink"},"geometry":{"type":"LineString","coordinates":[[-119.2005,34.2466],[-119.1944,34.2434],[-119.1788,34.2325],[-119.1771,34.2305],[-119.1766,34.2285],[-119.177,34.204],[-119.1769,34.2015],[-119.1759,34.1996],[-119.1733,34.1978],[-119.1691,34.1973],[-119.1636,34.1973],[-119.1557,34.1972],[-119.1281,34.197],[-119.1038,34.1968],[-119.0916,34.1967],[-119.0484,34.1965],[-119.0462,34.1974],[-119.0444,34.199],[-119.0407,34.2063],[-119.0389,34.2097],[-119.0349,34.2149],[-119.0341,34.2158],[-119.0311,34.2196],[-119.0204,34.23],[-119.0155,34.2348],[-119.007,34.2466],[-118.9957,34.2541],[-118.9806,34.2637],[-118.9777,34.2651],[-118.9452,34.2703],[-118.9342,34.2727],[-118.9191,34.2797],[-118.9042,34.2828],[-118.8959,34.2845],[-118.8916,34.2849],[-118.878,34.2849],[-118.8739,34.2849],[-118.8661,34.285],[-118.8589,34.2866],[-118.8383,34.2929],[-118.8359,34.2924],[-118.8305,34.2893],[-118.825,34.2878],[-118.8125,34.2869],[-118.8093,34.2867],[-118.8067,34.2859],[-118.8019,34.2823],[-118.7998,34.2813],[-118.7893,34.2804],[-118.7852,34.2787],[-118.7796,34.2762],[-118.7629,34.272],[-118.7084,34.272],[-118.6995,34.2719],[-118.6956,34.2703],[-118.6879,34.2663],[-118.6849,34.2657],[-118.678,34.2656],[-118.6738,34.2651],[-118.6627,34.2609],[-118.6558,34.2617],[-118.6537,34.2626],[-118.652,34.2641],[-118.6499,34.2657],[-118.648,34.2662],[-118.6327,34.2645],[-118.6213,34.2632],[-118.6153,34.2646],[-118.6134,34.2661],[-118.6119,34.2706],[-118.6108,34.2716],[-118.6093,34.2719],[-118.6017,34.272],[-118.6,34.2708],[-118.5995,34.2687],[-118.5995,34.253],[-118.5993,34.2478],[-118.5975,34.2441],[-118.5939,34.241],[-118.5891,34.2393],[-118.5826,34.2381],[-118.5737,34.2363],[-118.5635,34.2343],[-118.5449,34.2306],[-118.5439,34.2304],[-118.5338,34.2284],[-118.5282,34.2273],[-118.49,34.2198],[-118.4815,34.2181],[-118.4683,34.2155],[-118.4484,34.2116],[-118.4467,34.2113],[-118.4465,34.2112],[-118.4438,34.2107],[-118.4299,34.208],[-118.4161,34.2053],[-118.396,34.2013],[-118.3893,34.2],[-118.3796,34.1981],[-118.3519,34.1926],[-118.3378,34.1898],[-118.3263,34.1875],[-118.3223,34.1867],[-118.3204,34.1857],[-118.3183,34.1838],[-118.3159,34.1817],[-118.3125,34.1789],[-118.3078,34.1757],[-118.2823,34.1611],[-118.2772,34.156],[-118.2723,34.1471],[-118.264,34.131],[-118.2595,34.1241],[-118.2551,34.1197],[-118.2482,34.1138],[-118.242,34.1057],[-118.2398,34.1006],[-118.2378,34.0981],[-118.2358,34.0958],[-118.2331,34.0944],[-118.2295,34.0925],[-118.2268,34.0891],[-118.2261,34.0863],[-118.2269,34.0814],[-118.2269,34.0789],[-118.2258,34.0737],[-118.2255,34.0719],[-118.2249,34.0687],[-118.2259,34.0659],[-118.2269,34.0634]]}},{"type":"Feature","properties":{"n":2,"a":"amtrak","b":"metrolink"},"geometry":{"type":"LineString","coordinates":[[-117.5958,33.3881],[-117.5973,33.3901],[-117.5999,33.3963],[-117.6018,33.3994],[-117.6113,33.4106],[-117.6172,33.4164],[-117.6199,33.4197],[-117.6219,33.4219],[-117.6269,33.4256],[-117.6308,33.4302],[-117.6331,33.4321],[-117.6416,33.439],[-117.6481,33.443],[-117.6547,33.4484],[-117.6649,33.4536],[-117.6792,33.4622],[-117.6805,33.4639],[-117.6803,33.4662],[-117.6766,33.4765],[-117.6706,33.4844],[-117.6689,33.4857],[-117.6661,33.4869],[-117.6647,33.4893],[-117.6641,33.4941],[-117.6641,33.5014],[-117.6645,33.5039],[-117.6714,33.5204],[-117.6753,33.5318],[-117.6757,33.5361],[-117.6743,33.5473],[-117.6742,33.5526],[-117.6746,33.5591],[-117.6738,33.5702],[-117.6733,33.5786],[-117.6747,33.6004],[-117.6755,33.6037],[-117.6767,33.6062],[-117.6837,33.6171],[-117.695,33.6277],[-117.7052,33.6375],[-117.7107,33.6416],[-117.7289,33.6544],[-117.7331,33.6573],[-117.7717,33.6842],[-117.8059,33.708],[-117.8087,33.7099],[-117.8269,33.7226],[-117.833,33.7269],[-117.8522,33.7403],[-117.8536,33.7421],[-117.8547,33.7454],[-117.8548,33.7457],[-117.8558,33.7492],[-117.8559,33.7517],[-117.8559,33.7733],[-117.8574,33.7778],[-117.8574,33.7888],[-117.8574,33.7941],[-117.8579,33.7963],[-117.8599,33.7973],[-117.8824,33.8038],[-117.8894,33.806],[-117.8943,33.8088],[-117.8971,33.8117],[-117.8988,33.8145],[-117.9056,33.8348],[-117.9101,33.8485],[-117.9111,33.8538],[-117.9111,33.8553],[-117.9112,33.8591],[-117.9112,33.862],[-117.9113,33.8643],[-117.912,33.866],[-117.9133,33.8673],[-117.9154,33.8684]]}},{"type":"Feature","properties":{"n":2,"a":"amtrak","b":"metrolink"},"geometry":{"type":"LineString","coordinates":[[-118.2275,34.0605],[-118.2275,34.0611],[-118.2275,34.0619],[-118.2274,34.0622],[-118.2269,34.0634]]}},{"type":"Feature","properties":{"n":2,"a":"amtrak","b":"metrolink"},"geometry":{"type":"LineString","coordinates":[[-118.2262,34.0602],[-118.2257,34.0621],[-118.2229,34.0627]]}},{"type":"Feature","properties":{"n":2,"a":"amtrak","b":"metrolink"},"geometry":{"type":"LineString","coordinates":[[-118.2302,34.0619],[-118.2289,34.0621]]}},{"type":"Feature","properties":{"n":2,"a":"amtrak","b":"metrolink"},"geometry":{"type":"LineString","coordinates":[[-118.2302,34.0619],[-118.2283,34.0616],[-118.2275,34.0605]]}},{"type":"Feature","properties":{"n":2,"a":"amtrak","b":"metrolink"},"geometry":{"type":"LineString","coordinates":[[-118.2289,34.0621],[-118.2273,34.0622],[-118.2268,34.0623]]}},{"type":"Feature","properties":{"n":2,"a":"amtrak","b":"metrolink"},"geometry":{"type":"LineString","coordinates":[[-118.0226,34.0681],[-118.0222,34.0678]]}},{"type":"Feature","properties":{"n":2,"a":"amtrak","b":"metrolink"},"geometry":{"type":"LineString","coordinates":[[-118.2289,34.0621],[-118.2277,34.0624],[-118.2269,34.0634]]}},{"type":"Feature","properties":{"n":3,"a":"amtrak","b":"coaster","c":"metrolink"},"geometry":{"type":"LineString","coordinates":[[-117.5958,33.3881],[-117.593,33.3862],[-117.5826,33.3821],[-117.5768,33.3813],[-117.573,33.3807],[-117.5683,33.3784],[-117.5656,33.3769],[-117.547,33.3666],[-117.5289,33.3543],[-117.5253,33.3513],[-117.5219,33.3486],[-117.5154,33.3449],[-117.4896,33.326],[-117.4801,33.3152],[-117.4635,33.3008],[-117.4562,33.2913],[-117.446,33.2782],[-117.4347,33.2692],[-117.4204,33.2512],[-117.4177,33.2478],[-117.4108,33.2395],[-117.4084,33.2373],[-117.399,33.2288],[-117.3981,33.2281],[-117.3948,33.2248],[-117.3935,33.2219],[-117.3916,33.2162],[-117.3895,33.2085],[-117.3891,33.2068],[-117.3878,33.2021],[-117.3843,33.1977],[-117.38,33.1925]]}},{"type":"Feature","properties":{"n":3,"a":"amtrak","b":"coaster","c":"metrolink"},"geometry":{"type":"LineString","coordinates":[[-117.1823,32.7404],[-117.1858,32.7422],[-117.1941,32.747],[-117.1986,32.7521],[-117.1998,32.7551],[-117.2007,32.7575],[-117.2047,32.7684],[-117.2053,32.7699],[-117.208,32.7778],[-117.2063,32.7891],[-117.2066,32.7916],[-117.2088,32.7968],[-117.2146,32.8064],[-117.2157,32.8082],[-117.2183,32.8134],[-117.2284,32.8226],[-117.2298,32.8245],[-117.2307,32.8273],[-117.2304,32.8315],[-117.2319,32.834],[-117.2336,32.8386],[-117.2354,32.8418],[-117.2356,32.8456],[-117.2348,32.8477],[-117.2326,32.8512],[-117.23,32.8536],[-117.208,32.8628],[-117.2046,32.8632],[-117.1976,32.8625],[-117.1917,32.8637],[-117.1776,32.8717],[-117.1756,32.874]]}},{"type":"Feature","properties":{"n":2,"a":"amtrak","b":"ace"},"geometry":{"type":"LineString","coordinates":[[-121.9395,37.3549],[-121.9418,37.3562],[-121.9434,37.359],[-121.9454,37.363],[-121.9455,37.3672],[-121.9455,37.3691],[-121.9457,37.373],[-121.9467,37.3762],[-121.958,37.3936],[-121.967,37.4069],[-121.9771,37.421],[-121.9775,37.4261],[-121.9776,37.4348],[-121.977,37.4371],[-121.9763,37.4397],[-121.9747,37.4606],[-121.9743,37.4659],[-121.9734,37.4774],[-121.9737,37.4798],[-121.9752,37.4822],[-121.9813,37.4881],[-121.9909,37.4971],[-121.9943,37.5003],[-122.0025,37.5081],[-122.0036,37.5091],[-122.0093,37.5142],[-122.0174,37.518],[-122.028,37.523],[-122.0292,37.5235],[-122.0296,37.5237],[-122.0307,37.5242],[-122.032,37.5248],[-122.0332,37.5262],[-122.032,37.5282],[-122.0283,37.5328],[-122.0072,37.5591],[-122.0047,37.5607],[-121.9837,37.5665],[-121.9728,37.5695],[-121.9707,37.5702],[-121.97,37.5715]]}},{"type":"Feature","properties":{"n":2,"a":"amtrak","b":"ace"},"geometry":{"type":"LineString","coordinates":[[-121.2768,37.95],[-121.2773,37.952],[-121.2788,37.9574]]}},{"type":"Feature","properties":{"n":1,"a":"rtd"},"geometry":{"type":"LineString","coordinates":[[-117.7286,34.03],[-117.7295,34.0314],[-117.7297,34.0334]]}},{"type":"Feature","properties":{"n":1,"a":"rtd"},"geometry":{"type":"LineString","coordinates":[[-104.995,39.7578],[-104.9929,39.7608],[-104.9926,39.7644],[-104.9912,39.7671],[-104.9683,39.7848],[-104.9603,39.791],[-104.956,39.7943],[-104.9547,39.7958],[-104.9541,39.8027],[-104.952,39.8061],[-104.9508,39.8094],[-104.9468,39.8157],[-104.9425,39.8247],[-104.9431,39.8262],[-104.9457,39.834],[-104.9534,39.8487],[-104.9545,39.8512],[-104.9549,39.8535],[-104.9545,39.8561],[-104.9531,39.8588],[-104.9408,39.8771],[-104.9407,39.8799],[-104.9422,39.8822],[-104.9596,39.8934],[-104.9607,39.895],[-104.9611,39.8966],[-104.9601,39.9028],[-104.96,39.9036],[-104.9584,39.9147],[-104.9593,39.9179],[-104.9621,39.9229]]}},{"type":"Feature","properties":{"n":1,"a":"rtd"},"geometry":{"type":"LineString","coordinates":[[-117.7551,34.0587],[-117.7356,34.0592]]}},{"type":"Feature","properties":{"n":1,"a":"rtd"},"geometry":{"type":"LineString","coordinates":[[-105.0006,39.7535],[-104.9944,39.7581],[-104.9912,39.7594],[-104.9823,39.7657],[-104.9759,39.7691],[-104.9737,39.7707],[-104.9713,39.7726],[-104.9701,39.773],[-104.9585,39.773],[-104.956,39.7754],[-104.9426,39.7761],[-104.9334,39.7762],[-104.8917,39.7706],[-104.8566,39.768],[-104.8505,39.7676],[-104.8351,39.7663],[-104.7994,39.7569],[-104.7944,39.7563],[-104.792,39.7575],[-104.7885,39.7636],[-104.7878,39.7657],[-104.7877,39.7699],[-104.7877,39.7734],[-104.7878,39.7854],[-104.7842,39.7972],[-104.784,39.8069],[-104.7841,39.8208],[-104.7833,39.8225],[-104.7814,39.8248],[-104.7775,39.827],[-104.7732,39.8278],[-104.7428,39.828],[-104.7393,39.8298],[-104.7318,39.8369],[-104.7267,39.8385],[-104.6757,39.8383],[-104.6747,39.8388],[-104.674,39.8398],[-104.674,39.8466]]}},{"type":"Feature","properties":{"n":1,"a":"rtd"},"geometry":{"type":"LineString","coordinates":[[-105.1357,39.7874],[-105.133,39.788],[-105.1115,39.7926],[-105.1004,39.7941],[-105.0803,39.799],[-105.073,39.8002],[-105.061,39.801],[-105.0529,39.8029],[-105.0492,39.8037],[-105.0421,39.8049],[-105.0234,39.8039],[-105.0171,39.8036],[-105.01,39.8071],[-105.0049,39.805],[-105.0013,39.803],[-104.997,39.7989],[-104.9966,39.7973],[-104.9966,39.791],[-104.9966,39.7847],[-104.997,39.7825],[-104.9969,39.7732],[-104.997,39.7661],[-104.9946,39.7595],[-104.9947,39.7586],[-104.9955,39.7575],[-105.0009,39.7538]]}},{"type":"Feature","properties":{"n":2,"a":"amtrak","b":"shoreline"},"geometry":{"type":"LineString","coordinates":[[-72.923,41.3009],[-72.9231,41.3029],[-72.9185,41.3093]]}},{"type":"Feature","properties":{"n":2,"a":"amtrak","b":"shoreline"},"geometry":{"type":"LineString","coordinates":[[-72.9303,41.2903],[-72.9301,41.2934],[-72.929,41.2944]]}},{"type":"Feature","properties":{"n":2,"a":"amtrak","b":"shoreline"},"geometry":{"type":"LineString","coordinates":[[-72.9245,41.2973],[-72.9227,41.2994],[-72.9228,41.3004]]}},{"type":"Feature","properties":{"n":2,"a":"amtrak","b":"shoreline"},"geometry":{"type":"LineString","coordinates":[[-72.9262,41.2965],[-72.9245,41.2973]]}},{"type":"Feature","properties":{"n":2,"a":"amtrak","b":"shoreline"},"geometry":{"type":"LineString","coordinates":[[-72.9293,41.2919],[-72.9274,41.2933]]}},{"type":"Feature","properties":{"n":2,"a":"amtrak","b":"shoreline"},"geometry":{"type":"LineString","coordinates":[[-72.9262,41.2965],[-72.9232,41.2994],[-72.923,41.3009]]}},{"type":"Feature","properties":{"n":2,"a":"amtrak","b":"shoreline"},"geometry":{"type":"LineString","coordinates":[[-72.9257,41.2958],[-72.9245,41.2973]]}},{"type":"Feature","properties":{"n":2,"a":"amtrak","b":"shoreline"},"geometry":{"type":"LineString","coordinates":[[-72.929,41.2944],[-72.9271,41.2957]]}},{"type":"Feature","properties":{"n":2,"a":"amtrak","b":"shoreline"},"geometry":{"type":"LineString","coordinates":[[-72.93,41.2903],[-72.9298,41.2932],[-72.929,41.2944]]}},{"type":"Feature","properties":{"n":2,"a":"amtrak","b":"shoreline"},"geometry":{"type":"LineString","coordinates":[[-72.932,41.2929],[-72.929,41.2944]]}},{"type":"Feature","properties":{"n":2,"a":"amtrak","b":"shoreline"},"geometry":{"type":"LineString","coordinates":[[-72.9275,41.2946],[-72.9262,41.2965]]}},{"type":"Feature","properties":{"n":2,"a":"amtrak","b":"shoreline"},"geometry":{"type":"LineString","coordinates":[[-72.9271,41.2957],[-72.9262,41.2965]]}},{"type":"Feature","properties":{"n":2,"a":"amtrak","b":"shoreline"},"geometry":{"type":"LineString","coordinates":[[-72.929,41.2923],[-72.9286,41.2933]]}},{"type":"Feature","properties":{"n":2,"a":"amtrak","b":"shoreline"},"geometry":{"type":"LineString","coordinates":[[-72.9293,41.2919],[-72.929,41.2923]]}},{"type":"Feature","properties":{"n":2,"a":"amtrak","b":"shoreline"},"geometry":{"type":"LineString","coordinates":[[-72.929,41.2923],[-72.9281,41.2934]]}},{"type":"Feature","properties":{"n":2,"a":"amtrak","b":"shoreline"},"geometry":{"type":"LineString","coordinates":[[-72.9263,41.2948],[-72.9257,41.2958]]}},{"type":"Feature","properties":{"n":2,"a":"amtrak","b":"shoreline"},"geometry":{"type":"LineString","coordinates":[[-72.928,41.2913],[-72.9263,41.2948]]}},{"type":"Feature","properties":{"n":2,"a":"amtrak","b":"shoreline"},"geometry":{"type":"LineString","coordinates":[[-72.9282,41.2914],[-72.9263,41.2948]]}},{"type":"Feature","properties":{"n":2,"a":"amtrak","b":"shoreline"},"geometry":{"type":"LineString","coordinates":[[-72.9274,41.2933],[-72.9263,41.2948]]}},{"type":"Feature","properties":{"n":2,"a":"amtrak","b":"shoreline"},"geometry":{"type":"LineString","coordinates":[[-72.9287,41.2908],[-72.9274,41.2933]]}},{"type":"Feature","properties":{"n":2,"a":"amtrak","b":"shoreline"},"geometry":{"type":"LineString","coordinates":[[-72.9259,41.2946],[-72.9257,41.2958]]}},{"type":"Feature","properties":{"n":2,"a":"amtrak","b":"shoreline"},"geometry":{"type":"LineString","coordinates":[[-72.9272,41.2914],[-72.9259,41.2946]]}},{"type":"Feature","properties":{"n":2,"a":"amtrak","b":"shoreline"},"geometry":{"type":"LineString","coordinates":[[-72.9228,41.3004],[-72.923,41.3009]]}},{"type":"Feature","properties":{"n":2,"a":"amtrak","b":"shoreline"},"geometry":{"type":"LineString","coordinates":[[-72.9237,41.2985],[-72.9228,41.2995],[-72.9228,41.3004]]}},{"type":"Feature","properties":{"n":2,"a":"amtrak","b":"shoreline"},"geometry":{"type":"LineString","coordinates":[[-72.9295,41.2921],[-72.9289,41.2943]]}},{"type":"Feature","properties":{"n":2,"a":"amtrak","b":"shoreline"},"geometry":{"type":"LineString","coordinates":[[-72.9276,41.2953],[-72.9271,41.2957]]}},{"type":"Feature","properties":{"n":2,"a":"amtrak","b":"shoreline"},"geometry":{"type":"LineString","coordinates":[[-72.9296,41.2918],[-72.9295,41.2907],[-72.9283,41.2903]]}},{"type":"Feature","properties":{"n":2,"a":"amtrak","b":"shoreline"},"geometry":{"type":"LineString","coordinates":[[-72.9295,41.2921],[-72.9296,41.2933],[-72.9289,41.2943]]}},{"type":"Feature","properties":{"n":2,"a":"amtrak","b":"shoreline"},"geometry":{"type":"LineString","coordinates":[[-72.9296,41.2918],[-72.9295,41.2921]]}},{"type":"Feature","properties":{"n":2,"a":"amtrak","b":"shoreline"},"geometry":{"type":"LineString","coordinates":[[-72.9289,41.2943],[-72.9276,41.2953]]}},{"type":"Feature","properties":{"n":2,"a":"amtrak","b":"shoreline"},"geometry":{"type":"LineString","coordinates":[[-72.9283,41.2903],[-72.9295,41.2909],[-72.9293,41.2919]]}},{"type":"Feature","properties":{"n":2,"a":"amtrak","b":"shoreline"},"geometry":{"type":"LineString","coordinates":[[-72.9296,41.2918],[-72.9276,41.2953]]}},{"type":"Feature","properties":{"n":2,"a":"amtrak","b":"shoreline"},"geometry":{"type":"LineString","coordinates":[[-72.9283,41.2903],[-72.9271,41.2907],[-72.9265,41.2916],[-72.9257,41.2934],[-72.9259,41.2946]]}},{"type":"Feature","properties":{"n":2,"a":"amtrak","b":"shoreline"},"geometry":{"type":"LineString","coordinates":[[-72.9185,41.3093],[-72.9181,41.3096],[-72.9143,41.3111],[-72.9098,41.3115],[-72.9074,41.3127],[-72.9043,41.3147],[-72.9004,41.317],[-72.8938,41.3218],[-72.8887,41.3228],[-72.8841,41.3222],[-72.8796,41.3196],[-72.8781,41.3179],[-72.8772,41.3156],[-72.877,41.3132],[-72.8805,41.2958],[-72.88,41.2925],[-72.878,41.2889],[-72.8729,41.2835],[-72.8672,41.2817],[-72.8639,41.2815],[-72.8507,41.2832],[-72.8471,41.283],[-72.841,41.281],[-72.8366,41.278],[-72.8339,41.2769],[-72.8271,41.2752],[-72.8175,41.2747],[-72.8147,41.2749],[-72.8097,41.2768],[-72.8078,41.277],[-72.7969,41.2747],[-72.7881,41.2743],[-72.779,41.2749],[-72.7728,41.275],[-72.7678,41.2741],[-72.7326,41.2657],[-72.7294,41.2653],[-72.7009,41.267],[-72.6873,41.2729],[-72.6753,41.2754],[-72.6734,41.2758],[-72.647,41.2813],[-72.6369,41.2827],[-72.6256,41.284],[-72.6007,41.2838],[-72.5998,41.2837],[-72.5919,41.284],[-72.5699,41.2893],[-72.5645,41.2895],[-72.5362,41.2804],[-72.5283,41.2796],[-72.5279,41.2796],[-72.514,41.2786],[-72.4998,41.2757],[-72.493,41.2757],[-72.4709,41.2822],[-72.4609,41.2885],[-72.4575,41.2892],[-72.4521,41.2893],[-72.4481,41.2889],[-72.4296,41.2876],[-72.4103,41.2903],[-72.3981,41.2925],[-72.3798,41.2996],[-72.3778,41.3003],[-72.3754,41.3013],[-72.3715,41.3028],[-72.3556,41.3108],[-72.3531,41.3112],[-72.3491,41.3109],[-72.3387,41.3097],[-72.3212,41.3005],[-72.3165,41.2987],[-72.3113,41.2975],[-72.295,41.2958],[-72.2924,41.2949],[-72.2883,41.2925],[-72.2853,41.2916],[-72.2722,41.2919],[-72.2545,41.2983],[-72.2527,41.299],[-72.229,41.302],[-72.226,41.3028],[-72.2229,41.3046],[-72.2169,41.311],[-72.2149,41.3127],[-72.1957,41.3216],[-72.1889,41.3241],[-72.1825,41.3244],[-72.179,41.3236],[-72.1751,41.3219],[-72.1689,41.3171],[-72.1658,41.3165],[-72.1626,41.317],[-72.1523,41.3203],[-72.1474,41.3261],[-72.1456,41.3302],[-72.1443,41.332],[-72.1423,41.3333],[-72.1366,41.3356],[-72.1315,41.3368],[-72.1129,41.3342],[-72.1061,41.3345],[-72.1037,41.3351],[-72.102,41.3363],[-72.0989,41.3432],[-72.0966,41.3504],[-72.0953,41.3519]]}},{"type":"Feature","properties":{"n":2,"a":"amtrak","b":"shoreline"},"geometry":{"type":"LineString","coordinates":[[-72.9217,41.3052],[-72.9185,41.3093]]}},{"type":"Feature","properties":{"n":1,"a":"mbta"},"geometry":{"type":"LineString","coordinates":[[-71.219,42.034],[-71.2189,42.0344],[-71.2198,42.0365],[-71.2239,42.0396],[-71.225,42.0405],[-71.2288,42.0437],[-71.2458,42.0632],[-71.2487,42.067],[-71.2613,42.095],[-71.2632,42.0989],[-71.2638,42.1055],[-71.2658,42.1109],[-71.2638,42.1205],[-71.2637,42.1212],[-71.2634,42.1228],[-71.2632,42.1238],[-71.259,42.1387],[-71.2578,42.1441],[-71.2577,42.145],[-71.2566,42.1462]]}},{"type":"Feature","properties":{"n":1,"a":"mbta"},"geometry":{"type":"LineString","coordinates":[[-70.9237,41.6401],[-70.9245,41.6412],[-70.925,41.6436],[-70.9255,41.6465],[-70.928,41.6495],[-70.929,41.6519],[-70.9343,41.6609],[-70.9374,41.6658],[-70.9384,41.6689],[-70.9394,41.6746],[-70.9398,41.6768],[-70.9429,41.6887],[-70.9653,41.7359],[-70.9743,41.7546],[-70.9771,41.7607],[-70.9879,41.7834],[-70.9928,41.7936],[-70.9948,41.7964],[-71.0239,41.826],[-71.0242,41.8263],[-71.0276,41.8297]]}},{"type":"Feature","properties":{"n":1,"a":"mbta"},"geometry":{"type":"LineString","coordinates":[[-71.0769,42.38],[-71.0768,42.3805],[-71.0763,42.3812]]}},{"type":"Feature","properties":{"n":1,"a":"mbta"},"geometry":{"type":"LineString","coordinates":[[-71.0736,42.3756],[-71.0763,42.3786],[-71.0769,42.38]]}},{"type":"Feature","properties":{"n":1,"a":"mbta"},"geometry":{"type":"LineString","coordinates":[[-71.0763,42.3784],[-71.0736,42.3756]]}},{"type":"Feature","properties":{"n":1,"a":"mbta"},"geometry":{"type":"LineString","coordinates":[[-71.0736,42.3756],[-71.0731,42.375]]}},{"type":"Feature","properties":{"n":1,"a":"mbta"},"geometry":{"type":"LineString","coordinates":[[-71.0731,42.375],[-71.0735,42.3758]]}},{"type":"Feature","properties":{"n":1,"a":"mbta"},"geometry":{"type":"LineString","coordinates":[[-71.0762,42.3779],[-71.0734,42.3752],[-71.0731,42.375]]}},{"type":"Feature","properties":{"n":1,"a":"mbta"},"geometry":{"type":"LineString","coordinates":[[-71.0762,42.3779],[-71.0732,42.375],[-71.0707,42.3729]]}},{"type":"Feature","properties":{"n":1,"a":"mbta"},"geometry":{"type":"LineString","coordinates":[[-71.0731,42.375],[-71.071,42.3734],[-71.0707,42.3729]]}},{"type":"Feature","properties":{"n":1,"a":"mbta"},"geometry":{"type":"LineString","coordinates":[[-71.0764,42.3779],[-71.0766,42.3783],[-71.0769,42.38]]}},{"type":"Feature","properties":{"n":1,"a":"mbta"},"geometry":{"type":"LineString","coordinates":[[-71.0762,42.3779],[-71.0766,42.3786]]}},{"type":"Feature","properties":{"n":1,"a":"mbta"},"geometry":{"type":"LineString","coordinates":[[-71.2164,42.3116],[-71.2239,42.3073],[-71.2256,42.3062],[-71.2346,42.2985],[-71.2357,42.2964],[-71.236,42.2938],[-71.2362,42.2868],[-71.2369,42.2834],[-71.2376,42.2811],[-71.2394,42.2743],[-71.2387,42.2731],[-71.237,42.2729],[-71.2355,42.2731],[-71.216,42.2756],[-71.1852,42.2795],[-71.1773,42.2804],[-71.1648,42.279],[-71.163,42.2793],[-71.1599,42.2814],[-71.1536,42.2851],[-71.1502,42.2863],[-71.1459,42.2866],[-71.1335,42.2868],[-71.1308,42.2873],[-71.1279,42.2886],[-71.1225,42.2942],[-71.1149,42.2995],[-71.1142,42.3001]]}},{"type":"Feature","properties":{"n":1,"a":"mbta"},"geometry":{"type":"LineString","coordinates":[[-71.792,42.2621],[-71.7865,42.263],[-71.7829,42.2647],[-71.7842,42.2636]]}},{"type":"Feature","properties":{"n":1,"a":"mbta"},"geometry":{"type":"LineString","coordinates":[[-71.7842,42.2636],[-71.794,42.2611],[-71.7868,42.2625],[-71.7842,42.2636]]}},{"type":"Feature","properties":{"n":1,"a":"mbta"},"geometry":{"type":"LineString","coordinates":[[-71.0276,41.8297],[-71.0426,41.845],[-71.0592,41.8656],[-71.062,41.8684],[-71.0635,41.8697],[-71.0642,41.8711],[-71.0628,41.8723],[-71.0342,41.8845],[-71.031,41.8852],[-71.0268,41.8854],[-70.981,41.8867],[-70.9304,41.8864],[-70.9255,41.8866],[-70.9234,41.887],[-70.9204,41.8889],[-70.9192,41.8918],[-70.9196,41.8944]]}},{"type":"Feature","properties":{"n":1,"a":"mbta"},"geometry":{"type":"LineString","coordinates":[[-71.0598,42.3377],[-71.06,42.341]]}},{"type":"Feature","properties":{"n":1,"a":"mbta"},"geometry":{"type":"LineString","coordinates":[[-71.0004,42.2199],[-71.0004,42.221],[-70.9994,42.2216]]}},{"type":"Feature","properties":{"n":1,"a":"mbta"},"geometry":{"type":"LineString","coordinates":[[-71.6101,42.5556],[-71.5993,42.5584]]}},{"type":"Feature","properties":{"n":1,"a":"mbta"},"geometry":{"type":"LineString","coordinates":[[-71.1537,41.7145],[-71.15,41.7202],[-71.1392,41.7288],[-71.1359,41.7357],[-71.1319,41.7395],[-71.1276,41.7453],[-71.1237,41.7535],[-71.1215,41.7591],[-71.1204,41.7607],[-71.1145,41.7645],[-71.0907,41.7736],[-71.0773,41.7789],[-71.0721,41.7818],[-71.0608,41.7918],[-71.0544,41.8003],[-71.0406,41.81],[-71.0356,41.8158],[-71.0323,41.8197],[-71.0275,41.8256],[-71.0268,41.8276],[-71.0276,41.8297]]}},{"type":"Feature","properties":{"n":1,"a":"mbta"},"geometry":{"type":"LineString","coordinates":[[-71.0799,42.3746],[-71.0728,42.3737]]}},{"type":"Feature","properties":{"n":1,"a":"mbta"},"geometry":{"type":"LineString","coordinates":[[-71.0809,42.3748],[-71.0799,42.3746]]}},{"type":"Feature","properties":{"n":1,"a":"mbta"},"geometry":{"type":"LineString","coordinates":[[-71.8475,42.5541],[-71.8459,42.5553],[-71.8448,42.5569],[-71.8434,42.5637],[-71.842,42.5681],[-71.8408,42.5697],[-71.8358,42.5736],[-71.8264,42.5799],[-71.8139,42.5848],[-71.8117,42.585],[-71.8088,42.5843],[-71.8019,42.5815],[-71.794,42.5812],[-71.7925,42.5806],[-71.7903,42.5785],[-71.7895,42.5764],[-71.7886,42.5742],[-71.7849,42.5719],[-71.7694,42.5689]]}},{"type":"Feature","properties":{"n":1,"a":"mbta"},"geometry":{"type":"LineString","coordinates":[[-70.7462,42.1801],[-70.7466,42.1782],[-70.7457,42.1762],[-70.7466,42.1772],[-70.7468,42.1786],[-70.7462,42.1801]]}},{"type":"Feature","properties":{"n":1,"a":"mbta"},"geometry":{"type":"LineString","coordinates":[[-71.0814,42.3749],[-71.0809,42.3748]]}},{"type":"Feature","properties":{"n":1,"a":"mbta"},"geometry":{"type":"LineString","coordinates":[[-71.0809,42.3748],[-71.0762,42.3755]]}},{"type":"Feature","properties":{"n":1,"a":"mbta"},"geometry":{"type":"LineString","coordinates":[[-71.0858,42.3802],[-71.0826,42.3799],[-71.079,42.3803],[-71.078,42.3806],[-71.0773,42.3816],[-71.0769,42.3821]]}},{"type":"Feature","properties":{"n":1,"a":"mbta"},"geometry":{"type":"LineString","coordinates":[[-71.7694,42.5689],[-71.7567,42.5618]]}},{"type":"Feature","properties":{"n":1,"a":"mbta"},"geometry":{"type":"LineString","coordinates":[[-71.7694,42.5689],[-71.7689,42.5686]]}},{"type":"Feature","properties":{"n":1,"a":"mbta"},"geometry":{"type":"LineString","coordinates":[[-71.7689,42.5686],[-71.7567,42.5618]]}},{"type":"Feature","properties":{"n":1,"a":"mbta"},"geometry":{"type":"LineString","coordinates":[[-71.7693,42.5688],[-71.7689,42.5686]]}},{"type":"Feature","properties":{"n":1,"a":"mbta"},"geometry":{"type":"LineString","coordinates":[[-71.679,42.5432],[-71.6787,42.5444],[-71.6772,42.545]]}},{"type":"Feature","properties":{"n":1,"a":"mbta"},"geometry":{"type":"LineString","coordinates":[[-71.7081,42.5285],[-71.7082,42.5299],[-71.7075,42.5311]]}},{"type":"Feature","properties":{"n":1,"a":"mbta"},"geometry":{"type":"LineString","coordinates":[[-71.7068,42.5308],[-71.7067,42.5321]]}},{"type":"Feature","properties":{"n":1,"a":"mbta"},"geometry":{"type":"LineString","coordinates":[[-71.679,42.5432],[-71.6786,42.5408],[-71.679,42.5432]]}},{"type":"Feature","properties":{"n":1,"a":"mbta"},"geometry":{"type":"LineString","coordinates":[[-71.0742,42.3742],[-71.0729,42.374],[-71.0718,42.3733]]}},{"type":"Feature","properties":{"n":1,"a":"mbta"},"geometry":{"type":"LineString","coordinates":[[-71.0753,42.3752],[-71.073,42.3742],[-71.0718,42.3733]]}},{"type":"Feature","properties":{"n":1,"a":"mbta"},"geometry":{"type":"LineString","coordinates":[[-71.1361,42.2367],[-71.1352,42.2372],[-71.134,42.2382],[-71.1318,42.2423],[-71.1309,42.2438]]}},{"type":"Feature","properties":{"n":1,"a":"mbta"},"geometry":{"type":"LineString","coordinates":[[-71.0592,42.3296],[-71.0596,42.3358]]}},{"type":"Feature","properties":{"n":1,"a":"mbta"},"geometry":{"type":"LineString","coordinates":[[-71.0718,42.3733],[-71.0707,42.3729]]}},{"type":"Feature","properties":{"n":1,"a":"mbta"},"geometry":{"type":"LineString","coordinates":[[-70.8762,42.7921],[-70.8779,42.7977],[-70.8789,42.8001]]}},{"type":"Feature","properties":{"n":1,"a":"mbta"},"geometry":{"type":"LineString","coordinates":[[-71.0718,42.3733],[-71.0703,42.3724],[-71.0686,42.3713]]}},{"type":"Feature","properties":{"n":1,"a":"mbta"},"geometry":{"type":"LineString","coordinates":[[-71.0663,42.3697],[-71.0651,42.3689],[-71.0624,42.3668]]}},{"type":"Feature","properties":{"n":1,"a":"mbta"},"geometry":{"type":"LineString","coordinates":[[-71.06,42.341],[-71.0601,42.3419],[-71.0599,42.3431],[-71.0597,42.3434],[-71.0593,42.345],[-71.0612,42.3461]]}},{"type":"Feature","properties":{"n":1,"a":"mbta"},"geometry":{"type":"LineString","coordinates":[[-71.0686,42.3713],[-71.0679,42.3708],[-71.0663,42.3697]]}},{"type":"Feature","properties":{"n":1,"a":"mbta"},"geometry":{"type":"LineString","coordinates":[[-71.0596,42.3358],[-71.0596,42.3368],[-71.0596,42.3373]]}},{"type":"Feature","properties":{"n":1,"a":"mbta"},"geometry":{"type":"LineString","coordinates":[[-71.0596,42.3373],[-71.0597,42.3416]]}},{"type":"Feature","properties":{"n":1,"a":"mbta"},"geometry":{"type":"LineString","coordinates":[[-71.0596,42.3358],[-71.0596,42.3367],[-71.0597,42.342]]}},{"type":"Feature","properties":{"n":1,"a":"mbta"},"geometry":{"type":"LineString","coordinates":[[-71.0571,42.3473],[-71.0554,42.3519]]}},{"type":"Feature","properties":{"n":1,"a":"mbta"},"geometry":{"type":"LineString","coordinates":[[-71.0571,42.3473],[-71.0567,42.3485]]}},{"type":"Feature","properties":{"n":1,"a":"mbta"},"geometry":{"type":"LineString","coordinates":[[-71.0573,42.3469],[-71.0569,42.3476]]}},{"type":"Feature","properties":{"n":1,"a":"mbta"},"geometry":{"type":"LineString","coordinates":[[-71.0569,42.3476],[-71.0548,42.3514]]}},{"type":"Feature","properties":{"n":1,"a":"mbta"},"geometry":{"type":"LineString","coordinates":[[-71.0569,42.3476],[-71.0548,42.3511]]}},{"type":"Feature","properties":{"n":1,"a":"mbta"},"geometry":{"type":"LineString","coordinates":[[-71.0567,42.3485],[-71.055,42.3517]]}},{"type":"Feature","properties":{"n":1,"a":"mbta"},"geometry":{"type":"LineString","coordinates":[[-71.0567,42.3485],[-71.0552,42.3518]]}},{"type":"Feature","properties":{"n":1,"a":"mbta"},"geometry":{"type":"LineString","coordinates":[[-71.0707,42.3729],[-71.0702,42.3724],[-71.07,42.3723],[-71.0686,42.3713]]}},{"type":"Feature","properties":{"n":1,"a":"mbta"},"geometry":{"type":"LineString","coordinates":[[-71.0665,42.3698],[-71.0653,42.369],[-71.0626,42.3666]]}},{"type":"Feature","properties":{"n":1,"a":"mbta"},"geometry":{"type":"LineString","coordinates":[[-71.0663,42.3697],[-71.0652,42.369],[-71.0625,42.3667]]}},{"type":"Feature","properties":{"n":1,"a":"mbta"},"geometry":{"type":"LineString","coordinates":[[-71.0768,42.3863],[-71.077,42.3885],[-71.0771,42.3983]]}},{"type":"Feature","properties":{"n":1,"a":"mbta"},"geometry":{"type":"LineString","coordinates":[[-71.0768,42.3831],[-71.0768,42.3863]]}},{"type":"Feature","properties":{"n":1,"a":"mbta"},"geometry":{"type":"LineString","coordinates":[[-70.8762,42.7921],[-70.8765,42.7943],[-70.8757,42.7963]]}},{"type":"Feature","properties":{"n":1,"a":"mbta"},"geometry":{"type":"LineString","coordinates":[[-71.1296,42.2386],[-71.1288,42.2417],[-71.1272,42.2453]]}},{"type":"Feature","properties":{"n":1,"a":"mbta"},"geometry":{"type":"LineString","coordinates":[[-70.7279,41.9739],[-70.7226,41.9771],[-70.7194,41.9795],[-70.7174,41.9825],[-70.7171,41.9839],[-70.7179,41.9878],[-70.7176,41.9904],[-70.7184,41.9928],[-70.7193,41.994],[-70.7233,41.9962]]}},{"type":"Feature","properties":{"n":1,"a":"mbta"},"geometry":{"type":"LineString","coordinates":[[-70.8762,42.7921],[-70.8766,42.7939],[-70.8758,42.7964]]}},{"type":"Feature","properties":{"n":1,"a":"mbta"},"geometry":{"type":"LineString","coordinates":[[-71.0597,42.342],[-71.0595,42.3431],[-71.0582,42.345]]}},{"type":"Feature","properties":{"n":1,"a":"mbta"},"geometry":{"type":"LineString","coordinates":[[-71.0597,42.342],[-71.0578,42.3449]]}},{"type":"Feature","properties":{"n":1,"a":"mbta"},"geometry":{"type":"LineString","coordinates":[[-71.0596,42.3373],[-71.0592,42.3381]]}},{"type":"Feature","properties":{"n":1,"a":"mbta"},"geometry":{"type":"LineString","coordinates":[[-71.0592,42.3381],[-71.0595,42.3414]]}},{"type":"Feature","properties":{"n":1,"a":"mbta"},"geometry":{"type":"LineString","coordinates":[[-71.0597,42.3416],[-71.0595,42.3414]]}},{"type":"Feature","properties":{"n":1,"a":"mbta"},"geometry":{"type":"LineString","coordinates":[[-71.0592,42.3381],[-71.0588,42.3409],[-71.0595,42.3414]]}},{"type":"Feature","properties":{"n":1,"a":"mbta"},"geometry":{"type":"LineString","coordinates":[[-71.0597,42.3416],[-71.0597,42.342]]}},{"type":"Feature","properties":{"n":1,"a":"mbta"},"geometry":{"type":"LineString","coordinates":[[-71.0573,42.3469],[-71.0571,42.3473]]}},{"type":"Feature","properties":{"n":1,"a":"mbta"},"geometry":{"type":"LineString","coordinates":[[-71.0799,42.3746],[-71.0728,42.3737]]}},{"type":"Feature","properties":{"n":1,"a":"mbta"},"geometry":{"type":"LineString","coordinates":[[-71.06,42.341],[-71.0597,42.3431],[-71.0573,42.3469]]}},{"type":"Feature","properties":{"n":1,"a":"mbta"},"geometry":{"type":"LineString","coordinates":[[-71.0771,42.3983],[-71.0774,42.3998],[-71.079,42.4009],[-71.079,42.4028],[-71.0787,42.4038],[-71.0773,42.404],[-71.0769,42.4051]]}},{"type":"Feature","properties":{"n":1,"a":"mbta"},"geometry":{"type":"LineString","coordinates":[[-70.8851,42.5529],[-70.8838,42.5552],[-70.8788,42.5587],[-70.8686,42.5624],[-70.8607,42.5645],[-70.8497,42.5652],[-70.8455,42.564],[-70.8343,42.559],[-70.8307,42.5588],[-70.8256,42.5594],[-70.8113,42.5616],[-70.7934,42.5649],[-70.7852,42.5658],[-70.7817,42.5674],[-70.7785,42.5704],[-70.7691,42.574],[-70.7677,42.5745],[-70.7589,42.5763],[-70.7503,42.5818],[-70.7415,42.5845],[-70.7285,42.5922],[-70.7251,42.5948],[-70.713,42.6058],[-70.7088,42.6084],[-70.7055,42.6119],[-70.7025,42.6144],[-70.7007,42.6152],[-70.687,42.6177],[-70.6738,42.618],[-70.6672,42.6166],[-70.6656,42.6168],[-70.6643,42.6177],[-70.6643,42.625],[-70.6633,42.6266],[-70.6542,42.6313],[-70.6507,42.6326],[-70.6375,42.6401],[-70.6345,42.6448],[-70.6335,42.6492],[-70.6314,42.6514],[-70.6292,42.6534],[-70.6266,42.6559],[-70.6262,42.6562]]}},{"type":"Feature","properties":{"n":1,"a":"mbta"},"geometry":{"type":"LineString","coordinates":[[-71.5993,42.5584],[-71.5961,42.559],[-71.5921,42.5591],[-71.5902,42.559],[-71.5886,42.559],[-71.5873,42.559],[-71.5847,42.5588],[-71.5779,42.557],[-71.5719,42.5556],[-71.5682,42.5556],[-71.5627,42.5561],[-71.5509,42.5572],[-71.544,42.5578],[-71.5387,42.5578],[-71.5351,42.5565],[-71.5117,42.5375],[-71.5023,42.5189],[-71.4989,42.5121],[-71.4888,42.4989],[-71.4834,42.4896],[-71.4751,42.4796],[-71.4677,42.4641],[-71.4637,42.4614],[-71.4579,42.4604],[-71.454,42.4601],[-71.4464,42.4595],[-71.4377,42.4563],[-71.4313,42.4552],[-71.4196,42.456],[-71.404,42.4549],[-71.3945,42.4567],[-71.3936,42.4569],[-71.3927,42.457],[-71.3907,42.4575],[-71.3855,42.4581],[-71.3626,42.4577],[-71.3593,42.4572],[-71.3572,42.4563],[-71.355,42.4542],[-71.3516,42.4472],[-71.3495,42.4434],[-71.3383,42.4309],[-71.3268,42.4154],[-71.3256,42.4137],[-71.3213,42.4077],[-71.3208,42.4028],[-71.319,42.4004],[-71.3168,42.3993],[-71.3021,42.3957],[-71.2981,42.3946],[-71.2955,42.3931],[-71.289,42.3857],[-71.2826,42.3792],[-71.2802,42.3772],[-71.2773,42.3756],[-71.2738,42.3732],[-71.2677,42.3642],[-71.2644,42.3626],[-71.26,42.3619],[-71.2566,42.3626],[-71.2478,42.3672],[-71.2442,42.3708],[-71.2415,42.3724],[-71.2355,42.3743],[-71.2349,42.3744],[-71.232,42.3749],[-71.2269,42.3761],[-71.2194,42.3798],[-71.2151,42.3811],[-71.2054,42.3833],[-71.192,42.3871],[-71.1917,42.3872]]}},{"type":"Feature","properties":{"n":1,"a":"mbta"},"geometry":{"type":"LineString","coordinates":[[-71.1755,42.396],[-71.1753,42.396],[-71.156,42.3959],[-71.1529,42.3956]]}},{"type":"Feature","properties":{"n":1,"a":"mbta"},"geometry":{"type":"LineString","coordinates":[[-71.1272,42.2453],[-71.123,42.25],[-71.1194,42.2536],[-71.1169,42.2558],[-71.113,42.2586],[-71.1085,42.2611],[-71.1053,42.2629],[-71.098,42.2699],[-71.0952,42.2719],[-71.0857,42.2807],[-71.0826,42.2847],[-71.0792,42.2882],[-71.0783,42.2904],[-71.0783,42.2928],[-71.0793,42.3002],[-71.0782,42.3035],[-71.0731,42.3088],[-71.0695,42.3163],[-71.0686,42.3191],[-71.0672,42.3246],[-71.0659,42.3271],[-71.0614,42.3342],[-71.0603,42.3354],[-71.0602,42.3356],[-71.0601,42.3361],[-71.06,42.3365],[-71.0598,42.3377]]}},{"type":"Feature","properties":{"n":1,"a":"mbta"},"geometry":{"type":"LineString","coordinates":[[-70.9196,41.8944],[-70.9231,41.9042],[-70.9444,41.947],[-70.96,41.978],[-70.9621,41.9814],[-70.9659,41.9854],[-70.9766,41.9967],[-70.9801,42.0022],[-70.9813,42.0098],[-70.9811,42.0178],[-70.9817,42.0225],[-70.9829,42.0289],[-70.9844,42.032],[-70.9873,42.0353],[-71.01,42.0599],[-71.0109,42.0609],[-71.0123,42.0624],[-71.0139,42.0651],[-71.016,42.0731],[-71.0166,42.0845],[-71.0167,42.0905],[-71.0171,42.0987],[-71.0182,42.1012],[-71.0213,42.1055],[-71.0219,42.1063],[-71.0237,42.1097],[-71.0247,42.1142],[-71.0255,42.1173],[-71.0274,42.1261],[-71.0273,42.1313],[-71.0271,42.1383],[-71.029,42.1442],[-71.0296,42.1476],[-71.0291,42.1516],[-71.0277,42.1554],[-71.0273,42.1565],[-71.0193,42.1778],[-71.0173,42.1802],[-71.0135,42.1829],[-71.0084,42.1866],[-71.0066,42.1887],[-71.0047,42.1984],[-71.0022,42.203]]}},{"type":"Feature","properties":{"n":1,"a":"mbta"},"geometry":{"type":"LineString","coordinates":[[-71.2566,42.1462],[-71.2552,42.147],[-71.2418,42.1546],[-71.236,42.159],[-71.2209,42.1709],[-71.2127,42.1772],[-71.2034,42.1821],[-71.2013,42.1842],[-71.2001,42.1875],[-71.1983,42.1922],[-71.1967,42.1967],[-71.196,42.205],[-71.1953,42.2069],[-71.1843,42.2207],[-71.184,42.2209],[-71.1801,42.2244],[-71.1743,42.2271],[-71.1589,42.2331],[-71.153,42.2349],[-71.1426,42.236],[-71.1361,42.2367]]}},{"type":"Feature","properties":{"n":1,"a":"mbta"},"geometry":{"type":"LineString","coordinates":[[-71.0766,42.3786],[-71.0769,42.38]]}},{"type":"Feature","properties":{"n":1,"a":"mbta"},"geometry":{"type":"LineString","coordinates":[[-71.0764,42.3779],[-71.0732,42.3748],[-71.0718,42.3733]]}},{"type":"Feature","properties":{"n":1,"a":"mbta"},"geometry":{"type":"LineString","coordinates":[[-71.0764,42.3779],[-71.0766,42.3786]]}},{"type":"Feature","properties":{"n":1,"a":"mbta"},"geometry":{"type":"LineString","coordinates":[[-71.6772,42.545],[-71.6763,42.5452],[-71.6696,42.5459],[-71.6594,42.5454],[-71.6539,42.5446],[-71.6501,42.5449],[-71.6477,42.5452],[-71.6438,42.5458],[-71.6189,42.5534],[-71.6101,42.5556]]}},{"type":"Feature","properties":{"n":1,"a":"mbta"},"geometry":{"type":"LineString","coordinates":[[-71.0768,42.3873],[-71.0766,42.3902],[-71.0757,42.3919],[-71.0658,42.3998],[-71.0638,42.401],[-71.0607,42.4017],[-71.0567,42.4014],[-71.0493,42.3987],[-71.0462,42.398],[-71.0341,42.3956],[-71.0293,42.3947],[-71.0259,42.395],[-71.0056,42.4043],[-71.0033,42.4059],[-70.9838,42.4315],[-70.9696,42.4499],[-70.968,42.4514],[-70.9641,42.4541],[-70.9596,42.4563],[-70.9456,42.4628],[-70.9434,42.4638],[-70.9225,42.4737],[-70.9203,42.4752],[-70.9164,42.4791],[-70.9126,42.4875],[-70.9062,42.4948],[-70.8984,42.507],[-70.8975,42.5085],[-70.8956,42.5198],[-70.8958,42.5247],[-70.8937,42.528],[-70.89,42.5336],[-70.8854,42.5473],[-70.8851,42.5529]]}},{"type":"Feature","properties":{"n":1,"a":"mbta"},"geometry":{"type":"LineString","coordinates":[[-70.9994,42.2216],[-70.9951,42.2225],[-70.9842,42.2223],[-70.9794,42.2221],[-70.9684,42.2215],[-70.9659,42.2224],[-70.9522,42.2299],[-70.9487,42.2305],[-70.9404,42.2305],[-70.9386,42.2303],[-70.9367,42.2293],[-70.9319,42.2242],[-70.9301,42.2229],[-70.9247,42.2198],[-70.9222,42.2194],[-70.9215,42.2194],[-70.9181,42.2208],[-70.915,42.2233],[-70.9044,42.2316],[-70.9034,42.2329],[-70.9029,42.2347],[-70.9027,42.2357],[-70.902,42.2382],[-70.9012,42.2395],[-70.8954,42.2417],[-70.8902,42.242],[-70.8794,42.2449],[-70.8682,42.245],[-70.8529,42.2449],[-70.8481,42.2452],[-70.8417,42.2447],[-70.8376,42.2442],[-70.8051,42.241],[-70.8033,42.2403],[-70.8019,42.2381],[-70.7988,42.235],[-70.7966,42.2314],[-70.7941,42.2256],[-70.7913,42.2214],[-70.7884,42.2194],[-70.7739,42.2169],[-70.7655,42.2138],[-70.7456,42.203],[-70.7437,42.2016],[-70.7415,42.1982],[-70.7396,42.1883],[-70.7402,42.1865],[-70.7462,42.1801]]}},{"type":"Feature","properties":{"n":1,"a":"mbta"},"geometry":{"type":"LineString","coordinates":[[-71.0017,42.2221],[-71.006,42.2282],[-71.0069,42.2296],[-71.0071,42.2328],[-71.0042,42.2445],[-71.0035,42.2478],[-71.0038,42.249],[-71.0055,42.2518],[-71.0066,42.2535],[-71.0314,42.2767],[-71.0335,42.2808],[-71.038,42.285],[-71.0404,42.2872],[-71.0543,42.2996],[-71.0554,42.3011],[-71.0557,42.3026],[-71.0545,42.3077],[-71.0519,42.3157],[-71.0522,42.3207],[-71.053,42.3235],[-71.058,42.3276],[-71.0592,42.3296]]}},{"type":"Feature","properties":{"n":1,"a":"mbta"},"geometry":{"type":"LineString","coordinates":[[-71.1917,42.3872],[-71.1824,42.3921],[-71.1784,42.3955],[-71.1755,42.396]]}},{"type":"Feature","properties":{"n":1,"a":"mbta"},"geometry":{"type":"LineString","coordinates":[[-71.3156,42.6378],[-71.3147,42.636],[-71.3131,42.6333],[-71.3121,42.632],[-71.3093,42.6293],[-71.3085,42.6287],[-71.3054,42.6266],[-71.3021,42.6241],[-71.3015,42.6236],[-71.2965,42.6199],[-71.2922,42.6175],[-71.2891,42.6143],[-71.281,42.5933],[-71.2793,42.5912],[-71.2764,42.5892],[-71.2725,42.588],[-71.2686,42.588],[-71.2615,42.5891],[-71.2558,42.5884],[-71.2097,42.5681],[-71.1922,42.5614],[-71.1796,42.5527],[-71.1748,42.5472]]}},{"type":"Feature","properties":{"n":1,"a":"mbta"},"geometry":{"type":"LineString","coordinates":[[-71.0022,42.203],[-71.0023,42.2017],[-71.0017,42.1996],[-70.9994,42.1976],[-70.9887,42.194],[-70.9847,42.1902],[-70.9829,42.1892],[-70.9759,42.1879],[-70.9726,42.1863],[-70.97,42.1836],[-70.9595,42.1701],[-70.9579,42.1671],[-70.9555,42.1589],[-70.9531,42.1548],[-70.9489,42.1481],[-70.9456,42.1424],[-70.9412,42.128],[-70.938,42.1169],[-70.9349,42.1085],[-70.9342,42.1066],[-70.9272,42.0881],[-70.9233,42.0826],[-70.9222,42.0812],[-70.9064,42.061],[-70.8821,42.0438],[-70.8788,42.0421],[-70.8241,42.0147],[-70.8068,42.006],[-70.8033,42.0048],[-70.7759,42.0025],[-70.7516,42.0021],[-70.7276,41.9976],[-70.7233,41.9962]]}},{"type":"Feature","properties":{"n":1,"a":"mbta"},"geometry":{"type":"LineString","coordinates":[[-71.4393,42.0899],[-71.4354,42.0902],[-71.4293,42.0878],[-71.4229,42.0873],[-71.4196,42.0879],[-71.4169,42.0876],[-71.412,42.0845],[-71.4101,42.0808],[-71.4081,42.0788],[-71.4053,42.0782],[-71.4026,42.079],[-71.3958,42.0834],[-71.3869,42.0893],[-71.3587,42.1076],[-71.3269,42.1199],[-71.2838,42.1364],[-71.2666,42.1416],[-71.26,42.1443],[-71.2576,42.1456],[-71.2566,42.1462]]}},{"type":"Feature","properties":{"n":1,"a":"mbta"},"geometry":{"type":"LineString","coordinates":[[-70.7233,41.9962],[-70.6904,41.9813]]}},{"type":"Feature","properties":{"n":1,"a":"mbta"},"geometry":{"type":"LineString","coordinates":[[-71.1403,42.3919],[-71.1366,42.3913],[-71.1188,42.3881],[-71.1093,42.3826],[-71.105,42.3811],[-71.0996,42.3797],[-71.0922,42.3762],[-71.0846,42.3753],[-71.0831,42.3751],[-71.0814,42.3749]]}},{"type":"Feature","properties":{"n":1,"a":"mbta"},"geometry":{"type":"LineString","coordinates":[[-71.7693,42.5688],[-71.7567,42.5618]]}},{"type":"Feature","properties":{"n":1,"a":"mbta"},"geometry":{"type":"LineString","coordinates":[[-71.7694,42.5689],[-71.7693,42.5688]]}},{"type":"Feature","properties":{"n":1,"a":"mbta"},"geometry":{"type":"LineString","coordinates":[[-70.8851,42.5529],[-70.8853,42.5718],[-70.8837,42.5839],[-70.8817,42.5915],[-70.8747,42.6096],[-70.8697,42.6217],[-70.8532,42.6484],[-70.8499,42.6584],[-70.8406,42.677],[-70.8405,42.6778],[-70.841,42.6792],[-70.8466,42.6865],[-70.8504,42.6949],[-70.8591,42.7272],[-70.8762,42.7921]]}},{"type":"Feature","properties":{"n":1,"a":"mbta"},"geometry":{"type":"LineString","coordinates":[[-71.1529,42.3956],[-71.1477,42.3939]]}},{"type":"Feature","properties":{"n":1,"a":"mbta"},"geometry":{"type":"LineString","coordinates":[[-71.1321,42.2386],[-71.1272,42.2453]]}},{"type":"Feature","properties":{"n":1,"a":"mbta"},"geometry":{"type":"LineString","coordinates":[[-71.1411,42.3921],[-71.1403,42.3919]]}},{"type":"Feature","properties":{"n":1,"a":"mbta"},"geometry":{"type":"LineString","coordinates":[[-71.0769,42.4051],[-71.0769,42.4105],[-71.0768,42.4188],[-71.0763,42.4215],[-71.0742,42.4268],[-71.0714,42.4338],[-71.0708,42.4369],[-71.0694,42.4517],[-71.0691,42.4552],[-71.0696,42.4581],[-71.0698,42.4587],[-71.0705,42.4628],[-71.0682,42.47],[-71.0656,42.4779],[-71.0659,42.4799],[-71.0676,42.4835],[-71.0691,42.4868],[-71.0696,42.4927],[-71.0702,42.4951],[-71.0717,42.4977],[-71.0754,42.5019],[-71.0804,42.5076],[-71.087,42.5126],[-71.1012,42.5191],[-71.1073,42.5218],[-71.1166,42.526],[-71.13,42.5358],[-71.1587,42.5684],[-71.1597,42.5696],[-71.1665,42.5773],[-71.1677,42.5794],[-71.1682,42.5814],[-71.1675,42.5873]]}},{"type":"Feature","properties":{"n":1,"a":"mbta"},"geometry":{"type":"LineString","coordinates":[[-71.7567,42.5618],[-71.754,42.5596],[-71.749,42.5518],[-71.7394,42.5394],[-71.7362,42.5353],[-71.729,42.5267],[-71.7257,42.5246],[-71.722,42.5232],[-71.7164,42.522],[-71.7131,42.5223],[-71.7107,42.5238],[-71.7081,42.5285]]}},{"type":"Feature","properties":{"n":1,"a":"mbta"},"geometry":{"type":"LineString","coordinates":[[-70.9184,41.8783],[-70.9208,41.8817],[-70.9213,41.8845],[-70.921,41.8867],[-70.9191,41.8912],[-70.9196,41.8944]]}},{"type":"Feature","properties":{"n":1,"a":"mbta"},"geometry":{"type":"LineString","coordinates":[[-71.0592,42.3296],[-71.0593,42.3308],[-71.0593,42.3316],[-71.0598,42.335],[-71.0598,42.3377]]}},{"type":"Feature","properties":{"n":1,"a":"mbta"},"geometry":{"type":"LineString","coordinates":[[-71.0017,42.2221],[-71.0007,42.2215],[-70.9994,42.2216]]}},{"type":"Feature","properties":{"n":1,"a":"mbta"},"geometry":{"type":"LineString","coordinates":[[-71.0022,42.203],[-71.0014,42.2076],[-71.0014,42.208],[-71,42.2173],[-71.0002,42.2192],[-71.0004,42.2199]]}},{"type":"Feature","properties":{"n":1,"a":"mbta"},"geometry":{"type":"LineString","coordinates":[[-71.0004,42.2199],[-71.0017,42.2221]]}},{"type":"Feature","properties":{"n":1,"a":"mbta"},"geometry":{"type":"LineString","coordinates":[[-71.0768,42.3873],[-71.0771,42.3983]]}},{"type":"Feature","properties":{"n":1,"a":"mbta"},"geometry":{"type":"LineString","coordinates":[[-71.0768,42.3831],[-71.0767,42.3841],[-71.0768,42.3859],[-71.0768,42.3863]]}},{"type":"Feature","properties":{"n":1,"a":"mbta"},"geometry":{"type":"LineString","coordinates":[[-71.0768,42.3863],[-71.0768,42.3873]]}},{"type":"Feature","properties":{"n":1,"a":"mbta"},"geometry":{"type":"LineString","coordinates":[[-71.0769,42.38],[-71.0769,42.3805],[-71.0769,42.3808],[-71.0769,42.3821]]}},{"type":"Feature","properties":{"n":1,"a":"mbta"},"geometry":{"type":"LineString","coordinates":[[-71.0769,42.3821],[-71.0768,42.3831]]}},{"type":"Feature","properties":{"n":1,"a":"mbta"},"geometry":{"type":"LineString","coordinates":[[-71.7252,42.2349],[-71.7236,42.2358]]}},{"type":"Feature","properties":{"n":1,"a":"mbta"},"geometry":{"type":"LineString","coordinates":[[-71.6101,42.5556],[-71.5993,42.5584]]}},{"type":"Feature","properties":{"n":1,"a":"mbta"},"geometry":{"type":"LineString","coordinates":[[-71.1477,42.3939],[-71.1411,42.3921]]}},{"type":"Feature","properties":{"n":1,"a":"mbta"},"geometry":{"type":"LineString","coordinates":[[-71.1361,42.2367],[-71.134,42.2375],[-71.1329,42.2381],[-71.1324,42.2384],[-71.1321,42.2386]]}},{"type":"Feature","properties":{"n":1,"a":"mbta"},"geometry":{"type":"LineString","coordinates":[[-71.1366,42.2322],[-71.1342,42.2363],[-71.1321,42.2386]]}},{"type":"Feature","properties":{"n":1,"a":"mbta"},"geometry":{"type":"LineString","coordinates":[[-71.1917,42.3872],[-71.1903,42.3878],[-71.1829,42.3917],[-71.1786,42.3953],[-71.1764,42.396],[-71.1755,42.396]]}},{"type":"Feature","properties":{"n":1,"a":"mbta"},"geometry":{"type":"LineString","coordinates":[[-71.1477,42.3939],[-71.145,42.3929],[-71.1411,42.3921]]}},{"type":"Feature","properties":{"n":1,"a":"mbta"},"geometry":{"type":"LineString","coordinates":[[-71.4364,42.2746],[-71.4253,42.2751]]}},{"type":"Feature","properties":{"n":1,"a":"mbta"},"geometry":{"type":"LineString","coordinates":[[-71.0771,42.3983],[-71.0769,42.4051]]}},{"type":"Feature","properties":{"n":1,"a":"mbta"},"geometry":{"type":"LineString","coordinates":[[-71.7068,42.5308],[-71.7049,42.5342],[-71.7028,42.5362],[-71.6946,42.5407],[-71.6895,42.5421],[-71.6772,42.545]]}},{"type":"Feature","properties":{"n":1,"a":"mbta"},"geometry":{"type":"LineString","coordinates":[[-71.7081,42.5285],[-71.7068,42.5308]]}},{"type":"Feature","properties":{"n":1,"a":"mbta"},"geometry":{"type":"LineString","coordinates":[[-71.5748,42.2698],[-71.57,42.2694]]}},{"type":"Feature","properties":{"n":1,"a":"mbta"},"geometry":{"type":"LineString","coordinates":[[-71.5687,42.2691],[-71.5673,42.2689]]}},{"type":"Feature","properties":{"n":1,"a":"mbta"},"geometry":{"type":"LineString","coordinates":[[-71.5802,42.2693],[-71.5687,42.2691]]}},{"type":"Feature","properties":{"n":1,"a":"mbta"},"geometry":{"type":"LineString","coordinates":[[-71.57,42.2694],[-71.5687,42.2691]]}},{"type":"Feature","properties":{"n":1,"a":"mbta"},"geometry":{"type":"LineString","coordinates":[[-71.5748,42.2696],[-71.57,42.2694]]}},{"type":"Feature","properties":{"n":1,"a":"mbta"},"geometry":{"type":"LineString","coordinates":[[-71.1539,42.1645],[-71.153,42.162],[-71.1462,42.1571],[-71.1388,42.1528],[-71.1302,42.1488],[-71.1283,42.1473],[-71.1257,42.144],[-71.1225,42.1364],[-71.1206,42.1324],[-71.1179,42.1301],[-71.1057,42.1255],[-71.1035,42.124]]}},{"type":"Feature","properties":{"n":1,"a":"mbta"},"geometry":{"type":"LineString","coordinates":[[-71.1529,42.3956],[-71.1499,42.3949],[-71.1453,42.3929],[-71.1403,42.3919]]}},{"type":"Feature","properties":{"n":1,"a":"mbta"},"geometry":{"type":"LineString","coordinates":[[-71.0814,42.3749],[-71.0728,42.3737]]}},{"type":"Feature","properties":{"n":1,"a":"mbta"},"geometry":{"type":"LineString","coordinates":[[-71.0728,42.3737],[-71.0718,42.3733]]}},{"type":"Feature","properties":{"n":2,"a":"amtrak","b":"mbta"},"geometry":{"type":"LineString","coordinates":[[-71.4128,41.8328],[-71.4142,41.8353],[-71.4168,41.8397],[-71.4163,41.8427],[-71.4136,41.8465],[-71.4125,41.8482],[-71.4097,41.8533],[-71.4071,41.8574],[-71.4044,41.8639],[-71.4024,41.8673],[-71.399,41.8727],[-71.3975,41.8752],[-71.3919,41.8788],[-71.3875,41.8815],[-71.3862,41.8829],[-71.3856,41.8844],[-71.3852,41.8885],[-71.3849,41.8902],[-71.3833,41.8919],[-71.3802,41.8933],[-71.3773,41.8938],[-71.3727,41.8946],[-71.3551,41.8977],[-71.3145,41.9049],[-71.3104,41.9066],[-71.3069,41.9097],[-71.2839,41.9422],[-71.2817,41.9454],[-71.2346,42.0121],[-71.2331,42.0142],[-71.2201,42.0325],[-71.219,42.034],[-71.2134,42.0419],[-71.2116,42.0445],[-71.2089,42.0485],[-71.1977,42.07],[-71.1913,42.1131],[-71.1898,42.1168],[-71.1842,42.1248],[-71.1757,42.1345],[-71.1621,42.1464],[-71.157,42.1526],[-71.1543,42.1573],[-71.1538,42.1628],[-71.1539,42.1645],[-71.1556,42.1899],[-71.155,42.1937],[-71.1531,42.1978],[-71.1472,42.2101],[-71.147,42.2106],[-71.139,42.2271],[-71.1367,42.2319],[-71.1366,42.2322],[-71.1339,42.2375],[-71.1309,42.2438],[-71.1255,42.2551],[-71.1244,42.2579],[-71.1199,42.2797],[-71.1195,42.289],[-71.1189,42.2921],[-71.1176,42.2951],[-71.1142,42.3001],[-71.1138,42.3007],[-71.1064,42.312],[-71.1037,42.3179],[-71.0994,42.3234],[-71.0962,42.3302],[-71.0891,42.3366],[-71.0768,42.3468],[-71.0751,42.3476]]}},{"type":"Feature","properties":{"n":2,"a":"amtrak","b":"mbta"},"geometry":{"type":"LineString","coordinates":[[-71.0628,42.3665],[-71.0653,42.369],[-71.0665,42.3698],[-71.068,42.3707],[-71.0687,42.3712],[-71.0707,42.3725],[-71.0718,42.3733],[-71.0732,42.3747],[-71.0775,42.3782],[-71.0787,42.3786],[-71.0791,42.3787],[-71.0837,42.3786],[-71.0857,42.3793],[-71.086,42.3794],[-71.0872,42.3802],[-71.0878,42.3807],[-71.0929,42.3859],[-71.0988,42.3889],[-71.1048,42.3921],[-71.118,42.4092],[-71.1334,42.4218],[-71.1336,42.422],[-71.1417,42.4285],[-71.1435,42.4302],[-71.1447,42.4321],[-71.1454,42.4368],[-71.1443,42.44],[-71.1403,42.4446],[-71.1375,42.4519],[-71.1368,42.4537],[-71.131,42.4684],[-71.1271,42.4752],[-71.1265,42.4774],[-71.1267,42.4798],[-71.1274,42.4818],[-71.1321,42.487],[-71.1331,42.4889],[-71.1337,42.4951],[-71.1372,42.5036],[-71.1395,42.5089],[-71.1445,42.5169],[-71.1454,42.5184],[-71.1508,42.5267],[-71.1568,42.5324],[-71.1744,42.5468],[-71.1748,42.5472],[-71.1753,42.5492],[-71.1719,42.561],[-71.1675,42.5873],[-71.1654,42.5981],[-71.1644,42.6044],[-71.1632,42.6109],[-71.1622,42.6137],[-71.1607,42.6177],[-71.1595,42.6212],[-71.1596,42.6255],[-71.1603,42.6293],[-71.1604,42.6329],[-71.1589,42.6368],[-71.146,42.6548],[-71.1444,42.6586],[-71.1444,42.6587],[-71.1422,42.6658],[-71.1421,42.6684],[-71.1426,42.6702],[-71.145,42.675],[-71.1609,42.6947],[-71.1618,42.6967],[-71.1618,42.6971],[-71.1613,42.6988],[-71.1602,42.7],[-71.1595,42.7004],[-71.1571,42.7013],[-71.1523,42.7018],[-71.1447,42.7024],[-71.1394,42.7033],[-71.1352,42.7054],[-71.1321,42.7094],[-71.1319,42.7116],[-71.1335,42.7188],[-71.1326,42.7213],[-71.1156,42.7373],[-71.1087,42.752],[-71.1075,42.7538],[-71.0979,42.7604],[-71.0883,42.7668],[-71.0879,42.7672],[-71.0864,42.769],[-71.0862,42.7717],[-71.0863,42.7736]]}},{"type":"Feature","properties":{"n":2,"a":"amtrak","b":"mbta"},"geometry":{"type":"LineString","coordinates":[[-71.4295,41.8256],[-71.4277,41.826],[-71.4245,41.8263],[-71.4231,41.8264],[-71.4214,41.8267],[-71.4167,41.8273],[-71.4153,41.8279],[-71.4125,41.8305],[-71.4128,41.8328]]}},{"type":"Feature","properties":{"n":2,"a":"amtrak","b":"mbta"},"geometry":{"type":"LineString","coordinates":[[-71.0751,42.3476],[-71.0679,42.3474],[-71.0612,42.3461],[-71.0591,42.3459],[-71.0571,42.3473],[-71.0569,42.3477],[-71.0549,42.3516]]}},{"type":"Feature","properties":{"n":2,"a":"amtrak","b":"mbta"},"geometry":{"type":"LineString","coordinates":[[-71.7967,42.2601],[-71.7948,42.2608],[-71.794,42.2611],[-71.7858,42.2631],[-71.7829,42.2647],[-71.7734,42.2715],[-71.7702,42.2721],[-71.766,42.271],[-71.7639,42.2687],[-71.7639,42.2635],[-71.7625,42.2605],[-71.7607,42.2585],[-71.7561,42.2555],[-71.7532,42.2525],[-71.7513,42.2496],[-71.7505,42.2477],[-71.7495,42.2403],[-71.7471,42.2362],[-71.7445,42.2344],[-71.7415,42.2337],[-71.7328,42.2346],[-71.7236,42.2358],[-71.718,42.2374],[-71.7074,42.2421],[-71.704,42.2429],[-71.6896,42.2446],[-71.6856,42.2464],[-71.682,42.2487],[-71.6768,42.25],[-71.674,42.2512],[-71.6691,42.2549],[-71.6644,42.2577],[-71.6545,42.2665],[-71.6517,42.2681],[-71.6475,42.2695],[-71.6275,42.2738],[-71.6224,42.2745],[-71.6149,42.2737],[-71.6089,42.2715],[-71.6035,42.2696],[-71.6007,42.2694],[-71.5802,42.2693],[-71.5673,42.2689],[-71.558,42.2686],[-71.5541,42.268],[-71.546,42.2657],[-71.5392,42.2659],[-71.5246,42.267],[-71.5164,42.2681],[-71.5059,42.2655],[-71.5002,42.2655],[-71.49,42.2622],[-71.4823,42.2615],[-71.4706,42.2605],[-71.4593,42.2596],[-71.4536,42.2607],[-71.4493,42.2635],[-71.4462,42.2687],[-71.4432,42.272],[-71.4398,42.2739],[-71.4364,42.2746],[-71.4253,42.2751],[-71.422,42.2755],[-71.4184,42.2765],[-71.4179,42.2767],[-71.4168,42.2769],[-71.4145,42.2774],[-71.3918,42.2831],[-71.3693,42.284],[-71.3609,42.2835],[-71.3484,42.2856],[-71.3464,42.2858],[-71.3371,42.2874],[-71.3216,42.2939],[-71.3128,42.2962],[-71.2986,42.2963],[-71.2939,42.2976],[-71.29,42.3003],[-71.279,42.3082],[-71.2771,42.3104],[-71.2725,42.322],[-71.2718,42.3248],[-71.2721,42.3276],[-71.2722,42.3315],[-71.2704,42.3343],[-71.2681,42.3358],[-71.2593,42.339],[-71.2556,42.3421],[-71.2534,42.3444],[-71.2506,42.3458],[-71.2306,42.3479],[-71.2196,42.3494],[-71.207,42.3514],[-71.1969,42.3541],[-71.1814,42.3576],[-71.1768,42.3581],[-71.1705,42.3571],[-71.1541,42.3576],[-71.1462,42.3581],[-71.1394,42.3572],[-71.1323,42.3562],[-71.1281,42.3556],[-71.1197,42.3544],[-71.1169,42.3534],[-71.1154,42.3526],[-71.1112,42.3505],[-71.1068,42.3488],[-71.0994,42.3476],[-71.0751,42.3476]]}},{"type":"Feature","properties":{"n":2,"a":"amtrak","b":"mbta"},"geometry":{"type":"LineString","coordinates":[[-71.4919,41.5797],[-71.4914,41.5808],[-71.4762,41.6108],[-71.4755,41.6121],[-71.4636,41.6356],[-71.4623,41.6383],[-71.4586,41.6456],[-71.4563,41.6487],[-71.4492,41.6576],[-71.4472,41.6609],[-71.4464,41.6655],[-71.4482,41.6788],[-71.4541,41.6916],[-71.454,41.6943],[-71.4529,41.6978],[-71.4497,41.7065],[-71.4426,41.726],[-71.4418,41.7284],[-71.43,41.7608],[-71.4281,41.7659],[-71.4268,41.7694],[-71.4239,41.7776],[-71.422,41.7834],[-71.4217,41.7866],[-71.4234,41.7903],[-71.4295,41.7995],[-71.4394,41.8032],[-71.441,41.8044],[-71.4419,41.8059],[-71.4419,41.8073],[-71.4402,41.8154],[-71.4394,41.8179],[-71.4361,41.8227],[-71.4333,41.8246],[-71.4295,41.8256]]}},{"type":"Feature","properties":{"n":2,"a":"amtrak","b":"mbta"},"geometry":{"type":"LineString","coordinates":[[-71.4295,41.8256],[-71.4163,41.8273],[-71.4132,41.8293],[-71.4122,41.8307],[-71.4128,41.8328]]}},{"type":"Feature","properties":{"n":1,"a":"njt"},"geometry":{"type":"LineString","coordinates":[[-74.8993,40.6696],[-74.8973,40.6685],[-74.8959,40.6668],[-74.8913,40.6566],[-74.8873,40.6502],[-74.8841,40.6477],[-74.879,40.6452],[-74.8719,40.6454],[-74.8602,40.6408],[-74.8467,40.6393],[-74.8385,40.6375],[-74.8098,40.6325],[-74.7907,40.6223],[-74.7835,40.6187],[-74.771,40.6157],[-74.7196,40.6036],[-74.6946,40.5978],[-74.6907,40.5969],[-74.6867,40.595],[-74.684,40.5923],[-74.6773,40.5842],[-74.6715,40.5738],[-74.6697,40.5719],[-74.6675,40.5707],[-74.665,40.5702],[-74.6577,40.5703],[-74.6528,40.5705],[-74.6387,40.5709],[-74.6346,40.571],[-74.6252,40.5709],[-74.6225,40.5701],[-74.6164,40.5672],[-74.6139,40.5662],[-74.6119,40.5653],[-74.5879,40.5611],[-74.5874,40.561],[-74.5794,40.5597],[-74.5763,40.5592],[-74.5711,40.559],[-74.5623,40.5594],[-74.552,40.5599],[-74.5396,40.5605],[-74.5304,40.561],[-74.527,40.5611],[-74.5251,40.5612],[-74.5153,40.5617],[-74.5083,40.5631],[-74.5024,40.5656],[-74.4954,40.5701],[-74.4897,40.5738],[-74.4632,40.5909],[-74.4603,40.5927],[-74.4566,40.5951],[-74.4332,40.6101],[-74.42,40.6186],[-74.4036,40.6291],[-74.3852,40.641],[-74.3795,40.6442],[-74.3749,40.6457],[-74.3472,40.6495],[-74.3247,40.6526],[-74.3053,40.6553],[-74.3034,40.6555],[-74.2931,40.6569],[-74.2845,40.6581],[-74.2834,40.6583],[-74.2792,40.6595],[-74.2711,40.6643],[-74.2666,40.6669],[-74.2374,40.6842],[-74.2138,40.6984],[-74.2125,40.6992],[-74.1974,40.7082],[-74.197,40.7084],[-74.1957,40.7092],[-74.1927,40.7108],[-74.1887,40.7121],[-74.1879,40.7123],[-74.1843,40.7148]]}},{"type":"Feature","properties":{"n":1,"a":"njt"},"geometry":{"type":"LineString","coordinates":[[-74.2026,40.6851],[-74.2013,40.6868],[-74.2006,40.6878],[-74.1927,40.7007],[-74.1857,40.7126],[-74.1828,40.7165],[-74.1821,40.7173]]}},{"type":"Feature","properties":{"n":1,"a":"njt"},"geometry":{"type":"LineString","coordinates":[[-74.6595,40.3439],[-74.6583,40.3409],[-74.6542,40.3357],[-74.6429,40.3308],[-74.628,40.3193],[-74.626,40.3169],[-74.6244,40.3165],[-74.6226,40.3172]]}},{"type":"Feature","properties":{"n":1,"a":"njt"},"geometry":{"type":"LineString","coordinates":[[-75.0415,39.9037],[-75.0426,39.905],[-75.0431,39.9066],[-75.0417,39.9283],[-75.041,39.9362],[-75.0379,39.9518],[-75.0384,39.9545],[-75.0396,39.9564],[-75.0467,39.9653],[-75.0493,39.9683],[-75.0526,39.9714],[-75.0534,39.972],[-75.0544,39.9728],[-75.0597,39.9763],[-75.0617,39.9777],[-75.0621,39.978],[-75.0648,39.9797],[-75.0696,39.9829],[-75.0765,39.9878],[-75.0859,39.9978],[-75.0888,39.9993],[-75.0918,40.0003],[-75.0979,40.0015]]}},{"type":"Feature","properties":{"n":1,"a":"njt"},"geometry":{"type":"LineString","coordinates":[[-74.0916,40.8273],[-74.0874,40.8328],[-74.0838,40.8374],[-74.0817,40.8402],[-74.0799,40.8424],[-74.0788,40.8439],[-74.0694,40.8561],[-74.063,40.8644],[-74.0591,40.8695],[-74.052,40.8788],[-74.0439,40.8943],[-74.0403,40.8998],[-74.0349,40.9111],[-74.0334,40.9215],[-74.0332,40.9264],[-74.029,40.9354],[-74.0272,40.9403],[-74.027,40.946],[-74.0275,40.9478],[-74.0295,40.951],[-74.03,40.9534],[-74.03,40.9564],[-74.0275,40.9752],[-74.0268,40.9804],[-74.0271,40.9825],[-74.0327,40.9909],[-74.0331,40.9914],[-74.0411,41.0025],[-74.0412,41.0027],[-74.0435,41.006],[-74.0438,41.0077],[-74.0407,41.0213],[-74.0395,41.0278],[-74.0358,41.0327],[-74.029,41.041],[-74.0264,41.0445],[-74.0245,41.0518]]}},{"type":"Feature","properties":{"n":1,"a":"njt"},"geometry":{"type":"LineString","coordinates":[[-74.0863,40.7741],[-74.0874,40.7754],[-74.0892,40.7773],[-74.1054,40.7924],[-74.106,40.793],[-74.1105,40.7974],[-74.112,40.8011],[-74.114,40.8068],[-74.1169,40.8099],[-74.1215,40.8126],[-74.1241,40.8164],[-74.1269,40.8211],[-74.1305,40.8285],[-74.1312,40.8312],[-74.1337,40.845],[-74.134,40.8499],[-74.1353,40.8524],[-74.1532,40.868],[-74.1564,40.8725],[-74.1647,40.8815],[-74.166,40.883],[-74.167,40.8861],[-74.1671,40.8902],[-74.1662,40.8958],[-74.1644,40.9003],[-74.1638,40.9045],[-74.1671,40.9085],[-74.1673,40.916],[-74.1672,40.9208],[-74.1642,40.9258],[-74.1567,40.938],[-74.1538,40.9411],[-74.1524,40.9426],[-74.149,40.9461],[-74.1462,40.9491],[-74.1337,40.962],[-74.1262,40.9703]]}},{"type":"Feature","properties":{"n":1,"a":"njt"},"geometry":{"type":"LineString","coordinates":[[-74.4843,40.8838],[-74.4818,40.8839],[-74.4781,40.8844],[-74.4678,40.8856],[-74.4531,40.8804],[-74.4497,40.8798],[-74.4458,40.8799],[-74.4425,40.8807],[-74.4391,40.8824],[-74.4336,40.886],[-74.4175,40.8968],[-74.4128,40.9018],[-74.408,40.9033],[-74.4032,40.9061],[-74.3991,40.9078],[-74.3867,40.9169],[-74.3772,40.9218],[-74.3731,40.9219],[-74.3663,40.9181],[-74.3546,40.9156],[-74.3522,40.9161],[-74.3501,40.9172],[-74.3434,40.9231],[-74.3383,40.9251],[-74.3244,40.9279],[-74.3185,40.928],[-74.3097,40.926],[-74.3054,40.925],[-74.3021,40.9242],[-74.2892,40.9212],[-74.2837,40.9198],[-74.2706,40.9167],[-74.2684,40.9146],[-74.2679,40.914],[-74.2568,40.8999],[-74.2504,40.8916],[-74.2361,40.8814],[-74.2354,40.8806],[-74.2291,40.8742],[-74.2259,40.8691],[-74.2247,40.868],[-74.2212,40.8673],[-74.2184,40.8685],[-74.2147,40.8712],[-74.2124,40.8721],[-74.2024,40.8747],[-74.2003,40.8748],[-74.1985,40.8741],[-74.1974,40.873],[-74.1973,40.87],[-74.1979,40.8679],[-74.201,40.8626],[-74.2021,40.8596],[-74.2026,40.8573],[-74.2035,40.8518],[-74.2055,40.8486],[-74.208,40.845],[-74.2094,40.8419],[-74.2069,40.8298],[-74.2097,40.8171],[-74.2076,40.8121],[-74.2071,40.8107],[-74.2088,40.8078],[-74.2091,40.8067],[-74.2085,40.8042],[-74.2049,40.8008],[-74.2033,40.7988],[-74.2005,40.7936],[-74.2001,40.7926],[-74.1984,40.7826],[-74.1946,40.7667],[-74.192,40.7559],[-74.1909,40.7546]]}},{"type":"Feature","properties":{"n":1,"a":"njt"},"geometry":{"type":"LineString","coordinates":[[-74.3727,40.7184],[-74.3658,40.7184],[-74.3577,40.7165],[-74.3522,40.7152],[-74.3491,40.7142],[-74.3461,40.7149],[-74.3405,40.7192],[-74.3387,40.7234],[-74.3361,40.7254],[-74.332,40.7267],[-74.3287,40.7267],[-74.3234,40.7252],[-74.3203,40.7246],[-74.3135,40.7244],[-74.307,40.726],[-74.3039,40.7257],[-74.2964,40.7242],[-74.293,40.7244],[-74.2755,40.7311],[-74.2734,40.7325],[-74.2652,40.7404],[-74.2607,40.7458],[-74.253,40.7554],[-74.2436,40.767],[-74.241,40.7699],[-74.2392,40.7711],[-74.2369,40.7718],[-74.2337,40.7719],[-74.2294,40.7708],[-74.2189,40.7654],[-74.2112,40.7613],[-74.2081,40.7599],[-74.1909,40.7546]]}},{"type":"Feature","properties":{"n":1,"a":"njt"},"geometry":{"type":"LineString","coordinates":[[-74.1247,40.7438],[-74.1092,40.7445],[-74.0995,40.7451],[-74.0939,40.7455],[-74.0879,40.7454],[-74.0777,40.7434],[-74.0702,40.742]]}},{"type":"Feature","properties":{"n":1,"a":"njt"},"geometry":{"type":"LineString","coordinates":[[-74.0702,40.742],[-74.0682,40.742],[-74.0677,40.7436]]}},{"type":"Feature","properties":{"n":1,"a":"njt"},"geometry":{"type":"LineString","coordinates":[[-74.3727,40.7184],[-74.3826,40.7168],[-74.3867,40.7177],[-74.3885,40.7193],[-74.3894,40.7215],[-74.3889,40.7235],[-74.387,40.7256],[-74.3831,40.7296],[-74.3801,40.7355],[-74.3803,40.7371],[-74.381,40.7382],[-74.3849,40.7402],[-74.3943,40.7428],[-74.399,40.7447],[-74.4045,40.748],[-74.415,40.7569],[-74.4195,40.763],[-74.4235,40.7673],[-74.4302,40.7717],[-74.4381,40.7757],[-74.4438,40.7794],[-74.4468,40.7813],[-74.4554,40.789],[-74.4716,40.7949],[-74.4742,40.7973],[-74.4758,40.7999],[-74.4778,40.8034],[-74.4784,40.8055],[-74.4773,40.8158],[-74.477,40.8178],[-74.4782,40.8287],[-74.4786,40.8324],[-74.4787,40.8394],[-74.4801,40.8474],[-74.4793,40.8493],[-74.4763,40.8524],[-74.4719,40.8631],[-74.4723,40.8642],[-74.4736,40.8653],[-74.4815,40.8683],[-74.4829,40.8694],[-74.4834,40.8706],[-74.4833,40.8722],[-74.4819,40.876],[-74.4799,40.8812],[-74.4804,40.8826],[-74.482,40.8836],[-74.4843,40.8838]]}},{"type":"Feature","properties":{"n":1,"a":"njt"},"geometry":{"type":"LineString","coordinates":[[-74.8338,40.853],[-74.8268,40.86],[-74.8194,40.8637],[-74.8178,40.865],[-74.811,40.8787],[-74.809,40.8812],[-74.8064,40.8831],[-74.8001,40.8868],[-74.7899,40.8897],[-74.7848,40.8942],[-74.7619,40.905],[-74.7575,40.9082],[-74.7517,40.9111],[-74.7483,40.9113],[-74.743,40.9096],[-74.7337,40.9087],[-74.731,40.9076],[-74.7295,40.9064],[-74.7261,40.9014],[-74.7259,40.8998],[-74.7273,40.8955],[-74.7266,40.8939],[-74.7247,40.8926],[-74.7223,40.8923],[-74.7172,40.8929],[-74.7097,40.8968],[-74.7072,40.8976],[-74.6994,40.8976],[-74.6946,40.899],[-74.6845,40.9028],[-74.6799,40.9056],[-74.6748,40.9076],[-74.6714,40.9079],[-74.6695,40.9076],[-74.6672,40.9064],[-74.6658,40.9043],[-74.6641,40.896],[-74.6624,40.8936],[-74.6595,40.8921],[-74.6543,40.8917],[-74.6486,40.8923],[-74.6326,40.8966],[-74.608,40.9036],[-74.6005,40.9051],[-74.5896,40.9056],[-74.58,40.9018],[-74.5729,40.8987],[-74.5706,40.8975],[-74.569,40.8957],[-74.5671,40.8878],[-74.5654,40.8856],[-74.5616,40.8833],[-74.5558,40.8834],[-74.5539,40.8836],[-74.5466,40.8845],[-74.5435,40.8845],[-74.5414,40.8841],[-74.5312,40.8792],[-74.528,40.879],[-74.5173,40.8808],[-74.5145,40.88],[-74.5109,40.8777],[-74.5083,40.8773],[-74.5057,40.8779],[-74.4994,40.8819],[-74.4964,40.883],[-74.4843,40.8838]]}},{"type":"Feature","properties":{"n":1,"a":"njt"},"geometry":{"type":"LineString","coordinates":[[-74.0945,40.8151],[-74.0954,40.818],[-74.0951,40.821],[-74.0939,40.8241],[-74.0916,40.8273]]}},{"type":"Feature","properties":{"n":1,"a":"njt"},"geometry":{"type":"LineString","coordinates":[[-74.0945,40.8151],[-74.101,40.8291],[-74.1041,40.8359],[-74.1041,40.8385],[-74.0968,40.8555],[-74.0964,40.8585],[-74.0975,40.861],[-74.0997,40.8629],[-74.1038,40.8649],[-74.1055,40.8666],[-74.1061,40.8685],[-74.1057,40.8711],[-74.1027,40.8852],[-74.1018,40.8899],[-74.1022,40.8944],[-74.1032,40.898],[-74.107,40.9053],[-74.1132,40.9171],[-74.1151,40.9222],[-74.1163,40.9255],[-74.1179,40.9297],[-74.1215,40.9396],[-74.1235,40.9449],[-74.1293,40.9611],[-74.1292,40.9633],[-74.1262,40.9703]]}},{"type":"Feature","properties":{"n":1,"a":"njt"},"geometry":{"type":"LineString","coordinates":[[-74.1262,40.9703],[-74.1205,40.981],[-74.1136,40.9936],[-74.1131,40.9954],[-74.1135,40.9972],[-74.1174,41.0055],[-74.1222,41.0088],[-74.1233,41.012],[-74.1243,41.0172],[-74.1251,41.0212],[-74.1263,41.0237],[-74.1288,41.0283],[-74.1309,41.0308],[-74.1351,41.0354],[-74.1365,41.0379],[-74.1376,41.0447],[-74.1422,41.0573],[-74.1454,41.0662],[-74.1456,41.0748],[-74.1455,41.0834],[-74.1456,41.088],[-74.1466,41.0943],[-74.1477,41.1002],[-74.1504,41.1077],[-74.1536,41.1138],[-74.1549,41.1163],[-74.1565,41.1177],[-74.1569,41.1179],[-74.1591,41.1199],[-74.1628,41.1257]]}},{"type":"Feature","properties":{"n":1,"a":"njt"},"geometry":{"type":"LineString","coordinates":[[-74.1909,40.7546],[-74.1847,40.751],[-74.1739,40.748],[-74.17,40.7474],[-74.1652,40.7474],[-74.1627,40.7469],[-74.1602,40.745],[-74.1573,40.743],[-74.1535,40.742],[-74.138,40.7429],[-74.1334,40.7433],[-74.1302,40.7435],[-74.1247,40.7438]]}},{"type":"Feature","properties":{"n":1,"a":"njt"},"geometry":{"type":"LineString","coordinates":[[-74.2845,40.5995],[-74.2855,40.5982],[-74.2855,40.5967],[-74.283,40.5934],[-74.2821,40.5925],[-74.2786,40.5887],[-74.2775,40.5868],[-74.277,40.5844],[-74.2775,40.5777],[-74.278,40.5723],[-74.2784,40.5662],[-74.2778,40.5565],[-74.2773,40.5544],[-74.2762,40.5511],[-74.2724,40.5455],[-74.2709,40.5421],[-74.267,40.5296],[-74.267,40.5262],[-74.2678,40.5231],[-74.2738,40.5092],[-74.2743,40.5083],[-74.275,40.507],[-74.2776,40.5018],[-74.2832,40.4924],[-74.2837,40.4909],[-74.2836,40.4892],[-74.2812,40.4856],[-74.2804,40.4845],[-74.277,40.4802],[-74.2714,40.473],[-74.2672,40.4701],[-74.2646,40.4679],[-74.261,40.4631],[-74.2406,40.4393],[-74.2347,40.4324],[-74.2263,40.4219],[-74.2227,40.4198],[-74.2194,40.4193],[-74.1901,40.4153],[-74.154,40.4103],[-74.1219,40.3943],[-74.117,40.3906],[-74.0745,40.3482],[-74.0731,40.3469],[-74.0723,40.3461],[-74.0701,40.3438],[-74.0648,40.339],[-74.0408,40.3266],[-74.0226,40.3172],[-74.0155,40.3136],[-74.0011,40.3062],[-74.0002,40.3057],[-73.9896,40.3002],[-73.9885,40.2989],[-73.9884,40.2978]]}},{"type":"Feature","properties":{"n":1,"a":"njt"},"geometry":{"type":"LineString","coordinates":[[-74.0863,40.7741],[-74.087,40.7754],[-74.0869,40.7768],[-74.0807,40.7815],[-74.0801,40.7829],[-74.0806,40.7851],[-74.081,40.7861],[-74.0945,40.8151]]}},{"type":"Feature","properties":{"n":1,"a":"njt"},"geometry":{"type":"LineString","coordinates":[[-74.0677,40.7436],[-74.0693,40.7492],[-74.0701,40.752],[-74.0717,40.7562],[-74.0755,40.761],[-74.0855,40.773],[-74.0863,40.7741]]}},{"type":"Feature","properties":{"n":1,"a":"njt"},"geometry":{"type":"LineString","coordinates":[[-74.0702,40.742],[-74.0678,40.7414],[-74.0645,40.7407]]}},{"type":"Feature","properties":{"n":1,"a":"njt"},"geometry":{"type":"LineString","coordinates":[[-74.041,40.7357],[-74.0364,40.7348],[-74.0275,40.7347]]}},{"type":"Feature","properties":{"n":1,"a":"njt"},"geometry":{"type":"LineString","coordinates":[[-74.047,40.0758],[-74.0464,40.0764]]}},{"type":"Feature","properties":{"n":1,"a":"njt"},"geometry":{"type":"LineString","coordinates":[[-74.0525,40.0749],[-74.047,40.0758]]}},{"type":"Feature","properties":{"n":1,"a":"njt"},"geometry":{"type":"LineString","coordinates":[[-74.0525,40.0749],[-74.0504,40.0748],[-74.047,40.0758]]}},{"type":"Feature","properties":{"n":1,"a":"njt"},"geometry":{"type":"LineString","coordinates":[[-74.0478,40.0758],[-74.0464,40.0764]]}},{"type":"Feature","properties":{"n":1,"a":"njt"},"geometry":{"type":"LineString","coordinates":[[-74.0538,40.0753],[-74.0525,40.0749]]}},{"type":"Feature","properties":{"n":1,"a":"njt"},"geometry":{"type":"LineString","coordinates":[[-74.041,40.7357],[-74.0352,40.7359],[-74.0302,40.7352]]}},{"type":"Feature","properties":{"n":1,"a":"njt"},"geometry":{"type":"LineString","coordinates":[[-74.0645,40.7407],[-74.0631,40.7404],[-74.0453,40.7366],[-74.041,40.7357]]}},{"type":"Feature","properties":{"n":1,"a":"njt"},"geometry":{"type":"LineString","coordinates":[[-74.0538,40.0753],[-74.0546,40.076],[-74.0548,40.077],[-74.0543,40.0778],[-74.053,40.0783]]}},{"type":"Feature","properties":{"n":1,"a":"njt"},"geometry":{"type":"LineString","coordinates":[[-74.053,40.0783],[-74.0517,40.0782],[-74.0478,40.0758]]}},{"type":"Feature","properties":{"n":1,"a":"njt"},"geometry":{"type":"LineString","coordinates":[[-73.9884,40.2926],[-73.9884,40.2951]]}},{"type":"Feature","properties":{"n":1,"a":"njt"},"geometry":{"type":"LineString","coordinates":[[-73.9887,40.2942],[-73.9888,40.2956]]}},{"type":"Feature","properties":{"n":1,"a":"njt"},"geometry":{"type":"LineString","coordinates":[[-74.053,40.0783],[-74.0515,40.0781],[-74.0478,40.0759],[-74.0465,40.0764],[-74.0462,40.0777]]}},{"type":"Feature","properties":{"n":1,"a":"njt"},"geometry":{"type":"LineString","coordinates":[[-74.6672,40.7204],[-74.6648,40.7192],[-74.6611,40.7159],[-74.6596,40.7135],[-74.6585,40.7088],[-74.658,40.706],[-74.6586,40.7012],[-74.6573,40.6986],[-74.6546,40.697],[-74.6476,40.6958],[-74.6461,40.6945],[-74.6441,40.6899],[-74.6421,40.688],[-74.638,40.6861],[-74.6341,40.6857],[-74.6287,40.686],[-74.6147,40.6906],[-74.6052,40.6961],[-74.601,40.7005],[-74.5987,40.7021],[-74.5915,40.7052],[-74.5857,40.705],[-74.5842,40.7054],[-74.5827,40.7067],[-74.5817,40.7093],[-74.5806,40.7107],[-74.5712,40.7168],[-74.5683,40.7179],[-74.5646,40.7185],[-74.5601,40.7182],[-74.558,40.7171],[-74.5565,40.7156],[-74.5552,40.711],[-74.5515,40.6958],[-74.5515,40.6878],[-74.5507,40.6861],[-74.5492,40.6846],[-74.5463,40.6835],[-74.536,40.6823],[-74.5278,40.6774],[-74.5233,40.6734],[-74.5204,40.6724],[-74.5121,40.6723],[-74.494,40.6745],[-74.4686,40.6782],[-74.4585,40.6796],[-74.4519,40.6797],[-74.449,40.6799],[-74.4432,40.6822],[-74.4397,40.6828],[-74.4287,40.682],[-74.4245,40.6828],[-74.4193,40.6865],[-74.4034,40.695],[-74.4013,40.6961],[-74.3966,40.6998],[-74.3919,40.7009],[-74.3904,40.7018],[-74.3866,40.7119],[-74.3849,40.7142],[-74.3826,40.7156],[-74.3753,40.7181],[-74.3727,40.7184]]}},{"type":"Feature","properties":{"n":1,"a":"njt"},"geometry":{"type":"LineString","coordinates":[[-74.1247,40.7438],[-74.1211,40.7445],[-74.1172,40.7459]]}},{"type":"Feature","properties":{"n":1,"a":"njt"},"geometry":{"type":"LineString","coordinates":[[-73.9885,40.2928],[-73.9885,40.2932]]}},{"type":"Feature","properties":{"n":1,"a":"njt"},"geometry":{"type":"LineString","coordinates":[[-73.9887,40.2939],[-73.9887,40.2942]]}},{"type":"Feature","properties":{"n":1,"a":"njt"},"geometry":{"type":"LineString","coordinates":[[-73.9886,40.2936],[-73.9887,40.2939]]}},{"type":"Feature","properties":{"n":1,"a":"njt"},"geometry":{"type":"LineString","coordinates":[[-73.9885,40.2932],[-73.9886,40.2936]]}},{"type":"Feature","properties":{"n":1,"a":"njt"},"geometry":{"type":"LineString","coordinates":[[-73.9884,40.2924],[-73.9884,40.2926]]}},{"type":"Feature","properties":{"n":1,"a":"njt"},"geometry":{"type":"LineString","coordinates":[[-73.9884,40.2963],[-73.9884,40.2978]]}},{"type":"Feature","properties":{"n":1,"a":"njt"},"geometry":{"type":"LineString","coordinates":[[-73.9883,40.296],[-73.9884,40.2978]]}},{"type":"Feature","properties":{"n":1,"a":"njt"},"geometry":{"type":"LineString","coordinates":[[-73.9883,40.2956],[-73.9883,40.296]]}},{"type":"Feature","properties":{"n":1,"a":"njt"},"geometry":{"type":"LineString","coordinates":[[-73.9884,40.2951],[-73.9883,40.2956]]}},{"type":"Feature","properties":{"n":1,"a":"njt"},"geometry":{"type":"LineString","coordinates":[[-73.9883,40.2954],[-73.9883,40.2926],[-73.9883,40.2957]]}},{"type":"Feature","properties":{"n":1,"a":"njt"},"geometry":{"type":"LineString","coordinates":[[-73.9883,40.2954],[-73.9883,40.2956]]}},{"type":"Feature","properties":{"n":1,"a":"njt"},"geometry":{"type":"LineString","coordinates":[[-73.9883,40.2957],[-73.9883,40.296]]}},{"type":"Feature","properties":{"n":1,"a":"njt"},"geometry":{"type":"LineString","coordinates":[[-73.9882,40.2926],[-73.9883,40.2957]]}},{"type":"Feature","properties":{"n":1,"a":"njt"},"geometry":{"type":"LineString","coordinates":[[-73.9884,40.2924],[-73.9883,40.2954]]}},{"type":"Feature","properties":{"n":1,"a":"njt"},"geometry":{"type":"LineString","coordinates":[[-73.9884,40.2951],[-73.9884,40.2963]]}},{"type":"Feature","properties":{"n":1,"a":"njt"},"geometry":{"type":"LineString","coordinates":[[-73.9884,40.296],[-73.9884,40.2963]]}},{"type":"Feature","properties":{"n":1,"a":"njt"},"geometry":{"type":"LineString","coordinates":[[-73.9885,40.2955],[-73.9884,40.296]]}},{"type":"Feature","properties":{"n":1,"a":"njt"},"geometry":{"type":"LineString","coordinates":[[-73.9887,40.2939],[-73.9885,40.2959]]}},{"type":"Feature","properties":{"n":1,"a":"njt"},"geometry":{"type":"LineString","coordinates":[[-73.9887,40.2942],[-73.9885,40.2959]]}},{"type":"Feature","properties":{"n":1,"a":"njt"},"geometry":{"type":"LineString","coordinates":[[-73.9885,40.2959],[-73.9884,40.2963]]}},{"type":"Feature","properties":{"n":1,"a":"njt"},"geometry":{"type":"LineString","coordinates":[[-73.9884,40.2926],[-73.9885,40.2928]]}},{"type":"Feature","properties":{"n":1,"a":"njt"},"geometry":{"type":"LineString","coordinates":[[-73.9885,40.2928],[-73.9884,40.296]]}},{"type":"Feature","properties":{"n":1,"a":"njt"},"geometry":{"type":"LineString","coordinates":[[-73.9885,40.2932],[-73.9885,40.2955]]}},{"type":"Feature","properties":{"n":1,"a":"njt"},"geometry":{"type":"LineString","coordinates":[[-73.9886,40.2936],[-73.9885,40.2955]]}},{"type":"Feature","properties":{"n":1,"a":"njt"},"geometry":{"type":"LineString","coordinates":[[-74.0677,40.7436],[-74.0666,40.7415],[-74.0645,40.7407]]}},{"type":"Feature","properties":{"n":1,"a":"njt"},"geometry":{"type":"LineString","coordinates":[[-74.0538,40.0753],[-74.0525,40.0751],[-74.0478,40.0758]]}},{"type":"Feature","properties":{"n":1,"a":"njt"},"geometry":{"type":"LineString","coordinates":[[-74.0916,40.8273],[-74.0904,40.8284],[-74.0891,40.8289],[-74.0865,40.8285],[-74.0821,40.8262],[-74.0778,40.8258],[-74.0764,40.8252],[-74.0725,40.823],[-74.0696,40.8201],[-74.0685,40.8186],[-74.0684,40.8174],[-74.0721,40.813],[-74.073,40.812]]}},{"type":"Feature","properties":{"n":1,"a":"njt"},"geometry":{"type":"LineString","coordinates":[[-75.033,39.8899],[-75.0314,39.8866],[-75.0295,39.8845],[-75.0245,39.8804],[-75.0152,39.8749],[-75.0111,39.8703],[-75.0093,39.8653],[-75.0087,39.8527],[-75.0017,39.8361],[-75.0005,39.8341],[-75.0003,39.8339],[-74.9966,39.8306],[-74.9762,39.8195],[-74.9642,39.8117],[-74.9542,39.8083],[-74.9447,39.8052],[-74.9311,39.7973],[-74.9075,39.7835],[-74.8921,39.7743],[-74.888,39.7697],[-74.8777,39.7525],[-74.8468,39.7115],[-74.8451,39.7086],[-74.8429,39.7],[-74.8431,39.695],[-74.8448,39.6911],[-74.8531,39.679],[-74.8544,39.675],[-74.8541,39.6724],[-74.8528,39.6694],[-74.8508,39.6672],[-74.8473,39.6648],[-74.8407,39.6602],[-74.8278,39.6513],[-74.8005,39.6323],[-74.7979,39.6306],[-74.7973,39.6301],[-74.6675,39.5399],[-74.6571,39.5327],[-74.6482,39.5265],[-74.6077,39.4983],[-74.5761,39.4763],[-74.5637,39.4677],[-74.502,39.4242],[-74.4999,39.422],[-74.498,39.4191],[-74.497,39.4157],[-74.4969,39.3981],[-74.4964,39.3953],[-74.495,39.3922],[-74.4909,39.3878],[-74.4748,39.3767],[-74.4739,39.3762],[-74.4636,39.369],[-74.4613,39.368],[-74.4476,39.365],[-74.4405,39.3631]]}},{"type":"Feature","properties":{"n":1,"a":"njt"},"geometry":{"type":"LineString","coordinates":[[-74.0462,40.0777],[-74.0482,40.0928],[-74.0499,40.1059],[-74.0506,40.1108],[-74.0505,40.114],[-74.0497,40.1167],[-74.0477,40.1205],[-74.0442,40.1273],[-74.038,40.1395],[-74.0355,40.1507],[-74.0345,40.1552],[-74.031,40.1705],[-74.0273,40.1808],[-74.0265,40.1829],[-74.0189,40.2039],[-74.0172,40.2087],[-74.0148,40.2154],[-74.0068,40.2376],[-74.0037,40.2468],[-74.0029,40.2589],[-74.0018,40.2607],[-73.9986,40.2633],[-73.9975,40.2654],[-73.99,40.282],[-73.9884,40.2924]]}},{"type":"Feature","properties":{"n":1,"a":"njt"},"geometry":{"type":"LineString","coordinates":[[-74.0464,40.0764],[-74.0462,40.0771],[-74.0462,40.0777]]}},{"type":"Feature","properties":{"n":1,"a":"lirr"},"geometry":{"type":"LineString","coordinates":[[-73.9533,40.7407],[-73.9525,40.7406],[-73.9467,40.7425],[-73.9389,40.7455],[-73.9423,40.7442]]}},{"type":"Feature","properties":{"n":1,"a":"lirr"},"geometry":{"type":"LineString","coordinates":[[-73.9585,40.7412],[-73.9538,40.7407]]}},{"type":"Feature","properties":{"n":1,"a":"lirr"},"geometry":{"type":"LineString","coordinates":[[-73.9538,40.7409],[-73.9533,40.7407]]}},{"type":"Feature","properties":{"n":1,"a":"lirr"},"geometry":{"type":"LineString","coordinates":[[-73.7048,40.7251],[-73.6828,40.7303],[-73.6811,40.7307],[-73.6614,40.7354],[-73.6396,40.7406],[-73.6389,40.7408]]}},{"type":"Feature","properties":{"n":1,"a":"lirr"},"geometry":{"type":"LineString","coordinates":[[-72.7006,40.8219],[-72.7001,40.8227]]}},{"type":"Feature","properties":{"n":1,"a":"lirr"},"geometry":{"type":"LineString","coordinates":[[-72.7033,40.821],[-72.7018,40.8211],[-72.7006,40.8219]]}},{"type":"Feature","properties":{"n":1,"a":"lirr"},"geometry":{"type":"LineString","coordinates":[[-72.7033,40.821],[-72.7016,40.8213],[-72.7002,40.8227]]}},{"type":"Feature","properties":{"n":1,"a":"lirr"},"geometry":{"type":"LineString","coordinates":[[-71.9559,41.0458],[-71.9528,41.0481]]}},{"type":"Feature","properties":{"n":1,"a":"lirr"},"geometry":{"type":"LineString","coordinates":[[-71.9561,41.0433],[-71.9562,41.0442]]}},{"type":"Feature","properties":{"n":1,"a":"lirr"},"geometry":{"type":"LineString","coordinates":[[-71.9562,41.0442],[-71.9559,41.0458]]}},{"type":"Feature","properties":{"n":1,"a":"lirr"},"geometry":{"type":"LineString","coordinates":[[-71.9582,41.0447],[-71.9559,41.0458]]}},{"type":"Feature","properties":{"n":1,"a":"lirr"},"geometry":{"type":"LineString","coordinates":[[-71.9586,41.0444],[-71.9582,41.0447]]}},{"type":"Feature","properties":{"n":1,"a":"lirr"},"geometry":{"type":"LineString","coordinates":[[-73.8268,40.6983],[-73.8236,40.697],[-73.8209,40.6967],[-73.8072,40.6996],[-73.8041,40.7007],[-73.8033,40.701]]}},{"type":"Feature","properties":{"n":1,"a":"lirr"},"geometry":{"type":"LineString","coordinates":[[-73.9538,40.7407],[-73.9533,40.7407]]}},{"type":"Feature","properties":{"n":1,"a":"lirr"},"geometry":{"type":"LineString","coordinates":[[-73.7278,40.7127],[-73.7286,40.7156]]}},{"type":"Feature","properties":{"n":1,"a":"lirr"},"geometry":{"type":"LineString","coordinates":[[-73.7324,40.7185],[-73.7306,40.7186],[-73.7292,40.718],[-73.7286,40.7156]]}},{"type":"Feature","properties":{"n":1,"a":"lirr"},"geometry":{"type":"LineString","coordinates":[[-73.7754,40.7046],[-73.7755,40.7062],[-73.7743,40.7075],[-73.769,40.7093]]}},{"type":"Feature","properties":{"n":1,"a":"lirr"},"geometry":{"type":"LineString","coordinates":[[-73.7719,40.6987],[-73.7747,40.7037]]}},{"type":"Feature","properties":{"n":1,"a":"lirr"},"geometry":{"type":"LineString","coordinates":[[-73.8223,40.6971],[-73.815,40.6982]]}},{"type":"Feature","properties":{"n":1,"a":"lirr"},"geometry":{"type":"LineString","coordinates":[[-71.9582,41.0447],[-71.9571,41.0448],[-71.9562,41.0442]]}},{"type":"Feature","properties":{"n":1,"a":"lirr"},"geometry":{"type":"LineString","coordinates":[[-73.9505,40.7432],[-73.9481,40.7429],[-73.9457,40.7435]]}},{"type":"Feature","properties":{"n":1,"a":"lirr"},"geometry":{"type":"LineString","coordinates":[[-73.9457,40.7435],[-73.9441,40.7441]]}},{"type":"Feature","properties":{"n":1,"a":"lirr"},"geometry":{"type":"LineString","coordinates":[[-73.7751,40.7042],[-73.7747,40.7037]]}},{"type":"Feature","properties":{"n":1,"a":"lirr"},"geometry":{"type":"LineString","coordinates":[[-73.7754,40.7046],[-73.7751,40.7042]]}},{"type":"Feature","properties":{"n":1,"a":"lirr"},"geometry":{"type":"LineString","coordinates":[[-73.7739,40.7011],[-73.7719,40.6987]]}},{"type":"Feature","properties":{"n":1,"a":"lirr"},"geometry":{"type":"LineString","coordinates":[[-73.7739,40.7011],[-73.7747,40.7037]]}},{"type":"Feature","properties":{"n":1,"a":"lirr"},"geometry":{"type":"LineString","coordinates":[[-73.7739,40.7011],[-73.7756,40.7037],[-73.7754,40.7046]]}},{"type":"Feature","properties":{"n":1,"a":"lirr"},"geometry":{"type":"LineString","coordinates":[[-73.7719,40.6987],[-73.7721,40.7003],[-73.7741,40.7036],[-73.7751,40.7042]]}},{"type":"Feature","properties":{"n":1,"a":"lirr"},"geometry":{"type":"LineString","coordinates":[[-73.7827,40.7064],[-73.7797,40.7062],[-73.7776,40.7066],[-73.7766,40.7073],[-73.769,40.7093]]}},{"type":"Feature","properties":{"n":1,"a":"lirr"},"geometry":{"type":"LineString","coordinates":[[-73.9505,40.7432],[-73.9457,40.7435]]}},{"type":"Feature","properties":{"n":1,"a":"lirr"},"geometry":{"type":"LineString","coordinates":[[-73.8207,40.6969],[-73.8159,40.698]]}},{"type":"Feature","properties":{"n":1,"a":"lirr"},"geometry":{"type":"LineString","coordinates":[[-73.8234,40.6976],[-73.8223,40.6971]]}},{"type":"Feature","properties":{"n":1,"a":"lirr"},"geometry":{"type":"LineString","coordinates":[[-73.826,40.6982],[-73.8223,40.6971]]}},{"type":"Feature","properties":{"n":1,"a":"lirr"},"geometry":{"type":"LineString","coordinates":[[-73.9441,40.7441],[-73.9404,40.7458]]}},{"type":"Feature","properties":{"n":1,"a":"lirr"},"geometry":{"type":"LineString","coordinates":[[-73.0439,40.9335],[-73.0404,40.9335]]}},{"type":"Feature","properties":{"n":1,"a":"lirr"},"geometry":{"type":"LineString","coordinates":[[-73.0443,40.9335],[-73.0439,40.9335]]}},{"type":"Feature","properties":{"n":1,"a":"lirr"},"geometry":{"type":"LineString","coordinates":[[-73.8223,40.6971],[-73.8188,40.6968]]}},{"type":"Feature","properties":{"n":1,"a":"lirr"},"geometry":{"type":"LineString","coordinates":[[-73.8257,40.6983],[-73.8223,40.6971]]}},{"type":"Feature","properties":{"n":1,"a":"lirr"},"geometry":{"type":"LineString","coordinates":[[-73.8246,40.6985],[-73.8234,40.6976]]}},{"type":"Feature","properties":{"n":1,"a":"lirr"},"geometry":{"type":"LineString","coordinates":[[-73.8249,40.6984],[-73.8234,40.6976]]}},{"type":"Feature","properties":{"n":1,"a":"lirr"},"geometry":{"type":"LineString","coordinates":[[-73.8159,40.698],[-73.8136,40.6985]]}},{"type":"Feature","properties":{"n":1,"a":"lirr"},"geometry":{"type":"LineString","coordinates":[[-73.8223,40.6971],[-73.8207,40.6969]]}},{"type":"Feature","properties":{"n":1,"a":"lirr"},"geometry":{"type":"LineString","coordinates":[[-73.7282,40.7126],[-73.7286,40.7156]]}},{"type":"Feature","properties":{"n":1,"a":"lirr"},"geometry":{"type":"LineString","coordinates":[[-73.0439,40.9335],[-73.0404,40.9334]]}},{"type":"Feature","properties":{"n":1,"a":"lirr"},"geometry":{"type":"LineString","coordinates":[[-73.0439,40.9335],[-73.0404,40.9332]]}},{"type":"Feature","properties":{"n":1,"a":"lirr"},"geometry":{"type":"LineString","coordinates":[[-73.0439,40.9335],[-73.0404,40.9333]]}},{"type":"Feature","properties":{"n":1,"a":"lirr"},"geometry":{"type":"LineString","coordinates":[[-73.3133,40.705],[-73.3111,40.7066],[-73.3088,40.7072],[-73.3068,40.7071]]}},{"type":"Feature","properties":{"n":1,"a":"lirr"},"geometry":{"type":"LineString","coordinates":[[-73.3133,40.705],[-73.3114,40.7068],[-73.3093,40.7075]]}},{"type":"Feature","properties":{"n":1,"a":"lirr"},"geometry":{"type":"LineString","coordinates":[[-73.3133,40.705],[-73.3111,40.7062],[-73.3068,40.7071]]}},{"type":"Feature","properties":{"n":1,"a":"lirr"},"geometry":{"type":"LineString","coordinates":[[-72.7033,40.821],[-72.7017,40.8215],[-72.7003,40.8228]]}},{"type":"Feature","properties":{"n":1,"a":"lirr"},"geometry":{"type":"LineString","coordinates":[[-72.7033,40.821],[-72.6993,40.8205]]}},{"type":"Feature","properties":{"n":1,"a":"lirr"},"geometry":{"type":"LineString","coordinates":[[-72.7006,40.8219],[-72.7006,40.8211],[-72.6993,40.8205]]}},{"type":"Feature","properties":{"n":1,"a":"lirr"},"geometry":{"type":"LineString","coordinates":[[-74.0324,40.644],[-74.0316,40.6436]]}},{"type":"Feature","properties":{"n":1,"a":"lirr"},"geometry":{"type":"LineString","coordinates":[[-73.8033,40.701],[-73.8013,40.7019]]}},{"type":"Feature","properties":{"n":1,"a":"lirr"},"geometry":{"type":"LineString","coordinates":[[-73.9584,40.7413],[-73.9538,40.7407]]}},{"type":"Feature","properties":{"n":1,"a":"lirr"},"geometry":{"type":"LineString","coordinates":[[-73.9573,40.7415],[-73.9538,40.7409]]}},{"type":"Feature","properties":{"n":1,"a":"lirr"},"geometry":{"type":"LineString","coordinates":[[-73.7505,40.609],[-73.7483,40.6107],[-73.7447,40.6121],[-73.7369,40.6151],[-73.7315,40.6183],[-73.7259,40.6223],[-73.7138,40.6313],[-73.7052,40.6367],[-73.7029,40.6382],[-73.702,40.6396],[-73.7018,40.649],[-73.7017,40.6595],[-73.7031,40.6612]]}},{"type":"Feature","properties":{"n":1,"a":"lirr"},"geometry":{"type":"LineString","coordinates":[[-73.769,40.7093],[-73.7667,40.7101],[-73.7646,40.7108]]}},{"type":"Feature","properties":{"n":1,"a":"lirr"},"geometry":{"type":"LineString","coordinates":[[-73.4701,40.7343],[-73.4653,40.7318],[-73.4335,40.7236],[-73.3897,40.7124],[-73.3537,40.699],[-73.3457,40.696],[-73.3431,40.6957],[-73.3412,40.696]]}},{"type":"Feature","properties":{"n":1,"a":"lirr"},"geometry":{"type":"LineString","coordinates":[[-73.5256,40.7679],[-73.5221,40.7694],[-73.5199,40.7724],[-73.5122,40.8117],[-73.5053,40.8218],[-73.5023,40.8239],[-73.5008,40.8247],[-73.498,40.8255],[-73.4733,40.8285],[-73.4591,40.8295],[-73.4568,40.8303],[-73.454,40.832],[-73.4515,40.8352],[-73.4493,40.8377],[-73.446,40.8388],[-73.443,40.8384],[-73.4373,40.8362],[-73.4338,40.8365],[-73.4171,40.8484],[-73.4124,40.8519],[-73.4098,40.8529],[-73.3937,40.8583],[-73.3647,40.8681],[-73.3633,40.8685],[-73.3563,40.8709],[-73.3482,40.872],[-73.3456,40.8736],[-73.3364,40.8797],[-73.3331,40.8804],[-73.3268,40.8807],[-73.2555,40.8837],[-73.2521,40.8837],[-73.2498,40.883],[-73.2331,40.8735],[-73.2317,40.8722],[-73.2285,40.867],[-73.2231,40.8641],[-73.2183,40.8599],[-73.2139,40.8587],[-73.207,40.8553],[-73.2034,40.8552],[-73.199,40.8562],[-73.1933,40.8579],[-73.1872,40.8617],[-73.1585,40.8829],[-73.1577,40.8835],[-73.1448,40.8933],[-73.1403,40.9028],[-73.1367,40.9067],[-73.1365,40.908],[-73.1375,40.9113],[-73.1371,40.9128],[-73.1316,40.9166],[-73.1284,40.9205],[-73.1251,40.9239],[-73.1187,40.9259],[-73.1143,40.929],[-73.1117,40.9299],[-73.1027,40.9307],[-73.09,40.9342],[-73.0866,40.9347],[-73.0825,40.9364],[-73.0786,40.9357],[-73.0731,40.9331],[-73.0675,40.9344],[-73.0621,40.9337],[-73.0585,40.9339],[-73.0524,40.9344],[-73.0501,40.9341],[-73.0458,40.9335],[-73.0448,40.9335],[-73.0443,40.9335]]}},{"type":"Feature","properties":{"n":1,"a":"lirr"},"geometry":{"type":"LineString","coordinates":[[-73.4701,40.7343],[-73.466,40.7322],[-73.4617,40.7316],[-73.4419,40.7358],[-73.436,40.7371],[-73.4024,40.7447],[-73.3995,40.7454],[-73.3607,40.7542],[-73.3582,40.7548],[-73.3119,40.7653],[-73.3015,40.7677],[-73.2937,40.7695],[-73.2849,40.7715],[-73.2755,40.7736],[-73.2462,40.7803],[-73.2427,40.7811],[-73.2042,40.7898],[-73.1937,40.7921],[-73.1771,40.7955],[-73.1245,40.8065],[-73.106,40.8081],[-73.0993,40.8087],[-73.0645,40.8117],[-73.0563,40.8124],[-73.0366,40.8141],[-73.0225,40.8154],[-72.9992,40.8174],[-72.9827,40.8188],[-72.9414,40.8224],[-72.9206,40.8241],[-72.9168,40.8252],[-72.9133,40.8268],[-72.8576,40.8524],[-72.8543,40.8539],[-72.7983,40.8795],[-72.7707,40.8941],[-72.7355,40.913],[-72.7322,40.914],[-72.7285,40.9147],[-72.6708,40.9195],[-72.6652,40.9199],[-72.654,40.9209],[-72.6506,40.9219],[-72.6159,40.9406],[-72.5814,40.9441],[-72.5794,40.9448],[-72.5773,40.9463],[-72.5361,40.9918],[-72.5321,40.9962],[-72.5268,41.0011],[-72.4443,41.0588],[-72.4277,41.0664],[-72.3998,41.0791],[-72.379,41.0956],[-72.3764,41.0966],[-72.3658,41.099]]}},{"type":"Feature","properties":{"n":1,"a":"lirr"},"geometry":{"type":"LineString","coordinates":[[-73.3133,40.705],[-73.3068,40.7071]]}},{"type":"Feature","properties":{"n":1,"a":"lirr"},"geometry":{"type":"LineString","coordinates":[[-72.7033,40.821],[-72.6993,40.8205]]}},{"type":"Feature","properties":{"n":1,"a":"lirr"},"geometry":{"type":"LineString","coordinates":[[-72.6993,40.8205],[-72.6944,40.8202],[-72.6694,40.8285],[-72.6513,40.8302],[-72.6069,40.8347],[-72.5595,40.8647],[-72.5241,40.8766],[-72.5207,40.8777],[-72.5146,40.8798],[-72.5113,40.882],[-72.4995,40.8883],[-72.4834,40.8905],[-72.4637,40.8909],[-72.4503,40.8907],[-72.3948,40.8931],[-72.3915,40.894],[-72.3899,40.8948],[-72.3822,40.8988],[-72.3561,40.9102],[-72.3392,40.9254],[-72.3209,40.9346],[-72.3106,40.9386],[-72.3096,40.9393],[-72.3042,40.9432],[-72.3015,40.9445],[-72.2904,40.9479],[-72.1935,40.965],[-72.1851,40.9666],[-72.143,40.9793],[-72.138,40.9801],[-72.1326,40.98],[-72.1144,40.9798],[-72.1094,40.9804],[-72.028,41.0041],[-72.0252,41.0057],[-72.0187,41.0124],[-72.0176,41.015],[-72.0176,41.0196],[-72.0169,41.0218],[-72.0098,41.0299],[-72.0067,41.0324],[-71.9903,41.0424],[-71.9875,41.0435],[-71.9841,41.0435],[-71.9816,41.0427],[-71.9765,41.0394],[-71.9748,41.039],[-71.9649,41.0412],[-71.9586,41.0444]]}},{"type":"Feature","properties":{"n":1,"a":"lirr"},"geometry":{"type":"LineString","coordinates":[[-73.3068,40.7071],[-73.2979,40.7094],[-73.257,40.7231],[-73.253,40.7249],[-73.2522,40.7253],[-73.2439,40.7289],[-73.2112,40.7354],[-73.2092,40.7358],[-73.2043,40.7367],[-73.1951,40.7369],[-73.1699,40.7405],[-73.1596,40.7422],[-73.157,40.7433],[-73.1521,40.7464],[-73.149,40.7473],[-73.1387,40.7458],[-73.1316,40.7431],[-73.126,40.7417],[-73.0864,40.7404],[-73.0817,40.7405],[-73.0755,40.7416],[-73.0459,40.7473],[-73.0274,40.7567],[-73.0215,40.7605],[-73.0179,40.7614],[-73.0158,40.7619],[-73.0031,40.7649],[-72.9777,40.7677],[-72.9437,40.7738],[-72.9301,40.7765],[-72.8909,40.7958],[-72.8645,40.799],[-72.8257,40.8033],[-72.8104,40.8017],[-72.8038,40.802],[-72.7559,40.8119],[-72.7542,40.8132],[-72.7448,40.8246],[-72.7425,40.826],[-72.7395,40.8263],[-72.7226,40.8238],[-72.7049,40.8213],[-72.7033,40.821]]}},{"type":"Feature","properties":{"n":1,"a":"lirr"},"geometry":{"type":"LineString","coordinates":[[-73.7646,40.7108],[-73.7379,40.7172],[-73.7364,40.7175],[-73.7324,40.7185]]}},{"type":"Feature","properties":{"n":1,"a":"lirr"},"geometry":{"type":"LineString","coordinates":[[-73.7827,40.7064],[-73.7646,40.7108]]}},{"type":"Feature","properties":{"n":1,"a":"lirr"},"geometry":{"type":"LineString","coordinates":[[-73.8013,40.7019],[-73.7868,40.7054]]}},{"type":"Feature","properties":{"n":1,"a":"lirr"},"geometry":{"type":"LineString","coordinates":[[-73.7324,40.7185],[-73.7292,40.7192],[-73.7168,40.7222],[-73.7064,40.7247],[-73.7048,40.7251]]}},{"type":"Feature","properties":{"n":1,"a":"lirr"},"geometry":{"type":"LineString","coordinates":[[-73.7031,40.6612],[-73.6985,40.6599]]}},{"type":"Feature","properties":{"n":1,"a":"lirr"},"geometry":{"type":"LineString","coordinates":[[-73.815,40.6982],[-73.8133,40.6983],[-73.8076,40.6998],[-73.807,40.7],[-73.8033,40.701]]}},{"type":"Feature","properties":{"n":1,"a":"lirr"},"geometry":{"type":"LineString","coordinates":[[-73.7868,40.7054],[-73.7827,40.7064]]}},{"type":"Feature","properties":{"n":1,"a":"lirr"},"geometry":{"type":"LineString","coordinates":[[-73.8953,40.739],[-73.8837,40.7338],[-73.8641,40.7267],[-73.8623,40.726],[-73.8448,40.7196],[-73.8389,40.7167],[-73.8308,40.7095],[-73.8208,40.7006],[-73.8184,40.6992],[-73.8157,40.6984]]}},{"type":"Feature","properties":{"n":1,"a":"lirr"},"geometry":{"type":"LineString","coordinates":[[-73.8188,40.6968],[-73.8136,40.6985]]}},{"type":"Feature","properties":{"n":1,"a":"lirr"},"geometry":{"type":"LineString","coordinates":[[-73.8042,40.701],[-73.8013,40.7019]]}},{"type":"Feature","properties":{"n":1,"a":"lirr"},"geometry":{"type":"LineString","coordinates":[[-73.7868,40.7054],[-73.7825,40.706],[-73.7792,40.7052],[-73.7719,40.6987]]}},{"type":"Feature","properties":{"n":1,"a":"lirr"},"geometry":{"type":"LineString","coordinates":[[-73.9158,40.7505],[-73.9122,40.7507],[-73.9093,40.7502],[-73.9064,40.7487],[-73.9028,40.7456],[-73.8953,40.739]]}},{"type":"Feature","properties":{"n":1,"a":"lirr"},"geometry":{"type":"LineString","coordinates":[[-73.8136,40.6985],[-73.8042,40.701]]}},{"type":"Feature","properties":{"n":1,"a":"lirr"},"geometry":{"type":"LineString","coordinates":[[-71.9586,41.0444],[-71.955,41.0464],[-71.9529,41.0484]]}},{"type":"Feature","properties":{"n":1,"a":"lirr"},"geometry":{"type":"LineString","coordinates":[[-73.8157,40.6984],[-73.8136,40.6985]]}},{"type":"Feature","properties":{"n":1,"a":"lirr"},"geometry":{"type":"LineString","coordinates":[[-73.8207,40.6969],[-73.8159,40.698]]}},{"type":"Feature","properties":{"n":1,"a":"lirr"},"geometry":{"type":"LineString","coordinates":[[-73.8953,40.739],[-73.893,40.738],[-73.8908,40.738],[-73.8602,40.7472],[-73.8468,40.7515],[-73.8376,40.7547],[-73.8299,40.7586],[-73.8146,40.7628],[-73.8015,40.7617],[-73.795,40.7611],[-73.7899,40.7615],[-73.7724,40.7631],[-73.7553,40.7648],[-73.7523,40.766],[-73.7492,40.7682],[-73.7405,40.7752],[-73.7345,40.78],[-73.7302,40.7854],[-73.7265,40.7871],[-73.7219,40.7885],[-73.7163,40.7908],[-73.7049,40.7941],[-73.7,40.7966],[-73.6963,40.7988],[-73.6949,40.8008],[-73.6959,40.8063],[-73.6953,40.8101],[-73.6949,40.8122],[-73.6939,40.8136],[-73.6882,40.8162],[-73.6871,40.8175],[-73.6862,40.8241],[-73.6873,40.8286],[-73.6878,40.8301]]}},{"type":"Feature","properties":{"n":1,"a":"lirr"},"geometry":{"type":"LineString","coordinates":[[-73.8157,40.6984],[-73.815,40.6982]]}},{"type":"Feature","properties":{"n":1,"a":"lirr"},"geometry":{"type":"LineString","coordinates":[[-73.9973,40.7522],[-73.9893,40.7496],[-73.9746,40.7437],[-73.9715,40.7431],[-73.9612,40.7426],[-73.9505,40.7432]]}},{"type":"Feature","properties":{"n":1,"a":"lirr"},"geometry":{"type":"LineString","coordinates":[[-73.9505,40.7432],[-73.9441,40.7441]]}},{"type":"Feature","properties":{"n":1,"a":"lirr"},"geometry":{"type":"LineString","coordinates":[[-73.8042,40.701],[-73.8015,40.7006]]}},{"type":"Feature","properties":{"n":1,"a":"lirr"},"geometry":{"type":"LineString","coordinates":[[-73.5256,40.7679],[-73.523,40.7682],[-73.5212,40.7677],[-73.5012,40.7546],[-73.4838,40.7433],[-73.4701,40.7343]]}},{"type":"Feature","properties":{"n":1,"a":"lirr"},"geometry":{"type":"LineString","coordinates":[[-73.8033,40.701],[-73.8015,40.7006]]}},{"type":"Feature","properties":{"n":1,"a":"lirr"},"geometry":{"type":"LineString","coordinates":[[-73.9585,40.7415],[-73.9533,40.7407]]}},{"type":"Feature","properties":{"n":1,"a":"lirr"},"geometry":{"type":"LineString","coordinates":[[-73.9571,40.7416],[-73.9538,40.7409]]}},{"type":"Feature","properties":{"n":1,"a":"lirr"},"geometry":{"type":"LineString","coordinates":[[-73.0443,40.9335],[-73.0404,40.9337]]}},{"type":"Feature","properties":{"n":1,"a":"lirr"},"geometry":{"type":"LineString","coordinates":[[-73.3412,40.696],[-73.3244,40.7007],[-73.3201,40.702],[-73.3133,40.705]]}},{"type":"Feature","properties":{"n":1,"a":"lirr"},"geometry":{"type":"LineString","coordinates":[[-73.6725,40.6556],[-73.6538,40.6582],[-73.6468,40.6583],[-73.607,40.6567],[-73.5869,40.657],[-73.5826,40.6574],[-73.5505,40.6638],[-73.5283,40.6689],[-73.509,40.6729],[-73.495,40.6751],[-73.4867,40.6757],[-73.4683,40.6769],[-73.4545,40.6778],[-73.4251,40.6799],[-73.4205,40.6802],[-73.399,40.681],[-73.3939,40.6813],[-73.3902,40.682],[-73.3693,40.6882],[-73.3412,40.696]]}},{"type":"Feature","properties":{"n":1,"a":"lirr"},"geometry":{"type":"LineString","coordinates":[[-73.6389,40.7408],[-73.6038,40.7492],[-73.5952,40.7512],[-73.5856,40.7535],[-73.5483,40.7624],[-73.5283,40.7672],[-73.5256,40.7679]]}},{"type":"Feature","properties":{"n":1,"a":"lirr"},"geometry":{"type":"LineString","coordinates":[[-73.747,40.6667],[-73.7431,40.666],[-73.7358,40.666],[-73.7284,40.666],[-73.7192,40.6656],[-73.7047,40.6616],[-73.7031,40.6612]]}},{"type":"Feature","properties":{"n":1,"a":"lirr"},"geometry":{"type":"LineString","coordinates":[[-73.6985,40.6599],[-73.6953,40.6602],[-73.6814,40.6683],[-73.6691,40.6753],[-73.6541,40.6841],[-73.6522,40.6858],[-73.6462,40.695],[-73.6412,40.7026]]}},{"type":"Feature","properties":{"n":1,"a":"lirr"},"geometry":{"type":"LineString","coordinates":[[-73.8015,40.7006],[-73.7973,40.698],[-73.7928,40.6924],[-73.7913,40.6913],[-73.765,40.6751],[-73.7558,40.6701],[-73.7518,40.6685],[-73.747,40.6667]]}},{"type":"Feature","properties":{"n":1,"a":"lirr"},"geometry":{"type":"LineString","coordinates":[[-73.7048,40.7251],[-73.6913,40.7236],[-73.681,40.723],[-73.6628,40.723],[-73.6402,40.7231],[-73.6337,40.7246],[-73.6314,40.7239],[-73.6296,40.7214],[-73.6266,40.7186],[-73.6246,40.7121]]}},{"type":"Feature","properties":{"n":1,"a":"lirr"},"geometry":{"type":"LineString","coordinates":[[-73.6647,40.5892],[-73.6647,40.5917],[-73.6643,40.5928],[-73.655,40.601],[-73.6493,40.6079],[-73.6483,40.6105],[-73.6547,40.6349],[-73.656,40.6394],[-73.6581,40.6421],[-73.6638,40.6482],[-73.6699,40.6546],[-73.6725,40.6556]]}},{"type":"Feature","properties":{"n":1,"a":"lirr"},"geometry":{"type":"LineString","coordinates":[[-73.7719,40.6987],[-73.7656,40.6912],[-73.7626,40.6855],[-73.751,40.6694],[-73.7496,40.668],[-73.747,40.6667]]}},{"type":"Feature","properties":{"n":1,"a":"lirr"},"geometry":{"type":"LineString","coordinates":[[-73.6389,40.7408],[-73.6367,40.742],[-73.636,40.7438],[-73.6389,40.7524],[-73.6394,40.7561],[-73.6417,40.772],[-73.6432,40.7813],[-73.6433,40.7905],[-73.6441,40.7972],[-73.643,40.801],[-73.6373,40.8068],[-73.629,40.8125],[-73.6269,40.8156],[-73.6257,40.8258],[-73.6261,40.8322],[-73.6273,40.8453],[-73.6254,40.8524],[-73.6248,40.8558],[-73.6235,40.857],[-73.6215,40.8579],[-73.6197,40.8593],[-73.6189,40.8628],[-73.6169,40.8652],[-73.614,40.8671],[-73.607,40.8695],[-73.5989,40.8742],[-73.5916,40.8774],[-73.5854,40.8786],[-73.5812,40.8789],[-73.5766,40.8819],[-73.5703,40.8827],[-73.5682,40.8825],[-73.5646,40.8813],[-73.5605,40.8777],[-73.5556,40.8764],[-73.5527,40.8767],[-73.5496,40.879],[-73.5474,40.8795],[-73.5453,40.8788],[-73.5435,40.8766],[-73.5419,40.8757],[-73.5339,40.8754],[-73.5292,40.8747]]}},{"type":"Feature","properties":{"n":1,"a":"lirr"},"geometry":{"type":"LineString","coordinates":[[-73.9773,40.6847],[-73.9759,40.6836],[-73.9744,40.6832],[-73.9524,40.6786],[-73.9479,40.6784],[-73.9033,40.6759],[-73.9001,40.6756],[-73.8949,40.6759],[-73.8866,40.6774],[-73.8188,40.6968]]}},{"type":"Feature","properties":{"n":1,"a":"lirr"},"geometry":{"type":"LineString","coordinates":[[-73.6985,40.6599],[-73.693,40.6585],[-73.6751,40.6559],[-73.6725,40.6556]]}},{"type":"Feature","properties":{"n":1,"a":"mnr"},"geometry":{"type":"LineString","coordinates":[[-73.9302,40.8398],[-73.9263,40.8473],[-73.9199,40.8542],[-73.9186,40.8558],[-73.917,40.859],[-73.9136,40.8619],[-73.911,40.8641],[-73.9086,40.8692],[-73.9084,40.871],[-73.9087,40.8718],[-73.9108,40.8741],[-73.9138,40.8752],[-73.9153,40.8757],[-73.9189,40.8761],[-73.9224,40.8789],[-73.9232,40.8802],[-73.9231,40.8814]]}},{"type":"Feature","properties":{"n":1,"a":"mnr"},"geometry":{"type":"LineString","coordinates":[[-73.86,40.8992],[-73.8561,40.9035],[-73.853,40.9069],[-73.8526,40.9072],[-73.8474,40.9096],[-73.841,40.9107],[-73.836,40.9122],[-73.8321,40.9121],[-73.8305,40.9119],[-73.8268,40.9115],[-73.8193,40.9122],[-73.8089,40.91],[-73.7944,40.907],[-73.7899,40.9073],[-73.787,40.9084]]}},{"type":"Feature","properties":{"n":1,"a":"mnr"},"geometry":{"type":"LineString","coordinates":[[-73.4186,41.0991],[-73.4179,41.1011],[-73.4176,41.1042],[-73.415,41.1073],[-73.4106,41.1139],[-73.4105,41.1154],[-73.4172,41.1208],[-73.4235,41.1282],[-73.4258,41.1367],[-73.4279,41.1417],[-73.4277,41.1468],[-73.4274,41.1501],[-73.4255,41.1526],[-73.4245,41.1562],[-73.4202,41.1638],[-73.4202,41.1763],[-73.4217,41.1814],[-73.4274,41.1869],[-73.43,41.1937],[-73.432,41.1958],[-73.4335,41.1973],[-73.4338,41.199],[-73.43,41.2036],[-73.4288,41.211],[-73.4264,41.2169],[-73.4252,41.2201],[-73.4239,41.2288],[-73.4244,41.2299],[-73.427,41.2324],[-73.4299,41.2374],[-73.433,41.2448],[-73.4328,41.2479],[-73.4306,41.2518],[-73.43,41.256],[-73.4301,41.2571],[-73.431,41.2584],[-73.4371,41.262],[-73.4397,41.2646],[-73.4408,41.2668],[-73.4447,41.276],[-73.4447,41.2788],[-73.4461,41.286],[-73.4452,41.2906],[-73.4469,41.2941],[-73.4489,41.2958],[-73.4499,41.2973],[-73.4502,41.3003],[-73.4499,41.3035],[-73.4511,41.308],[-73.4506,41.3095],[-73.4415,41.3213],[-73.435,41.3249],[-73.4309,41.3276],[-73.4283,41.3311],[-73.4244,41.3337],[-73.4212,41.3386],[-73.4206,41.3436],[-73.4185,41.3505],[-73.4185,41.3565],[-73.4171,41.3637],[-73.4149,41.3698],[-73.4151,41.3726],[-73.4181,41.3761],[-73.4312,41.3901],[-73.4351,41.3941],[-73.4388,41.3961],[-73.4433,41.397],[-73.447,41.3962],[-73.4488,41.396],[-73.4502,41.3962],[-73.4506,41.3972],[-73.4499,41.3978],[-73.4483,41.3979]]}},{"type":"Feature","properties":{"n":1,"a":"mnr"},"geometry":{"type":"LineString","coordinates":[[-73.9264,40.8206],[-73.9278,40.8225]]}},{"type":"Feature","properties":{"n":1,"a":"mnr"},"geometry":{"type":"LineString","coordinates":[[-73.9305,40.8392],[-73.9302,40.8398]]}},{"type":"Feature","properties":{"n":1,"a":"mnr"},"geometry":{"type":"LineString","coordinates":[[-73.926,40.8175],[-73.9255,40.8189],[-73.9264,40.8206]]}},{"type":"Feature","properties":{"n":1,"a":"mnr"},"geometry":{"type":"LineString","coordinates":[[-73.9328,40.8303],[-73.9328,40.832]]}},{"type":"Feature","properties":{"n":1,"a":"mnr"},"geometry":{"type":"LineString","coordinates":[[-73.9328,40.832],[-73.9305,40.8392]]}},{"type":"Feature","properties":{"n":1,"a":"mnr"},"geometry":{"type":"LineString","coordinates":[[-73.9328,40.832],[-73.9328,40.8336],[-73.9321,40.8365],[-73.9305,40.8392]]}},{"type":"Feature","properties":{"n":1,"a":"mnr"},"geometry":{"type":"LineString","coordinates":[[-73.9264,40.8206],[-73.925,40.8199],[-73.9232,40.8205]]}},{"type":"Feature","properties":{"n":1,"a":"mnr"},"geometry":{"type":"LineString","coordinates":[[-74.0033,40.7499],[-74.002,40.7517],[-74.0021,40.7526],[-74.0057,40.7544],[-74.0058,40.7554],[-74.0049,40.7564],[-74.0016,40.7557],[-74.0003,40.7567]]}},{"type":"Feature","properties":{"n":1,"a":"mnr"},"geometry":{"type":"LineString","coordinates":[[-73.1058,41.208],[-73.1069,41.2111],[-73.1066,41.2139],[-73.0978,41.2324],[-73.0926,41.2406],[-73.0911,41.2446],[-73.0815,41.2556],[-73.0803,41.2578],[-73.08,41.2612],[-73.0825,41.2695],[-73.0812,41.2748],[-73.0793,41.2791],[-73.0759,41.2836],[-73.0698,41.2869],[-73.0673,41.2891],[-73.0645,41.294],[-73.0641,41.2977],[-73.0648,41.2996],[-73.0661,41.301],[-73.074,41.3058],[-73.0766,41.3092],[-73.0789,41.3135],[-73.0825,41.3169],[-73.0832,41.3177],[-73.0834,41.319],[-73.0835,41.3203],[-73.0838,41.3242],[-73.0839,41.3266],[-73.083,41.3325],[-73.0815,41.338],[-73.08,41.3441],[-73.0808,41.3467],[-73.086,41.3544],[-73.0898,41.3585],[-73.0903,41.3607],[-73.0891,41.3632],[-73.0856,41.367],[-73.0825,41.3715],[-73.0809,41.3752],[-73.0754,41.385],[-73.0725,41.3953],[-73.072,41.3987],[-73.0709,41.4029],[-73.0715,41.4044],[-73.0739,41.4077],[-73.0744,41.4126],[-73.0726,41.4211],[-73.0723,41.4265],[-73.07,41.4316],[-73.0647,41.4347],[-73.0634,41.4361],[-73.0628,41.4378],[-73.0631,41.4407],[-73.0643,41.4425],[-73.068,41.4442],[-73.0689,41.4453],[-73.069,41.4466],[-73.068,41.45],[-73.0669,41.4517],[-73.063,41.4546],[-73.0602,41.4582],[-73.0562,41.4601],[-73.0547,41.4614],[-73.0541,41.4629],[-73.0542,41.4656],[-73.0528,41.4685],[-73.051,41.4755],[-73.0509,41.4773],[-73.0518,41.4812],[-73.0541,41.4846],[-73.0545,41.4863],[-73.0522,41.4921],[-73.0524,41.4936],[-73.054,41.497],[-73.0539,41.4981],[-73.0529,41.4995],[-73.0482,41.5026],[-73.0475,41.5037],[-73.0474,41.5053],[-73.0481,41.5085],[-73.0491,41.5099],[-73.0534,41.5125],[-73.0546,41.5138],[-73.0553,41.5154],[-73.055,41.517],[-73.0541,41.5184],[-73.0518,41.5201],[-73.0448,41.5239],[-73.0431,41.5254],[-73.0422,41.5271],[-73.0405,41.5341],[-73.0396,41.5367],[-73.0399,41.5378],[-73.0407,41.5387],[-73.0416,41.5399],[-73.0419,41.5429],[-73.0439,41.546],[-73.0444,41.5488],[-73.0471,41.5545],[-73.0484,41.5567],[-73.0516,41.5599]]}},{"type":"Feature","properties":{"n":1,"a":"mnr"},"geometry":{"type":"LineString","coordinates":[[-73.1058,41.208],[-73.1048,41.2072],[-73.1031,41.2071]]}},{"type":"Feature","properties":{"n":1,"a":"mnr"},"geometry":{"type":"LineString","coordinates":[[-73.1078,41.2058],[-73.1063,41.2065],[-73.1058,41.208]]}},{"type":"Feature","properties":{"n":1,"a":"mnr"},"geometry":{"type":"LineString","coordinates":[[-73.9328,40.8303],[-73.9302,40.8398]]}},{"type":"Feature","properties":{"n":1,"a":"mnr"},"geometry":{"type":"LineString","coordinates":[[-73.6234,41.4155],[-73.621,41.4249],[-73.621,41.4284],[-73.6194,41.4316],[-73.6177,41.4372],[-73.616,41.4411],[-73.6152,41.4432],[-73.6154,41.4514],[-73.6097,41.4733],[-73.6109,41.4868],[-73.6076,41.4948],[-73.6042,41.5116],[-73.6043,41.5239],[-73.6016,41.5358],[-73.6016,41.5443],[-73.6021,41.5577],[-73.6007,41.5641],[-73.5943,41.5751],[-73.5922,41.5823],[-73.588,41.5929],[-73.5838,41.604],[-73.5763,41.6194],[-73.5761,41.6218],[-73.5766,41.627],[-73.5762,41.629],[-73.5717,41.6375],[-73.5682,41.644],[-73.5681,41.6469],[-73.5691,41.6492],[-73.5748,41.6557],[-73.58,41.667],[-73.584,41.685],[-73.5894,41.704],[-73.5896,41.7065],[-73.5888,41.7107],[-73.5777,41.736],[-73.5761,41.7428],[-73.5723,41.7597],[-73.5689,41.7673],[-73.5591,41.7795],[-73.5561,41.7831],[-73.5547,41.7856],[-73.5527,41.7904],[-73.5522,41.7928],[-73.5533,41.7953],[-73.5589,41.801],[-73.5624,41.8149]]}},{"type":"Feature","properties":{"n":1,"a":"mnr"},"geometry":{"type":"LineString","coordinates":[[-73.9232,40.8205],[-73.9151,40.8259],[-73.9133,40.827],[-73.9127,40.8274],[-73.9093,40.8301],[-73.9024,40.8423],[-73.8996,40.8472],[-73.8951,40.8552],[-73.8904,40.8616],[-73.8882,40.8638],[-73.8827,40.8668],[-73.8819,40.8672],[-73.8759,40.8708],[-73.8726,40.8751],[-73.8708,40.8789],[-73.87,40.8809],[-73.866,40.89],[-73.8628,40.8953],[-73.8622,40.8962],[-73.8612,40.8977],[-73.86,40.8992]]}},{"type":"Feature","properties":{"n":1,"a":"mnr"},"geometry":{"type":"LineString","coordinates":[[-74.1387,41.2971],[-74.1377,41.2988],[-74.1352,41.3012]]}},{"type":"Feature","properties":{"n":1,"a":"mnr"},"geometry":{"type":"LineString","coordinates":[[-73.977,40.7531],[-73.9391,40.8051],[-73.9353,40.8102],[-73.9327,40.8115],[-73.9306,40.8123],[-73.9293,40.8131],[-73.9286,40.8138]]}},{"type":"Feature","properties":{"n":1,"a":"mnr"},"geometry":{"type":"LineString","coordinates":[[-73.7722,41.06],[-73.7731,41.063],[-73.771,41.068],[-73.7708,41.0698],[-73.7718,41.0722],[-73.7742,41.0738],[-73.7773,41.0753],[-73.7838,41.0826],[-73.7903,41.0884],[-73.7926,41.0919],[-73.7938,41.0957],[-73.7962,41.104],[-73.7962,41.1085],[-73.7953,41.1109],[-73.7941,41.1125],[-73.7847,41.1186],[-73.7834,41.1201],[-73.7825,41.1222],[-73.7825,41.1238],[-73.7835,41.1257],[-73.7912,41.1329],[-73.7924,41.1347],[-73.7925,41.1379],[-73.7908,41.1414],[-73.775,41.1579],[-73.7693,41.1643],[-73.7538,41.1851],[-73.731,41.2066],[-73.7297,41.2084],[-73.7262,41.2126],[-73.7173,41.2262],[-73.6997,41.2374],[-73.6891,41.2419],[-73.6859,41.244],[-73.6841,41.2459],[-73.6823,41.2487],[-73.6818,41.2508],[-73.6839,41.2595],[-73.6863,41.2684],[-73.6864,41.2704],[-73.6828,41.2774],[-73.6784,41.2899],[-73.6776,41.294],[-73.6774,41.2974],[-73.6755,41.3016],[-73.6751,41.3049],[-73.6739,41.3082],[-73.6651,41.3173],[-73.6596,41.3218],[-73.6588,41.3235],[-73.6589,41.3257],[-73.6598,41.332],[-73.658,41.3361],[-73.6579,41.3378],[-73.6603,41.3424],[-73.6621,41.3479],[-73.6628,41.3517],[-73.6606,41.355],[-73.6585,41.3564],[-73.6533,41.3584],[-73.6441,41.3651],[-73.6428,41.3673],[-73.6422,41.3736],[-73.641,41.3762],[-73.6303,41.3862],[-73.6226,41.3895],[-73.6205,41.3917],[-73.6199,41.3947],[-73.6204,41.4007],[-73.6205,41.4021]]}},{"type":"Feature","properties":{"n":1,"a":"mnr"},"geometry":{"type":"LineString","coordinates":[[-73.6222,41.4105],[-73.6227,41.4116]]}},{"type":"Feature","properties":{"n":1,"a":"mnr"},"geometry":{"type":"LineString","coordinates":[[-73.6205,41.4021],[-73.6208,41.4046]]}},{"type":"Feature","properties":{"n":1,"a":"mnr"},"geometry":{"type":"LineString","coordinates":[[-73.6227,41.4116],[-73.6228,41.4126]]}},{"type":"Feature","properties":{"n":1,"a":"mnr"},"geometry":{"type":"LineString","coordinates":[[-73.6208,41.4046],[-73.6222,41.4105]]}},{"type":"Feature","properties":{"n":1,"a":"mnr"},"geometry":{"type":"LineString","coordinates":[[-73.6228,41.4126],[-73.6234,41.4155]]}},{"type":"Feature","properties":{"n":1,"a":"mnr"},"geometry":{"type":"LineString","coordinates":[[-73.621,41.4047],[-73.6226,41.411]]}},{"type":"Feature","properties":{"n":1,"a":"mnr"},"geometry":{"type":"LineString","coordinates":[[-73.6226,41.4018],[-73.6213,41.4025],[-73.6209,41.4032]]}},{"type":"Feature","properties":{"n":1,"a":"mnr"},"geometry":{"type":"LineString","coordinates":[[-73.6227,41.4116],[-73.6234,41.4155]]}},{"type":"Feature","properties":{"n":1,"a":"mnr"},"geometry":{"type":"LineString","coordinates":[[-73.621,41.4047],[-73.6225,41.4095]]}},{"type":"Feature","properties":{"n":1,"a":"mnr"},"geometry":{"type":"LineString","coordinates":[[-73.621,41.4037],[-73.621,41.4047]]}},{"type":"Feature","properties":{"n":1,"a":"mnr"},"geometry":{"type":"LineString","coordinates":[[-73.621,41.4047],[-73.6227,41.4076],[-73.6225,41.4095]]}},{"type":"Feature","properties":{"n":1,"a":"mnr"},"geometry":{"type":"LineString","coordinates":[[-73.6225,41.4095],[-73.6226,41.411]]}},{"type":"Feature","properties":{"n":1,"a":"mnr"},"geometry":{"type":"LineString","coordinates":[[-73.7719,41.0533],[-73.7715,41.0574],[-73.7722,41.06]]}},{"type":"Feature","properties":{"n":1,"a":"mnr"},"geometry":{"type":"LineString","coordinates":[[-73.86,40.8992],[-73.8579,40.9027],[-73.8572,40.9037],[-73.8562,40.9052],[-73.856,40.9055],[-73.8551,40.9069],[-73.8543,40.908],[-73.8509,40.9123],[-73.8436,40.9211],[-73.8397,40.9273],[-73.8366,40.9323],[-73.8359,40.9338],[-73.8351,40.9403],[-73.8342,40.9454],[-73.8301,40.9493],[-73.8264,40.9524],[-73.8209,40.9591],[-73.8195,40.9614],[-73.8105,40.9827],[-73.8086,40.9891],[-73.8078,40.9923],[-73.8033,41.0007],[-73.7985,41.0078],[-73.7961,41.0104],[-73.7852,41.022],[-73.7809,41.0258],[-73.7759,41.0292],[-73.7751,41.0307],[-73.775,41.0324],[-73.7758,41.04],[-73.7727,41.0507],[-73.7719,41.0533]]}},{"type":"Feature","properties":{"n":1,"a":"mnr"},"geometry":{"type":"LineString","coordinates":[[-73.926,40.8175],[-73.9248,40.819],[-73.9232,40.8205]]}},{"type":"Feature","properties":{"n":1,"a":"mnr"},"geometry":{"type":"LineString","coordinates":[[-73.9286,40.8138],[-73.926,40.8175]]}},{"type":"Feature","properties":{"n":1,"a":"mnr"},"geometry":{"type":"LineString","coordinates":[[-73.621,41.4037],[-73.6208,41.4046]]}},{"type":"Feature","properties":{"n":1,"a":"mnr"},"geometry":{"type":"LineString","coordinates":[[-73.7719,41.0533],[-73.7711,41.0543],[-73.7705,41.0563],[-73.7713,41.0591],[-73.7722,41.06]]}},{"type":"Feature","properties":{"n":1,"a":"mnr"},"geometry":{"type":"LineString","coordinates":[[-73.8611,40.8978],[-73.8598,40.9006],[-73.8594,40.9011],[-73.8585,40.9022],[-73.8571,40.904],[-73.8565,40.9049]]}},{"type":"Feature","properties":{"n":1,"a":"mnr"},"geometry":{"type":"LineString","coordinates":[[-73.9286,40.8138],[-73.9258,40.819],[-73.9278,40.8225]]}},{"type":"Feature","properties":{"n":1,"a":"mnr"},"geometry":{"type":"LineString","coordinates":[[-73.6205,41.4021],[-73.6209,41.4032]]}},{"type":"Feature","properties":{"n":1,"a":"mnr"},"geometry":{"type":"LineString","coordinates":[[-73.6209,41.4032],[-73.621,41.4037]]}},{"type":"Feature","properties":{"n":1,"a":"mnr"},"geometry":{"type":"LineString","coordinates":[[-73.6226,41.411],[-73.6227,41.4116]]}},{"type":"Feature","properties":{"n":1,"a":"mnr"},"geometry":{"type":"LineString","coordinates":[[-73.6222,41.4105],[-73.6228,41.4126]]}},{"type":"Feature","properties":{"n":1,"a":"mnr"},"geometry":{"type":"LineString","coordinates":[[-73.5205,41.0646],[-73.5197,41.0685],[-73.52,41.0707],[-73.5212,41.0779],[-73.5178,41.0886],[-73.5166,41.0913],[-73.5129,41.0941],[-73.511,41.0982],[-73.5085,41.1012],[-73.5019,41.1054],[-73.4987,41.1086],[-73.4977,41.111],[-73.498,41.1161],[-73.4978,41.1202],[-73.4987,41.1242],[-73.4994,41.1316],[-73.4988,41.135],[-73.4974,41.1392],[-73.4991,41.1431],[-73.4983,41.1444],[-73.4956,41.1464]]}},{"type":"Feature","properties":{"n":1,"a":"mnr"},"geometry":{"type":"LineString","coordinates":[[-73.9278,40.8225],[-73.93,40.8252],[-73.9325,40.8287],[-73.9328,40.8303]]}},{"type":"Feature","properties":{"n":2,"a":"amtrak","b":"mnr"},"geometry":{"type":"LineString","coordinates":[[-73.8843,41.1927],[-73.8863,41.1966]]}},{"type":"Feature","properties":{"n":2,"a":"amtrak","b":"mnr"},"geometry":{"type":"LineString","coordinates":[[-73.8815,41.1866],[-73.883,41.1881],[-73.8849,41.1897],[-73.8868,41.1933],[-73.887,41.1978]]}},{"type":"Feature","properties":{"n":2,"a":"amtrak","b":"mnr"},"geometry":{"type":"LineString","coordinates":[[-73.8799,41.1844],[-73.881,41.1862]]}},{"type":"Feature","properties":{"n":2,"a":"amtrak","b":"mnr"},"geometry":{"type":"LineString","coordinates":[[-73.8815,41.1866],[-73.881,41.1862]]}},{"type":"Feature","properties":{"n":2,"a":"amtrak","b":"mnr"},"geometry":{"type":"LineString","coordinates":[[-73.887,41.1978],[-73.8873,41.1987]]}},{"type":"Feature","properties":{"n":2,"a":"amtrak","b":"mnr"},"geometry":{"type":"LineString","coordinates":[[-73.8843,41.1927],[-73.8873,41.1987]]}},{"type":"Feature","properties":{"n":2,"a":"amtrak","b":"mnr"},"geometry":{"type":"LineString","coordinates":[[-73.8843,41.1927],[-73.8837,41.1921]]}},{"type":"Feature","properties":{"n":2,"a":"amtrak","b":"mnr"},"geometry":{"type":"LineString","coordinates":[[-73.8863,41.1966],[-73.887,41.1978]]}},{"type":"Feature","properties":{"n":2,"a":"amtrak","b":"mnr"},"geometry":{"type":"LineString","coordinates":[[-73.8862,41.1954],[-73.8863,41.1966]]}},{"type":"Feature","properties":{"n":2,"a":"amtrak","b":"mnr"},"geometry":{"type":"LineString","coordinates":[[-73.8833,41.1894],[-73.8837,41.1921]]}},{"type":"Feature","properties":{"n":2,"a":"amtrak","b":"mnr"},"geometry":{"type":"LineString","coordinates":[[-73.8833,41.1894],[-73.8852,41.1913],[-73.8863,41.1938],[-73.8862,41.1954]]}},{"type":"Feature","properties":{"n":2,"a":"amtrak","b":"mnr"},"geometry":{"type":"LineString","coordinates":[[-73.8815,41.1866],[-73.8833,41.1894]]}},{"type":"Feature","properties":{"n":2,"a":"amtrak","b":"mnr"},"geometry":{"type":"LineString","coordinates":[[-73.787,40.9084],[-73.7839,40.9115],[-73.7761,40.9212],[-73.7589,40.9341],[-73.7374,40.9529],[-73.7363,40.9538],[-73.7222,40.9659],[-73.7175,40.9684],[-73.7118,40.9697],[-73.7059,40.9715],[-73.6859,40.9849],[-73.6819,40.9862],[-73.6785,40.9869],[-73.6741,40.9893],[-73.6651,41.0001],[-73.6638,41.0017],[-73.6612,41.0042],[-73.6578,41.0053],[-73.654,41.0058],[-73.6471,41.0085],[-73.6355,41.0185],[-73.6333,41.0199],[-73.6301,41.0209],[-73.6252,41.0213],[-73.6218,41.0216],[-73.6176,41.0228],[-73.6035,41.0289],[-73.6,41.0297],[-73.5922,41.0313],[-73.5879,41.0316],[-73.5736,41.0321],[-73.566,41.0337],[-73.5563,41.0364],[-73.5532,41.0386],[-73.5503,41.0421],[-73.5474,41.0446],[-73.5419,41.0468],[-73.5356,41.0493],[-73.5299,41.0517]]}},{"type":"Feature","properties":{"n":2,"a":"amtrak","b":"mnr"},"geometry":{"type":"LineString","coordinates":[[-73.8833,41.1894],[-73.8838,41.1906],[-73.8862,41.1954]]}},{"type":"Feature","properties":{"n":2,"a":"amtrak","b":"mnr"},"geometry":{"type":"LineString","coordinates":[[-73.881,41.1862],[-73.8837,41.1921]]}},{"type":"Feature","properties":{"n":2,"a":"amtrak","b":"mnr"},"geometry":{"type":"LineString","coordinates":[[-73.8884,41.2005],[-73.8929,41.2056],[-73.9019,41.211],[-73.9072,41.2129],[-73.9105,41.2149],[-73.9144,41.2195],[-73.9182,41.2224],[-73.9267,41.2282],[-73.9283,41.23],[-73.929,41.2316],[-73.929,41.2337],[-73.9279,41.2356],[-73.9227,41.2394],[-73.9214,41.2411],[-73.921,41.2436],[-73.9222,41.246],[-73.9278,41.252],[-73.9325,41.2616],[-73.9368,41.2682],[-73.9376,41.2702],[-73.9381,41.2742],[-73.9375,41.2776],[-73.9348,41.2819],[-73.9313,41.2849],[-73.93,41.2868],[-73.9308,41.2898],[-73.932,41.2909],[-73.9363,41.2931],[-73.9519,41.2971],[-73.9574,41.3011],[-73.9641,41.3036],[-73.9668,41.3055],[-73.9693,41.3089],[-73.9746,41.313],[-73.9787,41.3171],[-73.9798,41.3197],[-73.9794,41.3222],[-73.9766,41.327],[-73.9707,41.3324],[-73.962,41.3394],[-73.9583,41.3453],[-73.9566,41.3524],[-73.9559,41.3648],[-73.9529,41.3722],[-73.9491,41.3767],[-73.9473,41.3811],[-73.9464,41.3841],[-73.9456,41.3891],[-73.9436,41.3924],[-73.9434,41.3946],[-73.9477,41.4046],[-73.9498,41.4076],[-73.958,41.4152],[-73.9613,41.4188],[-73.9724,41.4366],[-73.978,41.4427],[-73.9832,41.4516],[-73.9845,41.4559],[-73.9853,41.4607],[-73.9839,41.4731],[-73.9812,41.4873],[-73.9815,41.4906],[-73.9832,41.4977],[-73.9848,41.5057],[-73.9856,41.5159],[-73.9848,41.5206],[-73.9824,41.5257],[-73.981,41.5307],[-73.9774,41.5364],[-73.9748,41.5445],[-73.9717,41.5507],[-73.969,41.5542],[-73.956,41.5659],[-73.9519,41.5712],[-73.9479,41.5779],[-73.9474,41.5802],[-73.9474,41.5835],[-73.9476,41.5866],[-73.9476,41.5915],[-73.9447,41.5976],[-73.9443,41.6007],[-73.9446,41.6108],[-73.9473,41.6186],[-73.948,41.6258],[-73.9466,41.6326],[-73.9443,41.6396],[-73.9438,41.6494],[-73.9418,41.6569],[-73.9428,41.6666],[-73.9406,41.6739],[-73.9394,41.6803],[-73.9375,41.6846],[-73.937,41.6876],[-73.9387,41.695],[-73.9375,41.7013],[-73.938,41.7071]]}},{"type":"Feature","properties":{"n":2,"a":"amtrak","b":"mnr"},"geometry":{"type":"LineString","coordinates":[[-73.8873,41.1987],[-73.8884,41.2005]]}},{"type":"Feature","properties":{"n":2,"a":"amtrak","b":"mnr"},"geometry":{"type":"LineString","coordinates":[[-73.8837,41.1921],[-73.8852,41.1954],[-73.8867,41.1982],[-73.8884,41.2005]]}},{"type":"Feature","properties":{"n":2,"a":"amtrak","b":"mnr"},"geometry":{"type":"LineString","coordinates":[[-73.9231,40.8814],[-73.9198,40.8886],[-73.9137,40.9048],[-73.9103,40.9153],[-73.9084,40.9193],[-73.9051,40.924],[-73.9043,40.9261],[-73.9038,40.9318],[-73.9031,40.9348],[-73.8998,40.9404],[-73.8999,40.9466],[-73.899,40.9504],[-73.8967,40.9566],[-73.8918,40.9633],[-73.8894,40.9727],[-73.8851,40.9862],[-73.8845,40.9941],[-73.8834,41.0041],[-73.8796,41.0123],[-73.8768,41.0263],[-73.8764,41.0303],[-73.8747,41.0348],[-73.873,41.0403],[-73.8707,41.0471],[-73.87,41.0561],[-73.8649,41.0763],[-73.8649,41.0774],[-73.8654,41.0798],[-73.869,41.0873],[-73.8697,41.0914],[-73.8697,41.0953],[-73.8693,41.1023],[-73.868,41.1084],[-73.8687,41.1167],[-73.8676,41.1232],[-73.8676,41.13],[-73.8662,41.1357],[-73.8665,41.1381],[-73.8679,41.1418],[-73.8688,41.1495],[-73.8692,41.1575],[-73.8694,41.1619],[-73.8716,41.1677],[-73.8799,41.1844]]}},{"type":"Feature","properties":{"n":2,"a":"amtrak","b":"mnr"},"geometry":{"type":"LineString","coordinates":[[-73.8799,41.1844],[-73.8826,41.1899],[-73.8837,41.1921]]}},{"type":"Feature","properties":{"n":2,"a":"amtrak","b":"vre"},"geometry":{"type":"LineString","coordinates":[[-77.1087,38.8066],[-77.1013,38.8076],[-77.0906,38.8058]]}},{"type":"Feature","properties":{"n":2,"a":"amtrak","b":"vre"},"geometry":{"type":"LineString","coordinates":[[-77.0069,38.8973],[-77.006,38.9005],[-77.0041,38.9038]]}},{"type":"Feature","properties":{"n":2,"a":"amtrak","b":"vre"},"geometry":{"type":"LineString","coordinates":[[-77.0042,38.9009],[-77.0042,38.9023]]}},{"type":"Feature","properties":{"n":2,"a":"amtrak","b":"vre"},"geometry":{"type":"LineString","coordinates":[[-77.0055,38.8995],[-77.0047,38.9022]]}},{"type":"Feature","properties":{"n":2,"a":"amtrak","b":"vre"},"geometry":{"type":"LineString","coordinates":[[-77.0051,38.9015],[-77.0047,38.9022]]}},{"type":"Feature","properties":{"n":2,"a":"amtrak","b":"vre"},"geometry":{"type":"LineString","coordinates":[[-77.0059,38.8998],[-77.0051,38.9015]]}},{"type":"Feature","properties":{"n":2,"a":"amtrak","b":"vre"},"geometry":{"type":"LineString","coordinates":[[-77.0048,38.8982],[-77.0042,38.9009]]}},{"type":"Feature","properties":{"n":2,"a":"amtrak","b":"vre"},"geometry":{"type":"LineString","coordinates":[[-77.0051,38.8982],[-77.0042,38.9009]]}},{"type":"Feature","properties":{"n":2,"a":"amtrak","b":"vre"},"geometry":{"type":"LineString","coordinates":[[-77.0055,38.8984],[-77.0042,38.9023]]}},{"type":"Feature","properties":{"n":2,"a":"amtrak","b":"vre"},"geometry":{"type":"LineString","coordinates":[[-77.0047,38.9022],[-77.0041,38.9038]]}},{"type":"Feature","properties":{"n":2,"a":"amtrak","b":"vre"},"geometry":{"type":"LineString","coordinates":[[-77.0042,38.9023],[-77.0041,38.9038]]}},{"type":"Feature","properties":{"n":2,"a":"amtrak","b":"vre"},"geometry":{"type":"LineString","coordinates":[[-77.0063,38.8976],[-77.0061,38.8984],[-77.0051,38.9015]]}},{"type":"Feature","properties":{"n":2,"a":"amtrak","b":"vre"},"geometry":{"type":"LineString","coordinates":[[-77.5241,38.7307],[-77.501,38.7437],[-77.4912,38.7472],[-77.4895,38.7476],[-77.4765,38.7498],[-77.4729,38.7502],[-77.4666,38.751],[-77.4602,38.7529],[-77.453,38.7574],[-77.4477,38.7609],[-77.4437,38.7635],[-77.4411,38.7654],[-77.4355,38.771],[-77.4349,38.7728],[-77.4351,38.7758],[-77.4344,38.7777],[-77.4331,38.7788],[-77.431,38.7795],[-77.4284,38.7794],[-77.4217,38.7767],[-77.4159,38.7743],[-77.4137,38.7743],[-77.4089,38.7754],[-77.4047,38.7771],[-77.3912,38.7793],[-77.3831,38.7826],[-77.3801,38.7833],[-77.3742,38.7818],[-77.3712,38.7824],[-77.3655,38.7861],[-77.3618,38.7902],[-77.3549,38.7948],[-77.3499,38.7975],[-77.3429,38.7978],[-77.3382,38.7992],[-77.3318,38.7991],[-77.325,38.8007],[-77.3104,38.8003],[-77.3022,38.7977],[-77.2987,38.7974],[-77.2782,38.7985],[-77.2761,38.7981],[-77.2722,38.7963],[-77.2678,38.7944],[-77.2651,38.7938],[-77.262,38.7938],[-77.2586,38.7946],[-77.2542,38.7957],[-77.24,38.7961],[-77.2365,38.7958],[-77.2284,38.7925],[-77.2131,38.7929],[-77.2031,38.7936],[-77.1954,38.7966],[-77.1907,38.798],[-77.1867,38.7977],[-77.1841,38.797],[-77.1814,38.7958],[-77.1753,38.7929],[-77.17,38.7927],[-77.1627,38.7939],[-77.1471,38.798],[-77.1434,38.7991],[-77.1429,38.7992],[-77.1426,38.7993],[-77.138,38.8005],[-77.1357,38.8011],[-77.1335,38.8017],[-77.1219,38.8048],[-77.116,38.8061],[-77.111,38.8066],[-77.1087,38.8066]]}},{"type":"Feature","properties":{"n":2,"a":"amtrak","b":"vre"},"geometry":{"type":"LineString","coordinates":[[-77.0769,38.805],[-77.0677,38.8045],[-77.0646,38.8052],[-77.0622,38.8063],[-77.0581,38.8091],[-77.0549,38.8129],[-77.0493,38.8209],[-77.0474,38.8239],[-77.0469,38.8259],[-77.0471,38.8295],[-77.0471,38.8312],[-77.0469,38.8368],[-77.0486,38.8405],[-77.049,38.8412],[-77.0501,38.8439],[-77.0505,38.848],[-77.0487,38.8515],[-77.0479,38.8545],[-77.0482,38.8575],[-77.0482,38.8601],[-77.0481,38.8611],[-77.0475,38.8637],[-77.0444,38.8679],[-77.0434,38.869],[-77.0419,38.8707],[-77.0411,38.8717],[-77.0318,38.8833],[-77.0237,38.8858],[-77.021,38.8855],[-77.0142,38.8836],[-77.0123,38.8834],[-77.0092,38.884],[-77.0057,38.8865],[-77.0045,38.8899],[-77.0047,38.8937],[-77.0054,38.8959],[-77.0041,38.9002],[-77.0041,38.9038]]}},{"type":"Feature","properties":{"n":2,"a":"amtrak","b":"vre"},"geometry":{"type":"LineString","coordinates":[[-77.441,38.2209],[-77.4429,38.2262],[-77.4428,38.2295],[-77.4364,38.2398],[-77.4342,38.2437],[-77.434,38.2466],[-77.4356,38.25],[-77.4388,38.2526],[-77.4511,38.261],[-77.4526,38.2626],[-77.4545,38.266],[-77.4574,38.2713],[-77.46,38.2761],[-77.4605,38.2787],[-77.4615,38.2888],[-77.4612,38.2924],[-77.4611,38.2931],[-77.4601,38.2962],[-77.4589,38.2973],[-77.4568,38.2983],[-77.454,38.2994],[-77.4492,38.3016],[-77.4478,38.3031],[-77.4467,38.3053],[-77.4466,38.3083],[-77.4491,38.3184],[-77.4504,38.3252],[-77.4489,38.3321],[-77.4489,38.3394],[-77.4484,38.3414],[-77.4469,38.3437],[-77.4443,38.3456],[-77.4413,38.3466],[-77.4378,38.3471],[-77.4175,38.3496],[-77.4128,38.3514],[-77.4106,38.3535],[-77.4032,38.3636],[-77.396,38.379],[-77.3882,38.3854],[-77.3852,38.3866],[-77.3815,38.3873],[-77.3768,38.3881],[-77.3738,38.3902],[-77.3648,38.4044],[-77.3629,38.4137],[-77.3611,38.4172],[-77.3382,38.4384],[-77.3317,38.4443],[-77.3292,38.4474],[-77.325,38.4607],[-77.3212,38.4729],[-77.315,38.4833],[-77.3116,38.4959],[-77.309,38.5059],[-77.3081,38.5083],[-77.3063,38.5106],[-77.2957,38.519],[-77.2934,38.5215],[-77.2861,38.5299],[-77.2822,38.5384],[-77.2787,38.5458],[-77.2764,38.5492],[-77.2729,38.5524],[-77.2653,38.5575],[-77.2635,38.5592],[-77.2622,38.5626],[-77.2625,38.567],[-77.2632,38.5719],[-77.2659,38.5788],[-77.2658,38.5814],[-77.2651,38.5834],[-77.2589,38.5926],[-77.2535,38.6124],[-77.2516,38.6245],[-77.2515,38.6328],[-77.2511,38.651],[-77.25,38.6552],[-77.2481,38.6592],[-77.2443,38.6642],[-77.2403,38.6674],[-77.2358,38.6704],[-77.2315,38.6734],[-77.2291,38.6762],[-77.226,38.6902],[-77.2239,38.6967],[-77.2202,38.708],[-77.2192,38.7105],[-77.2146,38.7151],[-77.2082,38.7205],[-77.2045,38.7227],[-77.1937,38.7269],[-77.1906,38.7283],[-77.1886,38.7301],[-77.1874,38.7322],[-77.1862,38.7363],[-77.1827,38.7466],[-77.1752,38.7592],[-77.172,38.7639],[-77.1686,38.766],[-77.1618,38.7692],[-77.1583,38.7731],[-77.1572,38.776],[-77.1547,38.7906],[-77.1534,38.7931],[-77.1518,38.7946],[-77.1492,38.796],[-77.147,38.7966],[-77.1231,38.8],[-77.1182,38.8009],[-77.113,38.8027],[-77.1067,38.8061],[-77.1031,38.8072],[-77.0997,38.8073],[-77.0906,38.8058]]}},{"type":"Feature","properties":{"n":2,"a":"amtrak","b":"vre"},"geometry":{"type":"LineString","coordinates":[[-77.1087,38.8066],[-77.1054,38.8065],[-77.0769,38.805]]}},{"type":"Feature","properties":{"n":2,"a":"amtrak","b":"vre"},"geometry":{"type":"LineString","coordinates":[[-77.0906,38.8058],[-77.0881,38.8057],[-77.0778,38.805],[-77.0769,38.805]]}},{"type":"Feature","properties":{"n":2,"a":"amtrak","b":"vre"},"geometry":{"type":"LineString","coordinates":[[-77.0007,38.9104],[-77,38.9113]]}},{"type":"Feature","properties":{"n":2,"a":"amtrak","b":"vre"},"geometry":{"type":"LineString","coordinates":[[-76.9943,38.9139],[-76.9938,38.9141]]}},{"type":"Feature","properties":{"n":2,"a":"amtrak","b":"vre"},"geometry":{"type":"LineString","coordinates":[[-77,38.9113],[-76.9958,38.9135]]}},{"type":"Feature","properties":{"n":2,"a":"amtrak","b":"vre"},"geometry":{"type":"LineString","coordinates":[[-76.9987,38.9125],[-76.9972,38.9134],[-76.9943,38.9139]]}},{"type":"Feature","properties":{"n":2,"a":"amtrak","b":"vre"},"geometry":{"type":"LineString","coordinates":[[-76.9938,38.9141],[-76.9935,38.9141],[-76.9911,38.9144],[-76.9856,38.9162],[-76.9829,38.918]]}},{"type":"Feature","properties":{"n":2,"a":"amtrak","b":"vre"},"geometry":{"type":"LineString","coordinates":[[-76.9938,38.9141],[-76.9936,38.9142],[-76.9925,38.9148],[-76.9917,38.9153],[-76.9873,38.9176],[-76.9853,38.9176],[-76.9841,38.9177],[-76.9829,38.918]]}},{"type":"Feature","properties":{"n":2,"a":"amtrak","b":"vre"},"geometry":{"type":"LineString","coordinates":[[-77,38.9113],[-76.9943,38.9139]]}},{"type":"Feature","properties":{"n":2,"a":"amtrak","b":"vre"},"geometry":{"type":"LineString","coordinates":[[-76.9987,38.9125],[-76.9982,38.913],[-76.9975,38.9139],[-76.9975,38.9151],[-76.9978,38.916]]}},{"type":"Feature","properties":{"n":2,"a":"amtrak","b":"vre"},"geometry":{"type":"LineString","coordinates":[[-77,38.9113],[-76.9987,38.9125]]}},{"type":"Feature","properties":{"n":2,"a":"amtrak","b":"vre"},"geometry":{"type":"LineString","coordinates":[[-76.9829,38.918],[-76.9821,38.9182]]}},{"type":"Feature","properties":{"n":2,"a":"amtrak","b":"marc"},"geometry":{"type":"LineString","coordinates":[[-77.9606,39.4584],[-77.9605,39.4573],[-77.9596,39.4546],[-77.9571,39.453],[-77.9544,39.4525],[-77.9506,39.4532],[-77.9464,39.4522],[-77.9352,39.4491],[-77.9326,39.4491],[-77.9272,39.4502],[-77.9233,39.4498],[-77.9198,39.4481],[-77.9161,39.4441],[-77.9075,39.4421],[-77.9048,39.4403],[-77.9038,39.4377],[-77.9042,39.4289],[-77.9037,39.4251],[-77.902,39.4206],[-77.8995,39.4168],[-77.8945,39.4121],[-77.8929,39.4109],[-77.888,39.4071],[-77.8859,39.4039],[-77.8844,39.3873],[-77.8855,39.3776],[-77.885,39.3762],[-77.8838,39.3749],[-77.8791,39.3717],[-77.8719,39.3678],[-77.8639,39.3624],[-77.8584,39.3607],[-77.8504,39.3602],[-77.8447,39.36],[-77.8424,39.3606],[-77.8385,39.3618],[-77.8282,39.362],[-77.8184,39.3644],[-77.8151,39.3641],[-77.8127,39.3634],[-77.81,39.3617],[-77.8063,39.3571],[-77.7964,39.3488],[-77.7867,39.345],[-77.7809,39.3443],[-77.7778,39.3415],[-77.7751,39.3375],[-77.7732,39.3363],[-77.7713,39.336],[-77.7658,39.3366],[-77.759,39.3348],[-77.7548,39.3331],[-77.7513,39.3328],[-77.7485,39.331],[-77.7441,39.3294],[-77.7404,39.3276],[-77.7359,39.3268],[-77.731,39.3246],[-77.7305,39.3245],[-77.7255,39.3243],[-77.7191,39.3242],[-77.7109,39.3258],[-77.7022,39.3257],[-77.6941,39.3238],[-77.69,39.3247],[-77.6824,39.3295],[-77.6766,39.33],[-77.6704,39.3295],[-77.664,39.3257],[-77.6589,39.322],[-77.6534,39.3194],[-77.6397,39.3156],[-77.6342,39.3132],[-77.6275,39.312],[-77.6247,39.3115],[-77.6219,39.3109],[-77.6133,39.3088],[-77.6018,39.3066],[-77.5968,39.3063],[-77.5909,39.3068],[-77.5819,39.3089],[-77.5706,39.3114],[-77.5656,39.3108],[-77.56,39.3086],[-77.557,39.3053],[-77.5562,39.3019],[-77.5575,39.2959],[-77.5579,39.2941],[-77.5569,39.2926],[-77.5541,39.2889],[-77.5507,39.2861],[-77.5478,39.2824],[-77.5449,39.2768],[-77.5435,39.2743],[-77.5399,39.2739],[-77.5345,39.2736],[-77.5328,39.2732],[-77.5299,39.2712],[-77.5213,39.2638],[-77.5185,39.262],[-77.4883,39.2545],[-77.4721,39.2472],[-77.4662,39.2445],[-77.4626,39.2421],[-77.4534,39.235],[-77.4488,39.2301],[-77.4454,39.2272],[-77.4443,39.2264],[-77.4415,39.2242],[-77.4387,39.2228],[-77.4222,39.22],[-77.4136,39.2203],[-77.4104,39.2199],[-77.3945,39.2135],[-77.3827,39.2098],[-77.3719,39.2063],[-77.3631,39.2059],[-77.3589,39.205],[-77.3553,39.2033],[-77.349,39.1982],[-77.3457,39.1962],[-77.3316,39.191],[-77.3143,39.1842],[-77.3058,39.1829],[-77.299,39.1827],[-77.2951,39.182],[-77.2708,39.1733],[-77.2673,39.1706],[-77.2641,39.1659],[-77.2614,39.1634],[-77.2568,39.1614],[-77.2509,39.1601],[-77.2379,39.1544],[-77.2269,39.1498],[-77.2175,39.1465],[-77.202,39.1419],[-77.1928,39.1415],[-77.1886,39.1412],[-77.1848,39.1404],[-77.181,39.1388],[-77.1779,39.1366],[-77.1662,39.1222],[-77.1586,39.1123],[-77.15,39.0894],[-77.1479,39.0862],[-77.1461,39.0844],[-77.1315,39.0719],[-77.1207,39.0625],[-77.0935,39.039],[-77.0869,39.0339],[-77.0713,39.0266],[-77.0686,39.0246],[-77.0656,39.0211],[-77.0605,39.0185],[-77.0561,39.0147],[-77.0535,39.0124],[-77.0512,39.0074],[-77.0482,39.0039],[-77.0448,39.002],[-77.0364,38.9976],[-77.031,38.9934],[-77.0246,38.9867],[-77.0203,38.9797]]}},{"type":"Feature","properties":{"n":2,"a":"amtrak","b":"marc"},"geometry":{"type":"LineString","coordinates":[[-76.9967,38.92],[-76.9978,38.9176],[-76.9978,38.916],[-76.9979,38.9138],[-77.0012,38.9105],[-77.0021,38.9089],[-76.9993,38.9112],[-76.9928,38.9135],[-76.9807,38.9176],[-76.9754,38.9184],[-76.9395,38.9168],[-76.9248,38.9161],[-76.9166,38.917],[-76.9086,38.9197],[-76.9044,38.9222],[-76.9014,38.9246],[-76.894,38.932],[-76.8805,38.9412],[-76.8724,38.948],[-76.869,38.9512],[-76.8622,38.9602],[-76.8558,38.9659],[-76.8528,38.9681],[-76.8435,38.973],[-76.8072,38.992],[-76.784,39.0049],[-76.7792,39.0076],[-76.7726,39.0114],[-76.7648,39.0178],[-76.7613,39.0216],[-76.7551,39.03],[-76.7528,39.033],[-76.7512,39.0348],[-76.7399,39.0451],[-76.7384,39.0478],[-76.7365,39.0543],[-76.7347,39.0573],[-76.7273,39.0676],[-76.7207,39.0729],[-76.7109,39.0803],[-76.7089,39.0825],[-76.7069,39.086],[-76.7064,39.0869],[-76.706,39.0875],[-76.7052,39.089],[-76.7037,39.0923],[-76.6986,39.1121],[-76.6957,39.1243],[-76.6959,39.1273],[-76.6974,39.1355],[-76.6973,39.1577],[-76.6968,39.1659],[-76.6936,39.1795],[-76.6924,39.1863],[-76.6945,39.1922],[-76.6968,39.1977],[-76.6973,39.2018],[-76.6943,39.2156],[-76.6939,39.2192],[-76.6935,39.2239],[-76.6918,39.2304],[-76.6916,39.2334],[-76.6913,39.2372],[-76.6909,39.2504],[-76.6901,39.2564],[-76.6883,39.2596],[-76.6844,39.2646],[-76.6835,39.2657],[-76.676,39.2753],[-76.6747,39.2769],[-76.6699,39.2837],[-76.6623,39.2883],[-76.6589,39.2901],[-76.6532,39.2933],[-76.652,39.2949],[-76.6514,39.2977],[-76.6508,39.3003],[-76.6491,39.3018],[-76.6468,39.3024],[-76.636,39.3028],[-76.6252,39.3106],[-76.6219,39.3111],[-76.6197,39.3101],[-76.6177,39.3087],[-76.6155,39.3077],[-76.6103,39.306],[-76.6084,39.3059],[-76.5935,39.3064],[-76.5919,39.3059],[-76.5891,39.3038],[-76.5872,39.3027],[-76.5856,39.3023],[-76.5716,39.3027],[-76.568,39.3022],[-76.5639,39.3004],[-76.5578,39.2977],[-76.5532,39.297],[-76.5509,39.2971],[-76.548,39.2975],[-76.532,39.2988],[-76.5297,39.2992],[-76.5218,39.301],[-76.5102,39.3047],[-76.5083,39.3053],[-76.5008,39.3082],[-76.4959,39.3112],[-76.4928,39.3143],[-76.4876,39.3218],[-76.485,39.3242],[-76.4815,39.3263],[-76.4773,39.3279],[-76.4735,39.3286],[-76.4696,39.3289],[-76.4624,39.3285],[-76.4578,39.3282],[-76.4532,39.3286],[-76.4349,39.3339],[-76.4196,39.3385],[-76.4103,39.3412],[-76.3951,39.3459],[-76.3837,39.3509],[-76.3759,39.3559],[-76.3691,39.362],[-76.3567,39.3769],[-76.3493,39.386],[-76.3428,39.3937],[-76.3402,39.3956],[-76.311,39.4082],[-76.2969,39.4141],[-76.2926,39.416],[-76.2356,39.4403],[-76.2261,39.4446],[-76.2176,39.45],[-76.2114,39.455],[-76.2004,39.4657],[-76.1925,39.4736],[-76.1732,39.4928],[-76.1691,39.4979],[-76.1653,39.5044],[-76.163,39.5083],[-76.1609,39.5118],[-76.1584,39.5143],[-76.155,39.5166],[-76.1519,39.5181],[-76.1231,39.5303],[-76.1186,39.5325],[-76.115,39.5351],[-76.1059,39.5443],[-76.1023,39.5476],[-76.0978,39.5504],[-76.0936,39.5521],[-76.0834,39.5551],[-76.0771,39.557],[-76.0738,39.5579]]}},{"type":"Feature","properties":{"n":2,"a":"amtrak","b":"marc"},"geometry":{"type":"LineString","coordinates":[[-76.9942,38.9271],[-76.9939,38.9296],[-76.9946,38.9339],[-77.0017,38.951],[-77.0037,38.956],[-77.006,38.9606],[-77.0122,38.9664],[-77.014,38.9688],[-77.0174,38.9749],[-77.0203,38.9797]]}},{"type":"Feature","properties":{"n":2,"a":"amtrak","b":"marc"},"geometry":{"type":"LineString","coordinates":[[-76.9967,38.92],[-76.9976,38.9166],[-76.9967,38.9148],[-76.9943,38.9137],[-76.9911,38.9142]]}},{"type":"Feature","properties":{"n":2,"a":"amtrak","b":"marc"},"geometry":{"type":"LineString","coordinates":[[-76.9967,38.92],[-76.9949,38.9241],[-76.9942,38.9271]]}},{"type":"Feature","properties":{"n":2,"a":"amtrak","b":"marc"},"geometry":{"type":"LineString","coordinates":[[-76.9958,38.9138],[-76.9938,38.9141]]}},{"type":"Feature","properties":{"n":2,"a":"amtrak","b":"marc"},"geometry":{"type":"LineString","coordinates":[[-76.9982,38.913],[-76.9958,38.9138]]}},{"type":"Feature","properties":{"n":2,"a":"amtrak","b":"marc"},"geometry":{"type":"LineString","coordinates":[[-76.9975,38.9151],[-76.9966,38.914],[-76.9958,38.9138]]}},{"type":"Feature","properties":{"n":2,"a":"amtrak","b":"marc"},"geometry":{"type":"LineString","coordinates":[[-76.9935,38.9141],[-76.988,38.9156],[-76.985,38.9175]]}},{"type":"Feature","properties":{"n":2,"a":"amtrak","b":"marc"},"geometry":{"type":"LineString","coordinates":[[-76.9917,38.9153],[-76.9901,38.9163],[-76.9853,38.9176]]}},{"type":"Feature","properties":{"n":2,"a":"amtrak","b":"marc"},"geometry":{"type":"LineString","coordinates":[[-76.9936,38.9142],[-76.985,38.9175]]}},{"type":"Feature","properties":{"n":2,"a":"amtrak","b":"marc"},"geometry":{"type":"LineString","coordinates":[[-76.9925,38.9148],[-76.985,38.9175]]}},{"type":"Feature","properties":{"n":2,"a":"amtrak","b":"marc"},"geometry":{"type":"LineString","coordinates":[[-76.985,38.9175],[-76.9841,38.9177]]}},{"type":"Feature","properties":{"n":2,"a":"amtrak","b":"marc"},"geometry":{"type":"LineString","coordinates":[[-76.9942,38.9271],[-76.9942,38.9309],[-76.9951,38.9346],[-77.0049,38.9586],[-77.0071,38.9617],[-77.0132,38.9672],[-77.0203,38.9797]]}},{"type":"Feature","properties":{"n":1,"a":"marc"},"geometry":{"type":"LineString","coordinates":[[-77.5294,39.2747],[-77.5239,39.2769],[-77.5223,39.278],[-77.5212,39.2795],[-77.5197,39.2828],[-77.5131,39.2917],[-77.5085,39.2952],[-77.506,39.2965],[-77.4976,39.2981],[-77.4935,39.2994],[-77.4839,39.3051],[-77.4574,39.3253],[-77.4433,39.3363],[-77.4377,39.342],[-77.4315,39.3479],[-77.424,39.3526],[-77.419,39.3567],[-77.4165,39.3591],[-77.4133,39.3623],[-77.4102,39.3651],[-77.4028,39.3687],[-77.392,39.3711],[-77.3911,39.3717],[-77.3909,39.3726],[-77.3918,39.375],[-77.3946,39.3783],[-77.3951,39.3802],[-77.3947,39.3816],[-77.3913,39.3877],[-77.3888,39.3944],[-77.389,39.3964],[-77.3902,39.3985],[-77.3952,39.4057],[-77.3994,39.409],[-77.4018,39.4102],[-77.4027,39.4105],[-77.4045,39.4112],[-77.4055,39.4125]]}},{"type":"Feature","properties":{"n":1,"a":"marc"},"geometry":{"type":"LineString","coordinates":[[-77.0007,38.9104],[-76.9911,38.9142],[-76.978,38.9188],[-76.9751,38.9203],[-76.9718,38.9229],[-76.9666,38.9273],[-76.9607,38.9302],[-76.9587,38.9318],[-76.9422,38.9494],[-76.9393,38.9534],[-76.9369,38.9583],[-76.9349,38.963],[-76.9287,38.978],[-76.9216,38.9952],[-76.918,39.003],[-76.9122,39.0103],[-76.9087,39.0151],[-76.9076,39.0182],[-76.9072,39.0213],[-76.9069,39.0245],[-76.9061,39.0336],[-76.9052,39.0382],[-76.9019,39.0449],[-76.8967,39.051],[-76.8843,39.0628],[-76.8651,39.0758],[-76.8542,39.0834],[-76.8459,39.098],[-76.8419,39.1021],[-76.8403,39.1031],[-76.8397,39.1035],[-76.8378,39.1045],[-76.834,39.1056],[-76.8306,39.1065],[-76.8279,39.1081],[-76.8263,39.1107],[-76.8261,39.1141],[-76.8255,39.1159],[-76.8248,39.117],[-76.823,39.1185],[-76.8197,39.12],[-76.8174,39.1209],[-76.8147,39.122],[-76.811,39.1229],[-76.8066,39.1228],[-76.8051,39.1226],[-76.8012,39.1222],[-76.7963,39.1229],[-76.793,39.1241],[-76.7896,39.1262],[-76.7871,39.1286],[-76.7853,39.1317],[-76.7844,39.1372],[-76.7842,39.1396],[-76.7829,39.1433],[-76.7825,39.144],[-76.7799,39.1474],[-76.7763,39.1517],[-76.7642,39.1658],[-76.7605,39.1689],[-76.7527,39.173],[-76.7501,39.1751],[-76.7475,39.1783],[-76.7466,39.1795],[-76.7451,39.1815],[-76.7443,39.1826],[-76.74,39.1883],[-76.7366,39.1908],[-76.7312,39.1926],[-76.724,39.1924],[-76.7199,39.193],[-76.7177,39.1944],[-76.7124,39.2053],[-76.7112,39.2073],[-76.7087,39.2096],[-76.708,39.2116],[-76.7086,39.2133],[-76.711,39.2158],[-76.7128,39.2186],[-76.7134,39.2203],[-76.7133,39.2218],[-76.7126,39.2228],[-76.7118,39.2233],[-76.7096,39.2242],[-76.706,39.2239],[-76.7039,39.2243],[-76.6936,39.2273],[-76.6911,39.228],[-76.6903,39.2282],[-76.6787,39.2316],[-76.6754,39.2339],[-76.6702,39.2377],[-76.6666,39.2415],[-76.665,39.2454],[-76.6644,39.2519],[-76.6599,39.2555],[-76.6593,39.2558],[-76.6524,39.2585],[-76.6441,39.2648],[-76.6385,39.2692],[-76.6355,39.2716],[-76.6346,39.2723],[-76.634,39.2728],[-76.6293,39.2763],[-76.6276,39.2764],[-76.6245,39.2755],[-76.6222,39.2758],[-76.6198,39.2802],[-76.6196,39.2836]]}},{"type":"Feature","properties":{"n":1,"a":"marc"},"geometry":{"type":"LineString","coordinates":[[-77.5569,39.2926],[-77.5576,39.2946],[-77.5575,39.2959]]}},{"type":"Feature","properties":{"n":1,"a":"marc"},"geometry":{"type":"LineString","coordinates":[[-77.5449,39.2768],[-77.5433,39.2744],[-77.5399,39.2739]]}},{"type":"Feature","properties":{"n":1,"a":"marc"},"geometry":{"type":"LineString","coordinates":[[-77.5345,39.2736],[-77.5318,39.2739],[-77.5294,39.2747]]}},{"type":"Feature","properties":{"n":1,"a":"marc"},"geometry":{"type":"LineString","coordinates":[[-77.5299,39.2712],[-77.5311,39.2725],[-77.5312,39.2733],[-77.5294,39.2747]]}},{"type":"Feature","properties":{"n":1,"a":"septa"},"geometry":{"type":"LineString","coordinates":[[-74.7821,40.1961],[-74.781,40.1967],[-74.7794,40.198],[-74.7745,40.2026]]}},{"type":"Feature","properties":{"n":1,"a":"septa"},"geometry":{"type":"LineString","coordinates":[[-75.1419,40.0327],[-75.1397,40.0335],[-75.1261,40.0322],[-75.1226,40.0333],[-75.1121,40.0411],[-75.1094,40.0458],[-75.1071,40.0489],[-75.1032,40.0513],[-75.0941,40.0567],[-75.0939,40.0568],[-75.0924,40.0583],[-75.0866,40.0638],[-75.0849,40.0668],[-75.0835,40.0761]]}},{"type":"Feature","properties":{"n":1,"a":"septa"},"geometry":{"type":"LineString","coordinates":[[-74.797,40.1944],[-74.7948,40.1951],[-74.7849,40.1957],[-74.7821,40.1961]]}},{"type":"Feature","properties":{"n":1,"a":"septa"},"geometry":{"type":"LineString","coordinates":[[-75.2129,39.9732],[-75.1907,39.967],[-75.189,39.9664]]}},{"type":"Feature","properties":{"n":1,"a":"septa"},"geometry":{"type":"LineString","coordinates":[[-75.1596,40.0002],[-75.1576,39.9974],[-75.1586,39.9959],[-75.1564,39.9976],[-75.157,39.9991],[-75.1653,40.0046],[-75.1772,40.0178],[-75.1782,40.0195],[-75.1778,40.0269],[-75.1788,40.0284],[-75.1807,40.0297],[-75.1839,40.032],[-75.187,40.0352],[-75.189,40.0385],[-75.1902,40.0423],[-75.1916,40.051],[-75.193,40.0544],[-75.1949,40.0575],[-75.1982,40.062],[-75.2044,40.0658],[-75.2099,40.0688],[-75.2111,40.0704],[-75.2116,40.0719],[-75.2114,40.0732],[-75.2081,40.0766]]}},{"type":"Feature","properties":{"n":1,"a":"septa"},"geometry":{"type":"LineString","coordinates":[[-74.7909,40.1949],[-74.7821,40.1961]]}},{"type":"Feature","properties":{"n":1,"a":"septa"},"geometry":{"type":"LineString","coordinates":[[-74.7974,40.1943],[-74.7909,40.1949]]}},{"type":"Feature","properties":{"n":1,"a":"septa"},"geometry":{"type":"LineString","coordinates":[[-74.7973,40.1943],[-74.797,40.1944]]}},{"type":"Feature","properties":{"n":1,"a":"septa"},"geometry":{"type":"LineString","coordinates":[[-75.1626,40.0157],[-75.1628,40.0192],[-75.1624,40.0201]]}},{"type":"Feature","properties":{"n":1,"a":"septa"},"geometry":{"type":"LineString","coordinates":[[-75.1619,40.0181],[-75.1619,40.0197],[-75.1613,40.0211],[-75.159,40.0241],[-75.1573,40.0293]]}},{"type":"Feature","properties":{"n":1,"a":"septa"},"geometry":{"type":"LineString","coordinates":[[-75.1619,40.0137],[-75.1626,40.0157]]}},{"type":"Feature","properties":{"n":1,"a":"septa"},"geometry":{"type":"LineString","coordinates":[[-75.2234,39.9274],[-75.2247,39.9287],[-75.2248,39.9298],[-75.2201,39.9327],[-75.2235,39.93],[-75.2239,39.9288],[-75.2234,39.9274]]}},{"type":"Feature","properties":{"n":1,"a":"septa"},"geometry":{"type":"LineString","coordinates":[[-74.797,40.1944],[-74.7909,40.1949]]}},{"type":"Feature","properties":{"n":1,"a":"septa"},"geometry":{"type":"LineString","coordinates":[[-75.1624,40.0201],[-75.1608,40.0215]]}},{"type":"Feature","properties":{"n":1,"a":"septa"},"geometry":{"type":"LineString","coordinates":[[-75.1626,40.0157],[-75.1632,40.0171],[-75.1632,40.0187],[-75.1624,40.0201]]}},{"type":"Feature","properties":{"n":1,"a":"septa"},"geometry":{"type":"LineString","coordinates":[[-75.1849,39.9567],[-75.1835,39.9567]]}},{"type":"Feature","properties":{"n":1,"a":"septa"},"geometry":{"type":"LineString","coordinates":[[-75.1843,39.9569],[-75.1672,39.9541],[-75.1579,39.9527],[-75.1552,39.9523],[-75.1543,39.953],[-75.1523,39.9616]]}},{"type":"Feature","properties":{"n":1,"a":"septa"},"geometry":{"type":"LineString","coordinates":[[-75.1835,39.9567],[-75.1818,39.9565],[-75.1662,39.9536],[-75.155,39.9522],[-75.1541,39.9532],[-75.1523,39.9616]]}},{"type":"Feature","properties":{"n":1,"a":"septa"},"geometry":{"type":"LineString","coordinates":[[-75.1596,40.0002],[-75.1583,39.9987]]}},{"type":"Feature","properties":{"n":1,"a":"septa"},"geometry":{"type":"LineString","coordinates":[[-75.1381,40.094],[-75.1383,40.0962],[-75.1371,40.0985],[-75.1312,40.1026],[-75.1244,40.1044],[-75.1108,40.1073],[-75.0927,40.1113],[-75.0725,40.1156],[-75.0686,40.1165],[-75.0438,40.1218],[-75.0406,40.1225],[-75.0315,40.1245],[-75.0294,40.1252],[-75.0203,40.128],[-75.0115,40.1308],[-75.0059,40.1326],[-74.9828,40.1401],[-74.9712,40.1443],[-74.9619,40.1469],[-74.9603,40.1473],[-74.9472,40.151],[-74.9353,40.1551],[-74.9165,40.1594],[-74.9124,40.1609],[-74.9076,40.1628],[-74.9052,40.1645],[-74.8995,40.1712],[-74.8971,40.1768],[-74.8931,40.187],[-74.8921,40.1892],[-74.891,40.1907],[-74.8908,40.1909],[-74.8808,40.1992],[-74.8584,40.217],[-74.8309,40.2351],[-74.8262,40.2383],[-74.824,40.2417],[-74.8153,40.2576],[-74.8144,40.2592]]}},{"type":"Feature","properties":{"n":1,"a":"septa"},"geometry":{"type":"LineString","coordinates":[[-75.157,40.1026],[-75.1537,40.1013],[-75.1415,40.0976],[-75.1395,40.096],[-75.1381,40.094]]}},{"type":"Feature","properties":{"n":1,"a":"septa"},"geometry":{"type":"LineString","coordinates":[[-75.157,40.1026],[-75.1696,40.1121],[-75.1828,40.1178],[-75.1839,40.1182],[-75.1874,40.1196],[-75.1997,40.1249],[-75.2018,40.1269],[-75.2047,40.1312],[-75.2117,40.1354],[-75.2149,40.1381],[-75.2226,40.15],[-75.2244,40.1528],[-75.2247,40.1534],[-75.2283,40.1576],[-75.2387,40.1638],[-75.2437,40.1694],[-75.2443,40.1701],[-75.2571,40.185],[-75.2722,40.2028],[-75.2751,40.2077],[-75.2763,40.2111],[-75.2773,40.2144],[-75.2817,40.2301],[-75.2844,40.2396],[-75.2848,40.241],[-75.2852,40.2424],[-75.2853,40.2431],[-75.2854,40.2435],[-75.2851,40.2447],[-75.2838,40.2461],[-75.2833,40.2467],[-75.2791,40.2501],[-75.2661,40.2596],[-75.2542,40.2684],[-75.2465,40.274],[-75.2448,40.2753],[-75.2346,40.2828],[-75.2226,40.2883],[-75.2181,40.289],[-75.2118,40.2879],[-75.2104,40.2878],[-75.2061,40.2881],[-75.1958,40.2918]]}},{"type":"Feature","properties":{"n":1,"a":"septa"},"geometry":{"type":"LineString","coordinates":[[-75.3449,40.1224],[-75.3453,40.1207],[-75.3487,40.117],[-75.3491,40.1166],[-75.35,40.1151],[-75.3501,40.114],[-75.3495,40.1133],[-75.3472,40.1132],[-75.3444,40.1128],[-75.3373,40.1103],[-75.3268,40.1062],[-75.3216,40.1011],[-75.3202,40.0981],[-75.3204,40.091],[-75.318,40.0804],[-75.3144,40.0756],[-75.3085,40.072],[-75.3053,40.0714],[-75.3018,40.0717],[-75.2859,40.0743],[-75.2821,40.0738],[-75.2792,40.0722],[-75.2737,40.065],[-75.2694,40.0613],[-75.2666,40.0587],[-75.2629,40.0542],[-75.2472,40.0422],[-75.2445,40.0385],[-75.2408,40.0373],[-75.2355,40.0341],[-75.2321,40.0306],[-75.2272,40.0276],[-75.225,40.0268],[-75.2205,40.0248],[-75.2148,40.0204],[-75.2122,40.0176],[-75.2103,40.0166],[-75.1922,40.0115],[-75.1649,40.0037],[-75.1596,40.0002]]}},{"type":"Feature","properties":{"n":1,"a":"septa"},"geometry":{"type":"LineString","coordinates":[[-75.157,40.1026],[-75.159,40.1043],[-75.1593,40.1065],[-75.1583,40.1081],[-75.1548,40.1107],[-75.1532,40.114],[-75.1518,40.1158],[-75.1495,40.117],[-75.1345,40.1208],[-75.1322,40.122],[-75.1276,40.1257],[-75.1212,40.1287],[-75.1198,40.1304],[-75.1187,40.1332],[-75.1141,40.1441],[-75.1127,40.1463],[-75.1071,40.1508],[-75.106,40.1524],[-75.106,40.154],[-75.1076,40.1601],[-75.1049,40.1658],[-75.1027,40.1757],[-75.0968,40.1864],[-75.0967,40.1867],[-75.0925,40.1917],[-75.0903,40.1939],[-75.0889,40.1953],[-75.0877,40.1966],[-75.0859,40.1983],[-75.0855,40.1987],[-75.082,40.2023]]}},{"type":"Feature","properties":{"n":1,"a":"septa"},"geometry":{"type":"LineString","coordinates":[[-75.1592,40.0232],[-75.1571,40.0248],[-75.1419,40.0327]]}},{"type":"Feature","properties":{"n":1,"a":"septa"},"geometry":{"type":"LineString","coordinates":[[-75.1419,40.0327],[-75.1372,40.0356],[-75.136,40.0372],[-75.1349,40.0398],[-75.1348,40.0409],[-75.1345,40.0502],[-75.1301,40.0578],[-75.1293,40.0593],[-75.1266,40.0644],[-75.1265,40.0663],[-75.1276,40.0711],[-75.129,40.0757],[-75.1335,40.0832],[-75.1376,40.0929],[-75.1381,40.094]]}},{"type":"Feature","properties":{"n":1,"a":"septa"},"geometry":{"type":"LineString","coordinates":[[-75.1583,39.9987],[-75.1615,40.0082],[-75.1619,40.0111],[-75.1619,40.0137]]}},{"type":"Feature","properties":{"n":1,"a":"septa"},"geometry":{"type":"LineString","coordinates":[[-75.2399,39.8795],[-75.2403,39.8782],[-75.2415,39.8773],[-75.2447,39.8763],[-75.2464,39.876],[-75.2477,39.8757],[-75.2533,39.8748],[-75.2549,39.8753],[-75.2561,39.8762],[-75.2566,39.8775],[-75.2563,39.8789],[-75.2511,39.8849],[-75.2506,39.8855],[-75.2449,39.8918],[-75.2283,39.9103],[-75.2195,39.923],[-75.2191,39.9241],[-75.2195,39.9249],[-75.2234,39.9274]]}},{"type":"Feature","properties":{"n":1,"a":"septa"},"geometry":{"type":"LineString","coordinates":[[-75.1619,40.0137],[-75.1619,40.0181]]}},{"type":"Feature","properties":{"n":1,"a":"septa"},"geometry":{"type":"LineString","coordinates":[[-75.1608,40.0215],[-75.1592,40.0232]]}},{"type":"Feature","properties":{"n":1,"a":"septa"},"geometry":{"type":"LineString","coordinates":[[-75.1619,40.0181],[-75.1616,40.0201],[-75.1608,40.0215]]}},{"type":"Feature","properties":{"n":1,"a":"septa"},"geometry":{"type":"LineString","coordinates":[[-75.1958,40.2918],[-75.1797,40.2975],[-75.1689,40.2993],[-75.1657,40.2989],[-75.1619,40.2973],[-75.1554,40.2952],[-75.1521,40.2951],[-75.1482,40.2958],[-75.135,40.3023],[-75.1305,40.3064]]}},{"type":"Feature","properties":{"n":1,"a":"septa"},"geometry":{"type":"LineString","coordinates":[[-75.4597,39.9012],[-75.4558,39.8994],[-75.4496,39.8947],[-75.4451,39.8938],[-75.4288,39.8994],[-75.422,39.9037],[-75.4139,39.9061],[-75.4113,39.9078],[-75.4059,39.913],[-75.4036,39.9144],[-75.399,39.9154],[-75.3948,39.9143],[-75.3916,39.9116],[-75.3902,39.9081],[-75.3882,39.9059],[-75.3855,39.9045],[-75.3816,39.9035],[-75.3715,39.9037],[-75.3589,39.903],[-75.3543,39.9021],[-75.3511,39.9023],[-75.3288,39.9079],[-75.3211,39.9101],[-75.3098,39.9158],[-75.2981,39.9218],[-75.2939,39.9241],[-75.29,39.9269],[-75.282,39.9329],[-75.2774,39.9361],[-75.2714,39.9373],[-75.26,39.9391],[-75.255,39.9398],[-75.2458,39.9413],[-75.2384,39.9449],[-75.2345,39.946],[-75.2301,39.9464],[-75.2164,39.9436],[-75.2099,39.9425],[-75.2041,39.9441]]}},{"type":"Feature","properties":{"n":1,"a":"septa"},"geometry":{"type":"LineString","coordinates":[[-75.1843,39.9569],[-75.1857,39.9573],[-75.1863,39.958],[-75.1865,39.9616]]}},{"type":"Feature","properties":{"n":1,"a":"septa"},"geometry":{"type":"LineString","coordinates":[[-75.1865,39.9616],[-75.1865,39.9625]]}},{"type":"Feature","properties":{"n":1,"a":"septa"},"geometry":{"type":"LineString","coordinates":[[-75.1849,39.9567],[-75.1863,39.957],[-75.1872,39.9579],[-75.1865,39.9616]]}},{"type":"Feature","properties":{"n":1,"a":"septa"},"geometry":{"type":"LineString","coordinates":[[-75.1843,39.9569],[-75.1862,39.9583],[-75.1865,39.9625]]}},{"type":"Feature","properties":{"n":1,"a":"septa"},"geometry":{"type":"LineString","coordinates":[[-75.1849,39.9567],[-75.1862,39.9568],[-75.1873,39.9577],[-75.1868,39.9631],[-75.1876,39.9651],[-75.189,39.9664]]}},{"type":"Feature","properties":{"n":1,"a":"septa"},"geometry":{"type":"LineString","coordinates":[[-75.2219,39.9762],[-75.2271,39.9782],[-75.229,39.9797],[-75.2261,39.9874],[-75.2257,39.9899],[-75.2258,39.9968],[-75.2272,40.0002],[-75.2275,40.0007],[-75.2313,40.0055],[-75.232,40.0078]]}},{"type":"Feature","properties":{"n":1,"a":"septa"},"geometry":{"type":"LineString","coordinates":[[-75.1592,40.0232],[-75.1571,40.0254],[-75.1566,40.027],[-75.1573,40.0293]]}},{"type":"Feature","properties":{"n":1,"a":"septa"},"geometry":{"type":"LineString","coordinates":[[-75.1865,39.9625],[-75.187,39.9646],[-75.189,39.9664]]}},{"type":"Feature","properties":{"n":1,"a":"septa"},"geometry":{"type":"LineString","coordinates":[[-75.1969,40.291],[-75.1958,40.2918]]}},{"type":"Feature","properties":{"n":1,"a":"septa"},"geometry":{"type":"LineString","coordinates":[[-75.1523,39.9616],[-75.1503,39.9738],[-75.1495,39.9817],[-75.1496,39.9842],[-75.1537,39.9921],[-75.1583,39.9987]]}},{"type":"Feature","properties":{"n":1,"a":"septa"},"geometry":{"type":"LineString","coordinates":[[-75.2079,40.0811],[-75.2054,40.0805],[-75.2019,40.0775],[-75.1969,40.0735],[-75.1932,40.0689],[-75.191,40.0652],[-75.1854,40.0629],[-75.1786,40.0605],[-75.1757,40.058],[-75.1744,40.0539],[-75.1713,40.0507],[-75.1696,40.0465],[-75.1695,40.0436],[-75.1708,40.0407],[-75.1721,40.039],[-75.1718,40.0377],[-75.1703,40.037],[-75.1613,40.0362],[-75.1587,40.0358],[-75.1574,40.0349],[-75.1573,40.0293]]}},{"type":"Feature","properties":{"n":1,"a":"septa"},"geometry":{"type":"LineString","coordinates":[[-75.1928,39.9462],[-75.1898,39.9484],[-75.1883,39.95],[-75.1867,39.9563],[-75.1857,39.9568],[-75.1835,39.9567]]}},{"type":"Feature","properties":{"n":1,"a":"septa"},"geometry":{"type":"LineString","coordinates":[[-75.5362,39.9299],[-75.536,39.9299]]}},{"type":"Feature","properties":{"n":1,"a":"commuter"},"geometry":{"type":"LineString","coordinates":[[-81.5088,41.0886],[-81.5043,41.0886],[-81.5021,41.0881],[-81.4991,41.0871],[-81.4955,41.0849],[-81.4912,41.0859]]}},{"type":"Feature","properties":{"n":1,"a":"commuter"},"geometry":{"type":"LineString","coordinates":[[-81.4929,41.0859],[-81.4912,41.0859]]}},{"type":"Feature","properties":{"n":1,"a":"commuter"},"geometry":{"type":"LineString","coordinates":[[-81.4912,41.0859],[-81.4895,41.0857]]}},{"type":"Feature","properties":{"n":1,"a":"commuter"},"geometry":{"type":"LineString","coordinates":[[-81.4895,41.0857],[-81.4873,41.0846]]}},{"type":"Feature","properties":{"n":1,"a":"commuter"},"geometry":{"type":"LineString","coordinates":[[-81.5125,41.0883],[-81.5088,41.0886]]}},{"type":"Feature","properties":{"n":1,"a":"commuter"},"geometry":{"type":"LineString","coordinates":[[-81.4895,41.0857],[-81.4886,41.0857],[-81.4872,41.0868]]}},{"type":"Feature","properties":{"n":1,"a":"commuter"},"geometry":{"type":"LineString","coordinates":[[-81.515,41.0895],[-81.5088,41.0886]]}},{"type":"Feature","properties":{"n":1,"a":"commuter"},"geometry":{"type":"LineString","coordinates":[[-90.095,29.955],[-90.0957,29.9553],[-90.0921,29.953]]}},{"type":"Feature","properties":{"n":1,"a":"commuter"},"geometry":{"type":"LineString","coordinates":[[-90.0945,29.9547],[-90.0925,29.9546],[-90.087,29.9511]]}},{"type":"Feature","properties":{"n":1,"a":"commuter"},"geometry":{"type":"LineString","coordinates":[[-90.0929,29.954],[-90.0888,29.9517]]}},{"type":"Feature","properties":{"n":1,"a":"commuter"},"geometry":{"type":"LineString","coordinates":[[-90.0888,29.9517],[-90.087,29.951]]}},{"type":"Feature","properties":{"n":1,"a":"commuter"},"geometry":{"type":"LineString","coordinates":[[-90.0921,29.953],[-90.0888,29.9517]]}},{"type":"Feature","properties":{"n":1,"a":"commuter"},"geometry":{"type":"LineString","coordinates":[[-90.0921,29.953],[-90.0892,29.9513]]}},{"type":"Feature","properties":{"n":1,"a":"commuter"},"geometry":{"type":"LineString","coordinates":[[-90.0945,29.9547],[-90.0936,29.9543]]}},{"type":"Feature","properties":{"n":1,"a":"commuter"},"geometry":{"type":"LineString","coordinates":[[-90.095,29.955],[-90.0937,29.9548],[-90.0926,29.9555],[-90.0924,29.9566],[-90.0933,29.9577]]}},{"type":"Feature","properties":{"n":1,"a":"commuter"},"geometry":{"type":"LineString","coordinates":[[-90.0967,29.9601],[-90.0933,29.9577]]}},{"type":"Feature","properties":{"n":1,"a":"commuter"},"geometry":{"type":"LineString","coordinates":[[-90.0936,29.9543],[-90.0909,29.9534],[-90.087,29.9511]]}},{"type":"Feature","properties":{"n":1,"a":"commuter"},"geometry":{"type":"LineString","coordinates":[[-90.087,29.951],[-90.0849,29.9498]]}},{"type":"Feature","properties":{"n":1,"a":"commuter"},"geometry":{"type":"LineString","coordinates":[[-90.087,29.9511],[-90.0849,29.9498]]}},{"type":"Feature","properties":{"n":1,"a":"commuter"},"geometry":{"type":"LineString","coordinates":[[-90.095,29.955],[-90.0945,29.9547]]}},{"type":"Feature","properties":{"n":1,"a":"commuter"},"geometry":{"type":"LineString","coordinates":[[-90.0849,29.9498],[-90.0836,29.9489]]}},{"type":"Feature","properties":{"n":1,"a":"commuter"},"geometry":{"type":"LineString","coordinates":[[-90.0933,29.9577],[-90.0906,29.9539],[-90.0849,29.9498]]}},{"type":"Feature","properties":{"n":1,"a":"commuter"},"geometry":{"type":"LineString","coordinates":[[-90.0836,29.9489],[-90.0789,29.9466]]}},{"type":"Feature","properties":{"n":1,"a":"commuter"},"geometry":{"type":"LineString","coordinates":[[-90.0836,29.9489],[-90.0789,29.9463]]}},{"type":"Feature","properties":{"n":1,"a":"commuter"},"geometry":{"type":"LineString","coordinates":[[-90.0836,29.9489],[-90.0793,29.9463]]}},{"type":"Feature","properties":{"n":1,"a":"commuter"},"geometry":{"type":"LineString","coordinates":[[-90.0936,29.9543],[-90.087,29.951]]}},{"type":"Feature","properties":{"n":1,"a":"commuter"},"geometry":{"type":"LineString","coordinates":[[-86.7737,36.162],[-86.7706,36.1602],[-86.7634,36.1569],[-86.7606,36.156],[-86.7581,36.1554],[-86.7576,36.1555],[-86.7512,36.1558],[-86.7504,36.1558],[-86.7501,36.1558],[-86.7466,36.1561],[-86.7443,36.1562],[-86.7406,36.1565],[-86.7376,36.1575],[-86.7249,36.1622],[-86.7218,36.1629],[-86.715,36.163],[-86.7128,36.1631],[-86.7114,36.1637],[-86.7083,36.1683],[-86.7048,36.1709],[-86.7016,36.1754],[-86.6996,36.1771],[-86.6919,36.1808],[-86.687,36.1817],[-86.6838,36.1809],[-86.6753,36.175],[-86.6666,36.167],[-86.6586,36.1635],[-86.6556,36.1634],[-86.6511,36.1652],[-86.6477,36.168],[-86.6425,36.17],[-86.64,36.1727],[-86.6385,36.1742],[-86.6354,36.1759],[-86.6324,36.1773],[-86.6272,36.1783],[-86.6261,36.179],[-86.6215,36.1839],[-86.6093,36.1876],[-86.6058,36.1899],[-86.5939,36.1997],[-86.5804,36.2005],[-86.5776,36.2],[-86.5737,36.1986],[-86.5723,36.1985],[-86.5654,36.202],[-86.5427,36.2058],[-86.5351,36.2055],[-86.5268,36.2037],[-86.5191,36.2008],[-86.5169,36.1994],[-86.5134,36.1971],[-86.5059,36.194],[-86.5024,36.1929],[-86.4987,36.1932],[-86.4886,36.1927],[-86.4727,36.196],[-86.4705,36.197],[-86.4597,36.2059],[-86.4566,36.2086],[-86.4487,36.2135],[-86.442,36.2151]]}},{"type":"Feature","properties":{"n":1,"a":"commuter"},"geometry":{"type":"LineString","coordinates":[[-86.442,36.2151],[-86.4401,36.2165],[-86.4362,36.2218],[-86.4348,36.2234],[-86.4322,36.2245],[-86.429,36.2258],[-86.427,36.2279],[-86.4247,36.2308]]}},{"type":"Feature","properties":{"n":1,"a":"commuter"},"geometry":{"type":"LineString","coordinates":[[-86.4247,36.2308],[-86.4231,36.2328],[-86.4197,36.2373],[-86.418,36.2388],[-86.4149,36.2402],[-86.412,36.2406],[-86.3992,36.2395],[-86.3903,36.2379],[-86.3794,36.2398],[-86.3751,36.2378],[-86.372,36.2357],[-86.3675,36.2346],[-86.3552,36.2322],[-86.3434,36.2232],[-86.3284,36.2181],[-86.3247,36.2182],[-86.3218,36.2186],[-86.3169,36.219],[-86.3081,36.2172],[-86.3013,36.2141],[-86.297,36.2119]]}},{"type":"Feature","properties":{"n":1,"a":"commuter"},"geometry":{"type":"LineString","coordinates":[[-88.4075,42.7882],[-88.4057,42.7882],[-88.4014,42.7894],[-88.3941,42.7923],[-88.3881,42.7956],[-88.3824,42.7998],[-88.3637,42.8194],[-88.344,42.8428],[-88.3352,42.8535],[-88.3334,42.8551],[-88.3324,42.8556],[-88.3294,42.8558],[-88.3282,42.8548]]}},{"type":"Feature","properties":{"n":1,"a":"commuter"},"geometry":{"type":"LineString","coordinates":[[-86.442,36.2151],[-86.4293,36.2221],[-86.427,36.2248],[-86.4256,36.2289],[-86.4247,36.2308]]}},{"type":"Feature","properties":{"n":1,"a":"commuter"},"geometry":{"type":"LineString","coordinates":[[-104.5203,39.756],[-104.5176,39.7563],[-104.5163,39.7572],[-104.5158,39.7618]]}},{"type":"Feature","properties":{"n":1,"a":"commuter"},"geometry":{"type":"LineString","coordinates":[[-104.5158,39.7618],[-104.5151,39.7646],[-104.5141,39.7652],[-104.5127,39.7654]]}},{"type":"Feature","properties":{"n":1,"a":"commuter"},"geometry":{"type":"LineString","coordinates":[[-104.5158,39.7618],[-104.5154,39.7763]]}},{"type":"Feature","properties":{"n":3,"a":"amtrak","b":"marc","c":"vre"},"geometry":{"type":"LineString","coordinates":[[-77.0041,38.9038],[-77.0021,38.9089],[-77.0007,38.9104]]}},{"type":"Feature","properties":{"n":1,"a":"vre"},"geometry":{"type":"LineString","coordinates":[[-77.4381,38.2142],[-77.4404,38.2196],[-77.441,38.2209]]}},{"type":"Feature","properties":{"n":1,"a":"vre"},"geometry":{"type":"LineString","coordinates":[[-77.5297,38.7266],[-77.5274,38.7283]]}},{"type":"Feature","properties":{"n":1,"a":"vre"},"geometry":{"type":"LineString","coordinates":[[-77.5294,38.7274],[-77.5266,38.729]]}},{"type":"Feature","properties":{"n":1,"a":"vre"},"geometry":{"type":"LineString","coordinates":[[-77.5269,38.7288],[-77.5266,38.729]]}},{"type":"Feature","properties":{"n":1,"a":"vre"},"geometry":{"type":"LineString","coordinates":[[-77.5293,38.7273],[-77.5269,38.7288]]}},{"type":"Feature","properties":{"n":1,"a":"vre"},"geometry":{"type":"LineString","coordinates":[[-77.5299,38.7268],[-77.5274,38.7283]]}},{"type":"Feature","properties":{"n":1,"a":"vre"},"geometry":{"type":"LineString","coordinates":[[-77.5274,38.7283],[-77.5269,38.7288]]}},{"type":"Feature","properties":{"n":1,"a":"vre"},"geometry":{"type":"LineString","coordinates":[[-77.436,38.2111],[-77.4374,38.2134]]}},{"type":"Feature","properties":{"n":1,"a":"vre"},"geometry":{"type":"LineString","coordinates":[[-77.4363,38.2109],[-77.4375,38.2134]]}},{"type":"Feature","properties":{"n":1,"a":"vre"},"geometry":{"type":"LineString","coordinates":[[-77.4365,38.2109],[-77.4375,38.2133]]}},{"type":"Feature","properties":{"n":1,"a":"vre"},"geometry":{"type":"LineString","coordinates":[[-77.4361,38.211],[-77.4374,38.2134]]}},{"type":"Feature","properties":{"n":1,"a":"vre"},"geometry":{"type":"LineString","coordinates":[[-77.4364,38.2109],[-77.4375,38.2134]]}},{"type":"Feature","properties":{"n":1,"a":"vre"},"geometry":{"type":"LineString","coordinates":[[-77.4365,38.2108],[-77.4375,38.2133]]}},{"type":"Feature","properties":{"n":1,"a":"vre"},"geometry":{"type":"LineString","coordinates":[[-77.4375,38.2133],[-77.4381,38.2142]]}},{"type":"Feature","properties":{"n":1,"a":"vre"},"geometry":{"type":"LineString","coordinates":[[-77.4381,38.2142],[-77.4375,38.2134]]}},{"type":"Feature","properties":{"n":1,"a":"vre"},"geometry":{"type":"LineString","coordinates":[[-77.4381,38.2142],[-77.4374,38.2134]]}},{"type":"Feature","properties":{"n":1,"a":"vre"},"geometry":{"type":"LineString","coordinates":[[-77.5266,38.729],[-77.5259,38.7294],[-77.5241,38.7307]]}},{"type":"Feature","properties":{"n":1,"a":"railrunner"},"geometry":{"type":"LineString","coordinates":[[-105.9507,35.681],[-105.949,35.6828],[-105.9487,35.6831],[-105.9486,35.6832],[-105.948,35.6835]]}},{"type":"Feature","properties":{"n":1,"a":"railrunner"},"geometry":{"type":"LineString","coordinates":[[-105.9507,35.681],[-105.9468,35.6844],[-105.9466,35.6846],[-105.948,35.6835]]}},{"type":"Feature","properties":{"n":1,"a":"railrunner"},"geometry":{"type":"LineString","coordinates":[[-105.9478,35.6837],[-105.9467,35.6847]]}},{"type":"Feature","properties":{"n":1,"a":"railrunner"},"geometry":{"type":"LineString","coordinates":[[-105.9478,35.6837],[-105.9468,35.6847]]}},{"type":"Feature","properties":{"n":1,"a":"railrunner"},"geometry":{"type":"LineString","coordinates":[[-105.948,35.6835],[-105.9478,35.6837]]}},{"type":"Feature","properties":{"n":1,"a":"railrunner"},"geometry":{"type":"LineString","coordinates":[[-106.2027,35.4881],[-106.1968,35.4855],[-106.1907,35.4847],[-106.184,35.4858],[-106.1791,35.4882],[-106.1763,35.4906],[-106.1723,35.4968],[-106.1702,35.4989],[-106.1671,35.5006],[-106.1586,35.5038],[-106.1562,35.5056],[-106.1544,35.5077],[-106.1532,35.5118],[-106.1535,35.5262],[-106.1524,35.5297],[-106.1506,35.5318],[-106.0612,35.5913],[-106.0517,35.5974],[-106.0374,35.6036],[-106.0291,35.6098],[-106.0255,35.6118],[-106.0144,35.6155],[-106.0046,35.6195],[-105.9842,35.6248],[-105.9657,35.6319],[-105.9646,35.6329],[-105.9636,35.6353],[-105.9635,35.6395],[-105.961,35.6411],[-105.9573,35.6437],[-105.9569,35.6462],[-105.9572,35.6487],[-105.9582,35.6497],[-105.964,35.6508],[-105.9653,35.652],[-105.9646,35.6575],[-105.9657,35.6607],[-105.9636,35.6639],[-105.9619,35.6664],[-105.9595,35.6698],[-105.9593,35.6701],[-105.9572,35.6731],[-105.9527,35.6788],[-105.9526,35.679],[-105.9513,35.6804],[-105.9507,35.681]]}},{"type":"Feature","properties":{"n":1,"a":"railrunner"},"geometry":{"type":"LineString","coordinates":[[-106.7665,34.6632],[-106.7658,34.6674],[-106.7526,34.7284],[-106.75,34.7406],[-106.7389,34.7919],[-106.7372,34.7995],[-106.7363,34.804],[-106.7356,34.807],[-106.7219,34.8699],[-106.7202,34.8779],[-106.7189,34.8809],[-106.7062,34.8975],[-106.6993,34.9063],[-106.6986,34.9072]]}},{"type":"Feature","properties":{"n":2,"a":"amtrak","b":"commuter"},"geometry":{"type":"LineString","coordinates":[[-97.9663,29.8516],[-97.9646,29.8533]]}},{"type":"Feature","properties":{"n":2,"a":"amtrak","b":"commuter"},"geometry":{"type":"LineString","coordinates":[[-117.3315,33.1332],[-117.332,33.1343]]}},{"type":"Feature","properties":{"n":1,"a":"tre"},"geometry":{"type":"LineString","coordinates":[[-97.3303,32.7454],[-97.3262,32.7452],[-97.3248,32.7455]]}},{"type":"Feature","properties":{"n":1,"a":"tre"},"geometry":{"type":"LineString","coordinates":[[-97.1262,33.2136],[-97.1265,33.2095],[-97.126,33.2075],[-97.1229,33.2043],[-97.1171,33.2019],[-97.1089,33.1976],[-97.0955,33.1847],[-97.0914,33.1828],[-97.0885,33.1814],[-97.0867,33.1796],[-97.0851,33.1739],[-97.0805,33.1682],[-97.0788,33.1674],[-97.0708,33.1655],[-97.0689,33.1639],[-97.0651,33.1586],[-97.0588,33.1521],[-97.0441,33.1453],[-97.0427,33.1443],[-97.0375,33.1285],[-97.0291,33.1189],[-97.0271,33.1165],[-97.0263,33.1144],[-97.0279,33.0952],[-97.026,33.0834],[-97.0237,33.0783],[-97.0203,33.0742],[-97.0155,33.0704],[-97.0063,33.0659],[-97.0045,33.0639],[-97.0017,33.0593],[-96.9982,33.0571],[-96.9923,33.0541],[-96.9876,33.0498],[-96.9863,33.0471],[-96.9844,33.0424],[-96.9781,33.0329],[-96.969,33.023],[-96.9583,33.01],[-96.9497,32.9998],[-96.9393,32.9939],[-96.9341,32.9885],[-96.9305,32.9848],[-96.9266,32.9808],[-96.9214,32.9755]]}},{"type":"Feature","properties":{"n":1,"a":"tre"},"geometry":{"type":"LineString","coordinates":[[-96.8097,32.7786],[-96.8099,32.7805]]}},{"type":"Feature","properties":{"n":2,"a":"texrail","b":"tre"},"geometry":{"type":"LineString","coordinates":[[-97.3248,32.7508],[-97.326,32.7527],[-97.3263,32.7545],[-97.3257,32.7556],[-97.3242,32.7561]]}},{"type":"Feature","properties":{"n":2,"a":"texrail","b":"tre"},"geometry":{"type":"LineString","coordinates":[[-97.3303,32.7455],[-97.3278,32.7454],[-97.3248,32.7455],[-97.323,32.7464],[-97.3229,32.748],[-97.3248,32.7508]]}},{"type":"Feature","properties":{"n":2,"a":"texrail","b":"tre"},"geometry":{"type":"LineString","coordinates":[[-97.3242,32.7561],[-97.3226,32.757]]}},{"type":"Feature","properties":{"n":2,"a":"texrail","b":"tre"},"geometry":{"type":"LineString","coordinates":[[-97.3248,32.7508],[-97.3249,32.7511],[-97.3262,32.7537],[-97.3259,32.7553],[-97.3242,32.7561]]}},{"type":"Feature","properties":{"n":1,"a":"metra"},"geometry":{"type":"LineString","coordinates":[[-87.6405,41.8828],[-87.6408,41.8865],[-87.6413,41.8891],[-87.6418,41.8895]]}},{"type":"Feature","properties":{"n":1,"a":"metra"},"geometry":{"type":"LineString","coordinates":[[-88.3091,41.7596],[-88.3066,41.763],[-88.3021,41.7659],[-88.2981,41.7667],[-88.2803,41.7694]]}},{"type":"Feature","properties":{"n":1,"a":"metra"},"geometry":{"type":"LineString","coordinates":[[-87.7249,41.4565],[-87.7233,41.4592]]}},{"type":"Feature","properties":{"n":1,"a":"metra"},"geometry":{"type":"LineString","coordinates":[[-87.8561,41.9338],[-87.8581,41.9343],[-87.8595,41.9359],[-87.8605,41.9387],[-87.866,41.9542],[-87.8678,41.9573],[-87.8697,41.9602],[-87.8703,41.9627],[-87.871,41.9671],[-87.8738,41.976],[-87.8746,41.9787],[-87.8772,41.986],[-87.8803,41.9948],[-87.89,42.022],[-87.8945,42.0377],[-87.8973,42.0454],[-87.8976,42.0464],[-87.899,42.0503],[-87.9007,42.0555],[-87.9007,42.0649],[-87.9008,42.0759],[-87.9079,42.0924],[-87.9134,42.1052],[-87.917,42.1135],[-87.9203,42.1211],[-87.9228,42.1266],[-87.9231,42.1273],[-87.9238,42.1288],[-87.9271,42.1364],[-87.9294,42.1417],[-87.9345,42.1531],[-87.9402,42.1663],[-87.9413,42.1689],[-87.9428,42.1722],[-87.9477,42.1827],[-87.9554,42.1974],[-87.9648,42.2155],[-87.9739,42.2332],[-87.9768,42.2386],[-87.9815,42.245],[-87.9821,42.2458],[-87.9884,42.2543],[-87.9977,42.2667],[-88.0028,42.274],[-88.004,42.2792],[-88.005,42.2989],[-88.0052,42.3014],[-88.006,42.3033],[-88.0174,42.3181],[-88.0243,42.3267],[-88.0287,42.3322],[-88.045,42.3528],[-88.0503,42.3595],[-88.0589,42.3704],[-88.0653,42.3851],[-88.0784,42.4155],[-88.0801,42.4196],[-88.0885,42.4392],[-88.0898,42.4435],[-88.0911,42.4756],[-88.0922,42.481]]}},{"type":"Feature","properties":{"n":1,"a":"metra"},"geometry":{"type":"LineString","coordinates":[[-88.4647,41.8908],[-88.412,41.8867],[-88.3639,41.883],[-88.3436,41.8815],[-88.3335,41.8809],[-88.3099,41.8815],[-88.2871,41.8822],[-88.2624,41.8826],[-88.2445,41.8829],[-88.2101,41.8834],[-88.2092,41.8834],[-88.2042,41.8826],[-88.199,41.881],[-88.1928,41.8789],[-88.1886,41.8776],[-88.1743,41.8752],[-88.1576,41.87],[-88.1505,41.8694],[-88.1302,41.8704],[-88.1261,41.8694],[-88.1169,41.8654],[-88.112,41.8643],[-88.1052,41.8648],[-88.0937,41.8672],[-88.0902,41.8683],[-88.0822,41.8743],[-88.0792,41.8758],[-88.0757,41.8765],[-88.0682,41.8759],[-88.0645,41.8764],[-88.0383,41.8834],[-88.0241,41.885],[-88.0187,41.8864],[-87.9919,41.8945],[-87.9775,41.8963],[-87.9481,41.8996],[-87.9411,41.8996],[-87.9251,41.898],[-87.9206,41.8974],[-87.9161,41.8963],[-87.9051,41.8937],[-87.8827,41.8914],[-87.8819,41.8914],[-87.8723,41.8913],[-87.8654,41.8913],[-87.8557,41.8903],[-87.8517,41.8898],[-87.8385,41.8883],[-87.8306,41.8874],[-87.8249,41.8869],[-87.8005,41.887],[-87.7749,41.8874],[-87.7436,41.8878],[-87.7405,41.8877],[-87.7301,41.8878],[-87.7247,41.8879],[-87.707,41.8883],[-87.7011,41.8883],[-87.697,41.8883],[-87.6871,41.8885],[-87.6702,41.8887],[-87.663,41.8888],[-87.6584,41.8898],[-87.6476,41.8899],[-87.6444,41.8899],[-87.6433,41.8899],[-87.6418,41.8895]]}},{"type":"Feature","properties":{"n":1,"a":"metra"},"geometry":{"type":"LineString","coordinates":[[-88.0804,41.524],[-88.0771,41.5244],[-88.074,41.5244],[-88.0731,41.5245],[-88.0703,41.5246],[-88.0666,41.5249],[-88.0557,41.5256],[-88.0521,41.5259],[-88.0453,41.5267],[-88.0336,41.5307],[-88.0284,41.5309],[-88.0116,41.5266],[-87.998,41.5216],[-87.984,41.5191],[-87.9704,41.515],[-87.9654,41.5145],[-87.9476,41.5173],[-87.9331,41.5174],[-87.9154,41.519],[-87.8868,41.531],[-87.8607,41.5423],[-87.8462,41.5486],[-87.8426,41.5502],[-87.8239,41.5582],[-87.8096,41.5644],[-87.7831,41.5759],[-87.7616,41.5855],[-87.7386,41.6044],[-87.7121,41.6263],[-87.6983,41.6377],[-87.698,41.638],[-87.6945,41.6409],[-87.6848,41.6488]]}},{"type":"Feature","properties":{"n":1,"a":"metra"},"geometry":{"type":"LineString","coordinates":[[-87.9889,41.4185],[-87.9883,41.42],[-87.9776,41.4445],[-87.9749,41.4481],[-87.9693,41.4536],[-87.9668,41.4571],[-87.9599,41.4762],[-87.96,41.4851],[-87.9603,41.4906],[-87.9605,41.4961],[-87.9626,41.5044],[-87.9606,41.5116],[-87.9418,41.5261],[-87.9322,41.5448],[-87.9273,41.5498],[-87.924,41.552],[-87.9094,41.56],[-87.9089,41.5603],[-87.9027,41.5636],[-87.9025,41.5638],[-87.8913,41.5715],[-87.8896,41.5733],[-87.8845,41.5845],[-87.8823,41.5914],[-87.877,41.5998],[-87.8736,41.6096],[-87.8727,41.614],[-87.8699,41.6207],[-87.8674,41.6239],[-87.8575,41.6325],[-87.8536,41.6359],[-87.8488,41.6401],[-87.8203,41.669],[-87.8072,41.6819],[-87.8025,41.6864],[-87.7959,41.6915],[-87.7806,41.7033],[-87.7791,41.7045],[-87.7761,41.7067],[-87.7698,41.711],[-87.7487,41.7195],[-87.7319,41.7267],[-87.7128,41.7416],[-87.7038,41.7487],[-87.7002,41.7508],[-87.6939,41.7541],[-87.6877,41.7568],[-87.6804,41.7575],[-87.66,41.7578],[-87.6586,41.7579],[-87.6412,41.7584],[-87.6396,41.7601],[-87.6394,41.7648]]}},{"type":"Feature","properties":{"n":1,"a":"metra"},"geometry":{"type":"LineString","coordinates":[[-87.6671,41.9153],[-87.6641,41.9107],[-87.6608,41.9066],[-87.6597,41.9016],[-87.6581,41.8998],[-87.6552,41.8986],[-87.6521,41.8976],[-87.6452,41.8909],[-87.6418,41.8895]]}},{"type":"Feature","properties":{"n":1,"a":"metra"},"geometry":{"type":"LineString","coordinates":[[-87.5926,41.7713],[-87.5925,41.769],[-87.5922,41.7676],[-87.591,41.7666],[-87.59,41.7661],[-87.5873,41.766],[-87.5763,41.7661],[-87.5676,41.7662],[-87.5665,41.766],[-87.5656,41.7651],[-87.5594,41.7584],[-87.5534,41.7528],[-87.5517,41.7509],[-87.5515,41.7453],[-87.5513,41.743],[-87.5493,41.7407],[-87.5482,41.7381],[-87.5476,41.7266]]}},{"type":"Feature","properties":{"n":1,"a":"metra"},"geometry":{"type":"LineString","coordinates":[[-87.6457,41.734],[-87.6447,41.7366],[-87.6291,41.7777],[-87.6283,41.7795],[-87.6283,41.7855],[-87.6282,41.7868],[-87.6285,41.7973],[-87.6291,41.8206],[-87.6292,41.823],[-87.6294,41.8314],[-87.6297,41.8423],[-87.6299,41.851],[-87.6306,41.8543],[-87.6309,41.8594],[-87.6306,41.862],[-87.6306,41.8633],[-87.6321,41.8715]]}},{"type":"Feature","properties":{"n":1,"a":"metra"},"geometry":{"type":"LineString","coordinates":[[-87.6848,41.6488],[-87.6774,41.6548],[-87.676,41.6562]]}},{"type":"Feature","properties":{"n":1,"a":"metra"},"geometry":{"type":"LineString","coordinates":[[-87.6747,41.6573],[-87.6686,41.6625],[-87.6655,41.6652],[-87.6607,41.6693],[-87.6595,41.6703],[-87.6557,41.6734],[-87.6521,41.6741],[-87.6422,41.6742],[-87.6397,41.6742],[-87.6315,41.6743],[-87.6216,41.6744],[-87.6164,41.6746],[-87.6142,41.6763]]}},{"type":"Feature","properties":{"n":1,"a":"metra"},"geometry":{"type":"LineString","coordinates":[[-87.7233,41.4592],[-87.7177,41.4697],[-87.7073,41.4892],[-87.6985,41.5056],[-87.6902,41.5212],[-87.6786,41.5429],[-87.6685,41.5618],[-87.6624,41.5733],[-87.6583,41.581],[-87.6437,41.6084],[-87.6358,41.6231],[-87.6304,41.6332],[-87.623,41.6469],[-87.619,41.6554],[-87.6142,41.6763]]}},{"type":"Feature","properties":{"n":1,"a":"metra"},"geometry":{"type":"LineString","coordinates":[[-87.6321,41.8715],[-87.632,41.8752]]}},{"type":"Feature","properties":{"n":1,"a":"metra"},"geometry":{"type":"LineString","coordinates":[[-87.6671,41.9153],[-87.6681,41.9171],[-87.6704,41.9223],[-87.673,41.9287],[-87.6735,41.9359],[-87.6743,41.9652],[-87.6745,41.9681],[-87.6747,41.9787],[-87.6748,41.9842],[-87.6756,42.0096],[-87.676,42.0157],[-87.6801,42.0334],[-87.6824,42.0436],[-87.6846,42.0477],[-87.6861,42.0496],[-87.6926,42.0573],[-87.6981,42.0639],[-87.7094,42.0774],[-87.7168,42.0862],[-87.7237,42.0945],[-87.7325,42.1051],[-87.737,42.1104],[-87.7444,42.1192],[-87.7582,42.1356],[-87.7723,42.1524],[-87.7727,42.1528],[-87.777,42.1579],[-87.7829,42.1649],[-87.7948,42.179],[-87.7975,42.1831],[-87.8107,42.2034],[-87.8211,42.2174],[-87.8344,42.2355],[-87.8397,42.2524],[-87.8466,42.2752],[-87.8468,42.2798],[-87.8467,42.282],[-87.8466,42.307],[-87.8466,42.3084],[-87.8457,42.3135],[-87.843,42.3182],[-87.8426,42.3189],[-87.8372,42.3287],[-87.8336,42.3351],[-87.8303,42.3412],[-87.8285,42.3565],[-87.8281,42.361],[-87.8278,42.3632],[-87.8262,42.3719],[-87.825,42.3791],[-87.8223,42.3963],[-87.8198,42.4282],[-87.8181,42.4492],[-87.818,42.4497],[-87.8179,42.4512],[-87.816,42.4758],[-87.8162,42.4824],[-87.8162,42.4827],[-87.8166,42.4928],[-87.8182,42.5323],[-87.8197,42.541],[-87.8217,42.5583],[-87.8256,42.573],[-87.826,42.5832],[-87.826,42.5855],[-87.826,42.5872]]}},{"type":"Feature","properties":{"n":1,"a":"metra"},"geometry":{"type":"LineString","coordinates":[[-87.6361,41.8183],[-87.6361,41.8191],[-87.6364,41.8249],[-87.6369,41.85]]}},{"type":"Feature","properties":{"n":1,"a":"metra"},"geometry":{"type":"LineString","coordinates":[[-87.6848,41.6488],[-87.678,41.6549],[-87.6763,41.6565],[-87.6752,41.6616],[-87.675,41.6624],[-87.6737,41.6696],[-87.6735,41.6704],[-87.6725,41.6766],[-87.6715,41.685],[-87.6705,41.6925],[-87.6698,41.6989],[-87.6689,41.7062],[-87.6685,41.7094],[-87.6673,41.7134],[-87.6675,41.7215],[-87.6672,41.728],[-87.6666,41.73],[-87.6649,41.7315],[-87.6628,41.7321],[-87.659,41.7322],[-87.6479,41.7323],[-87.6467,41.7327],[-87.6457,41.734]]}},{"type":"Feature","properties":{"n":1,"a":"metra"},"geometry":{"type":"LineString","coordinates":[[-87.676,41.6562],[-87.6739,41.6586],[-87.6726,41.6611],[-87.668,41.6733],[-87.6561,41.7057],[-87.6505,41.7209],[-87.6479,41.7277],[-87.6462,41.7323],[-87.6457,41.734]]}},{"type":"Feature","properties":{"n":1,"a":"metra"},"geometry":{"type":"LineString","coordinates":[[-88.3109,42.2409],[-88.3016,42.236],[-88.2981,42.2341],[-88.2901,42.2301],[-88.259,42.2182],[-88.2413,42.2091],[-88.2195,42.1978],[-88.1996,42.1876],[-88.1474,42.1608],[-88.1412,42.1575],[-88.1384,42.1561],[-88.1348,42.1542],[-88.1316,42.1526],[-88.1241,42.1487],[-88.0945,42.1335],[-88.0486,42.113],[-88.0299,42.1047],[-88.009,42.0954],[-87.9841,42.0843],[-87.9742,42.0799],[-87.9368,42.0632],[-87.9362,42.063],[-87.9162,42.054],[-87.9123,42.0523],[-87.901,42.0473],[-87.8867,42.0408],[-87.8563,42.024],[-87.8317,42.0101],[-87.818,42.0024],[-87.7991,41.9917],[-87.778,41.9797],[-87.7622,41.9708],[-87.7473,41.9624],[-87.7467,41.962],[-87.746,41.9616],[-87.74,41.9582],[-87.7299,41.9525],[-87.7145,41.9438],[-87.6865,41.9279],[-87.6704,41.9187],[-87.6685,41.9171],[-87.6671,41.9153]]}},{"type":"Feature","properties":{"n":1,"a":"metra"},"geometry":{"type":"LineString","coordinates":[[-87.6321,41.8715],[-87.6325,41.8752]]}},{"type":"Feature","properties":{"n":1,"a":"metra"},"geometry":{"type":"LineString","coordinates":[[-87.676,41.6562],[-87.6747,41.6573]]}},{"type":"Feature","properties":{"n":1,"a":"metra"},"geometry":{"type":"LineString","coordinates":[[-87.6762,41.6558],[-87.6747,41.6573]]}},{"type":"Feature","properties":{"n":1,"a":"metra"},"geometry":{"type":"LineString","coordinates":[[-88.3288,42.0587],[-88.3267,42.0585],[-88.3211,42.0581],[-88.3034,42.0583],[-88.2967,42.0565],[-88.2951,42.0552],[-88.294,42.0532],[-88.2942,42.0489],[-88.293,42.0455],[-88.2918,42.0433],[-88.2863,42.0361],[-88.2807,42.03],[-88.2787,42.0265],[-88.276,42.0212],[-88.2743,42.0178],[-88.2724,42.0144],[-88.2702,42.0127],[-88.2669,42.0117],[-88.2632,42.012],[-88.2602,42.0125],[-88.2572,42.0123],[-88.2433,42.007],[-88.2373,42.0047],[-88.2351,42.0039],[-88.2315,42.0025],[-88.2283,42.0017],[-88.211,41.9993],[-88.1946,41.9937],[-88.1838,41.9923],[-88.1747,41.9911],[-88.1637,41.9898],[-88.1497,41.9882],[-88.1311,41.9888],[-88.1216,41.9891],[-88.1184,41.9892],[-88.1072,41.9894],[-88.0936,41.9869],[-88.0671,41.9815],[-88.0519,41.9784],[-88.0447,41.977],[-88.032,41.9746],[-88.0141,41.9716],[-87.9993,41.9698],[-87.9953,41.9692],[-87.9895,41.9673],[-87.9752,41.9625],[-87.9715,41.9615],[-87.9418,41.957],[-87.9375,41.9563],[-87.9338,41.9558],[-87.927,41.9548],[-87.9205,41.9533],[-87.9198,41.9532],[-87.8988,41.9478],[-87.8858,41.9425],[-87.8834,41.9416],[-87.8821,41.9411],[-87.8665,41.9365],[-87.8655,41.9362],[-87.8589,41.9343],[-87.8561,41.9338]]}},{"type":"Feature","properties":{"n":1,"a":"metra"},"geometry":{"type":"LineString","coordinates":[[-87.8561,41.9338],[-87.8438,41.9329],[-87.8364,41.931],[-87.8148,41.925],[-87.8059,41.9233],[-87.8016,41.9219],[-87.7944,41.9193],[-87.7891,41.9174],[-87.7858,41.9165],[-87.7802,41.9165],[-87.7669,41.9167],[-87.7584,41.916],[-87.7464,41.9145],[-87.7454,41.9144],[-87.7384,41.9136],[-87.7324,41.9136],[-87.7246,41.9136],[-87.7228,41.9135],[-87.7217,41.9127]]}},{"type":"Feature","properties":{"n":1,"a":"metra"},"geometry":{"type":"LineString","coordinates":[[-88.6175,42.4197],[-88.6124,42.4171],[-88.5565,42.4023],[-88.5515,42.4003],[-88.5462,42.3963],[-88.5085,42.363],[-88.4935,42.3498],[-88.4511,42.3205],[-88.4475,42.3171],[-88.4408,42.3101],[-88.4384,42.3082],[-88.4147,42.2958],[-88.362,42.268],[-88.3274,42.2496],[-88.3182,42.2448],[-88.3171,42.2442],[-88.3109,42.2409]]}},{"type":"Feature","properties":{"n":1,"a":"metra"},"geometry":{"type":"LineString","coordinates":[[-88.1823,42.3984],[-88.1809,42.3954],[-88.1777,42.3924],[-88.172,42.3901],[-88.1637,42.3858],[-88.1535,42.3838],[-88.1497,42.382],[-88.1399,42.3738],[-88.1296,42.3683],[-88.1276,42.3678],[-88.1116,42.3637],[-88.1049,42.3608],[-88.0983,42.3566],[-88.0939,42.3546],[-88.068,42.3428],[-88.0423,42.3332],[-88.0284,42.328],[-88.0234,42.3258],[-88.0152,42.321],[-88.0061,42.3156],[-87.9994,42.309],[-87.9896,42.3033],[-87.9864,42.3019],[-87.9792,42.3005],[-87.9565,42.2911],[-87.9506,42.2906],[-87.9419,42.2871],[-87.9389,42.2866],[-87.902,42.2842],[-87.899,42.2829],[-87.8971,42.2807]]}},{"type":"Feature","properties":{"n":1,"a":"metra"},"geometry":{"type":"LineString","coordinates":[[-88.3109,42.2409],[-88.3122,42.242],[-88.3128,42.2437],[-88.3115,42.246],[-88.3012,42.2574],[-88.2999,42.2596],[-88.2997,42.2615],[-88.3017,42.2807],[-88.302,42.2863],[-88.2968,42.3116],[-88.2774,42.3378],[-88.276,42.3407],[-88.2761,42.3434]]}},{"type":"Feature","properties":{"n":1,"a":"metra"},"geometry":{"type":"LineString","coordinates":[[-87.7269,41.4525],[-87.7233,41.4592]]}},{"type":"Feature","properties":{"n":1,"a":"metra"},"geometry":{"type":"LineString","coordinates":[[-87.6127,41.683],[-87.6122,41.6846]]}},{"type":"Feature","properties":{"n":1,"a":"metra"},"geometry":{"type":"LineString","coordinates":[[-87.6142,41.6763],[-87.6127,41.683]]}},{"type":"Feature","properties":{"n":1,"a":"metra"},"geometry":{"type":"LineString","coordinates":[[-87.6127,41.683],[-87.6124,41.6847]]}},{"type":"Feature","properties":{"n":2,"a":"metra","b":"southshore"},"geometry":{"type":"LineString","coordinates":[[-87.6181,41.8583],[-87.6193,41.8614],[-87.6198,41.8647]]}},{"type":"Feature","properties":{"n":2,"a":"metra","b":"southshore"},"geometry":{"type":"LineString","coordinates":[[-87.6198,41.8647],[-87.6215,41.8688],[-87.6225,41.8709],[-87.6226,41.8716],[-87.6227,41.8744],[-87.6229,41.8769],[-87.6231,41.884]]}},{"type":"Feature","properties":{"n":2,"a":"metra","b":"southshore"},"geometry":{"type":"LineString","coordinates":[[-87.6124,41.6847],[-87.6121,41.6861],[-87.6106,41.6926],[-87.6091,41.6996],[-87.6074,41.707],[-87.6038,41.7223],[-87.6021,41.7297],[-87.6004,41.7371],[-87.5988,41.7442],[-87.5974,41.7504],[-87.5926,41.7713],[-87.5907,41.78],[-87.589,41.7876],[-87.5888,41.7882],[-87.5876,41.7933],[-87.587,41.796],[-87.587,41.8],[-87.5883,41.8046],[-87.5912,41.8095],[-87.6084,41.833],[-87.6109,41.8384],[-87.6132,41.8437],[-87.6164,41.8513],[-87.617,41.8527],[-87.6172,41.8561],[-87.6181,41.8583]]}},{"type":"Feature","properties":{"n":2,"a":"metra","b":"southshore"},"geometry":{"type":"LineString","coordinates":[[-87.6181,41.8583],[-87.6184,41.8607],[-87.6198,41.8647]]}},{"type":"Feature","properties":{"n":2,"a":"amtrak","b":"metra"},"geometry":{"type":"LineString","coordinates":[[-88.0791,41.5245],[-88.0788,41.5272],[-88.0789,41.5307],[-88.079,41.5371],[-88.0786,41.5395],[-88.0767,41.5459],[-88.076,41.5483],[-88.0671,41.5737],[-88.0603,41.5852],[-88.0535,41.5995],[-88.0524,41.6029],[-88.0493,41.6373],[-88.0479,41.6522],[-88.0469,41.6552],[-88.0453,41.6573],[-88.0431,41.659],[-88.0361,41.6623],[-88.0285,41.6658],[-88.0217,41.6688],[-88.0142,41.6719],[-88.0026,41.6738],[-87.9906,41.6771],[-87.9788,41.6804],[-87.9576,41.6878],[-87.9536,41.6893],[-87.9457,41.6929],[-87.9332,41.703],[-87.9144,41.7128],[-87.9088,41.7156],[-87.8916,41.7214],[-87.8784,41.7334],[-87.8757,41.7357],[-87.8533,41.7501],[-87.8506,41.7525],[-87.8407,41.7634],[-87.8343,41.7704],[-87.8313,41.7736],[-87.8254,41.7801],[-87.8251,41.7804],[-87.8238,41.7818],[-87.8226,41.7831],[-87.8219,41.7838],[-87.8151,41.7912],[-87.8094,41.7952],[-87.8014,41.7982],[-87.7703,41.808],[-87.7624,41.8105],[-87.7386,41.818],[-87.7364,41.8187],[-87.726,41.822],[-87.7144,41.8256],[-87.7124,41.826],[-87.7029,41.8263],[-87.6944,41.8265],[-87.6928,41.8265],[-87.689,41.8266],[-87.686,41.8268],[-87.6842,41.8274],[-87.6649,41.8397],[-87.6625,41.8408],[-87.6539,41.8449],[-87.6502,41.8461],[-87.6461,41.848],[-87.6413,41.8496],[-87.6393,41.8514],[-87.637,41.8551]]}},{"type":"Feature","properties":{"n":2,"a":"amtrak","b":"metra"},"geometry":{"type":"LineString","coordinates":[[-87.6386,41.8786],[-87.6388,41.8861],[-87.6409,41.888],[-87.6522,41.8885],[-87.687,41.8886],[-87.6883,41.8891],[-87.6906,41.89],[-87.7059,41.8965],[-87.7098,41.8989],[-87.7145,41.9026],[-87.7182,41.9069],[-87.7213,41.912],[-87.7217,41.9127],[-87.7229,41.9151],[-87.7279,41.9248],[-87.7282,41.9254],[-87.7402,41.9485],[-87.7462,41.9601],[-87.7556,41.9782],[-87.7658,41.9978],[-87.7769,42.0192],[-87.7851,42.035],[-87.7972,42.0584],[-87.8059,42.075],[-87.8091,42.0813],[-87.8157,42.0975],[-87.8215,42.1115],[-87.8246,42.1192],[-87.8278,42.1268],[-87.8324,42.1377],[-87.8411,42.1518],[-87.8417,42.1528],[-87.8476,42.1624],[-87.8498,42.168],[-87.8552,42.1831],[-87.8746,42.2237],[-87.89,42.256],[-87.8961,42.2771],[-87.8971,42.2807]]}},{"type":"Feature","properties":{"n":2,"a":"amtrak","b":"metra"},"geometry":{"type":"LineString","coordinates":[[-87.7515,41.8436],[-87.7464,41.8441],[-87.7448,41.8443],[-87.742,41.8449],[-87.7397,41.8454],[-87.739,41.8456],[-87.7375,41.8459],[-87.6916,41.8561],[-87.6899,41.8564],[-87.6856,41.8575],[-87.6797,41.8591],[-87.6743,41.8599],[-87.6722,41.8597],[-87.6711,41.8597],[-87.6689,41.8598],[-87.6519,41.8604],[-87.6484,41.8604],[-87.6471,41.8605],[-87.6392,41.8603],[-87.6377,41.8606],[-87.637,41.8615],[-87.6373,41.8673],[-87.639,41.8758],[-87.6386,41.8786]]}},{"type":"Feature","properties":{"n":2,"a":"amtrak","b":"metra"},"geometry":{"type":"LineString","coordinates":[[-88.2803,41.7694],[-88.2753,41.7702],[-88.2738,41.7704],[-88.2622,41.7721],[-88.2444,41.7748],[-88.2398,41.7755],[-88.2251,41.7776],[-88.2076,41.7781],[-88.1995,41.7783],[-88.1863,41.7787],[-88.1456,41.7798],[-88.1331,41.7802],[-88.1286,41.7808],[-88.1228,41.7826],[-88.1028,41.7926],[-88.0719,41.798],[-88.0655,41.7984],[-88.0381,41.7955],[-88.0318,41.7955],[-88.0165,41.7955],[-88.0099,41.7956],[-87.9939,41.7956],[-87.9765,41.7956],[-87.9618,41.7957],[-87.9544,41.7971],[-87.9454,41.7991],[-87.9283,41.803],[-87.9185,41.8052],[-87.9176,41.8054],[-87.9012,41.8091],[-87.8784,41.8143],[-87.8705,41.816],[-87.8576,41.8189],[-87.8499,41.8207],[-87.8432,41.8222],[-87.8331,41.8244],[-87.8202,41.8274],[-87.8019,41.8315],[-87.7935,41.8333],[-87.7843,41.8354],[-87.7817,41.836],[-87.7807,41.8362],[-87.7739,41.838],[-87.7658,41.8408],[-87.7515,41.8436]]}},{"type":"Feature","properties":{"n":2,"a":"amtrak","b":"metra"},"geometry":{"type":"LineString","coordinates":[[-87.6394,41.7648],[-87.6399,41.7859],[-87.6402,41.7944],[-87.6404,41.8031],[-87.6394,41.8051],[-87.6376,41.8068],[-87.6368,41.809],[-87.6362,41.8115],[-87.6361,41.8171],[-87.6361,41.8177],[-87.6361,41.8183],[-87.6369,41.85],[-87.637,41.8538],[-87.637,41.8551]]}},{"type":"Feature","properties":{"n":2,"a":"amtrak","b":"metra"},"geometry":{"type":"LineString","coordinates":[[-87.637,41.8551],[-87.637,41.857],[-87.637,41.859],[-87.637,41.8602],[-87.6371,41.8656],[-87.6377,41.8702],[-87.638,41.8719],[-87.6386,41.8786]]}},{"type":"Feature","properties":{"n":2,"a":"amtrak","b":"metra"},"geometry":{"type":"LineString","coordinates":[[-87.7515,41.8436],[-87.745,41.8443],[-87.7329,41.847],[-87.6836,41.8583]]}},{"type":"Feature","properties":{"n":1,"a":"southshore"},"geometry":{"type":"LineString","coordinates":[[-86.8637,41.7138],[-86.8635,41.7139]]}},{"type":"Feature","properties":{"n":1,"a":"southshore"},"geometry":{"type":"LineString","coordinates":[[-86.8633,41.7149],[-86.8624,41.7149]]}},{"type":"Feature","properties":{"n":1,"a":"southshore"},"geometry":{"type":"LineString","coordinates":[[-86.8633,41.7148],[-86.8616,41.7148]]}},{"type":"Feature","properties":{"n":1,"a":"southshore"},"geometry":{"type":"LineString","coordinates":[[-86.8616,41.7148],[-86.8613,41.7149]]}},{"type":"Feature","properties":{"n":1,"a":"southshore"},"geometry":{"type":"LineString","coordinates":[[-86.8617,41.7147],[-86.8613,41.7149]]}},{"type":"Feature","properties":{"n":1,"a":"southshore"},"geometry":{"type":"LineString","coordinates":[[-86.8622,41.7145],[-86.8617,41.7147]]}},{"type":"Feature","properties":{"n":1,"a":"southshore"},"geometry":{"type":"LineString","coordinates":[[-86.862,41.7146],[-86.8617,41.7147]]}},{"type":"Feature","properties":{"n":1,"a":"southshore"},"geometry":{"type":"LineString","coordinates":[[-86.8618,41.7148],[-86.8616,41.7148]]}},{"type":"Feature","properties":{"n":1,"a":"southshore"},"geometry":{"type":"LineString","coordinates":[[-86.8633,41.7147],[-86.8618,41.7148]]}},{"type":"Feature","properties":{"n":1,"a":"southshore"},"geometry":{"type":"LineString","coordinates":[[-86.8633,41.7146],[-86.8618,41.7148]]}},{"type":"Feature","properties":{"n":1,"a":"southshore"},"geometry":{"type":"LineString","coordinates":[[-86.8643,41.7145],[-86.862,41.7146]]}},{"type":"Feature","properties":{"n":1,"a":"southshore"},"geometry":{"type":"LineString","coordinates":[[-86.862,41.7146],[-86.8643,41.7144],[-86.862,41.7146]]}},{"type":"Feature","properties":{"n":1,"a":"southshore"},"geometry":{"type":"LineString","coordinates":[[-86.8627,41.7144],[-86.8643,41.7143],[-86.862,41.7146]]}},{"type":"Feature","properties":{"n":1,"a":"southshore"},"geometry":{"type":"LineString","coordinates":[[-86.8643,41.7142],[-86.8627,41.7144]]}},{"type":"Feature","properties":{"n":1,"a":"southshore"},"geometry":{"type":"LineString","coordinates":[[-86.8627,41.7144],[-86.8622,41.7145]]}},{"type":"Feature","properties":{"n":1,"a":"southshore"},"geometry":{"type":"LineString","coordinates":[[-86.8635,41.7139],[-86.8627,41.7143]]}},{"type":"Feature","properties":{"n":1,"a":"southshore"},"geometry":{"type":"LineString","coordinates":[[-86.8635,41.7139],[-86.8609,41.715]]}},{"type":"Feature","properties":{"n":1,"a":"southshore"},"geometry":{"type":"LineString","coordinates":[[-86.8613,41.7149],[-86.8612,41.715]]}},{"type":"Feature","properties":{"n":1,"a":"southshore"},"geometry":{"type":"LineString","coordinates":[[-86.8612,41.715],[-86.8608,41.7152]]}},{"type":"Feature","properties":{"n":1,"a":"southshore"},"geometry":{"type":"LineString","coordinates":[[-86.8624,41.7149],[-86.8612,41.715]]}},{"type":"Feature","properties":{"n":1,"a":"southshore"},"geometry":{"type":"LineString","coordinates":[[-86.8624,41.7149],[-86.861,41.7151]]}},{"type":"Feature","properties":{"n":1,"a":"southshore"},"geometry":{"type":"LineString","coordinates":[[-86.8686,41.714],[-86.8657,41.7138]]}},{"type":"Feature","properties":{"n":1,"a":"southshore"},"geometry":{"type":"LineString","coordinates":[[-86.8683,41.7139],[-86.8657,41.7138]]}},{"type":"Feature","properties":{"n":1,"a":"southshore"},"geometry":{"type":"LineString","coordinates":[[-86.8627,41.7143],[-86.8622,41.7145]]}},{"type":"Feature","properties":{"n":1,"a":"southshore"},"geometry":{"type":"LineString","coordinates":[[-86.8642,41.7141],[-86.8627,41.7143]]}},{"type":"Feature","properties":{"n":1,"a":"southshore"},"geometry":{"type":"LineString","coordinates":[[-87.6124,41.6847],[-87.6123,41.6838],[-87.6098,41.678],[-87.6022,41.6691],[-87.5933,41.6593],[-87.5906,41.6582],[-87.5854,41.658],[-87.5595,41.6581],[-87.5575,41.6572],[-87.5436,41.6462],[-87.5394,41.6431],[-87.5365,41.6412],[-87.5274,41.6345],[-87.527,41.6342],[-87.5251,41.6326],[-87.5239,41.6321],[-87.5155,41.631],[-87.5037,41.6309],[-87.5007,41.6303],[-87.4927,41.6253],[-87.4915,41.6232],[-87.4902,41.6186],[-87.4887,41.6166],[-87.4798,41.612],[-87.476,41.6107],[-87.455,41.6106],[-87.4383,41.6103],[-87.4328,41.6101],[-87.423,41.6092],[-87.4016,41.6059],[-87.3943,41.6055],[-87.3756,41.6056],[-87.3433,41.6057],[-87.3377,41.6047],[-87.3231,41.602],[-87.3038,41.5977],[-87.2973,41.5963],[-87.2918,41.5952],[-87.2866,41.595],[-87.273,41.5979],[-87.2699,41.598],[-87.269,41.598],[-87.2633,41.5978],[-87.256,41.6019],[-87.2488,41.6037],[-87.2225,41.61],[-87.2004,41.6153],[-87.1877,41.6172],[-87.1727,41.6194],[-87.161,41.6197],[-87.1547,41.6199],[-87.1334,41.6183],[-87.1294,41.619],[-87.1268,41.6202],[-87.1087,41.6298],[-87.1028,41.6317],[-87.0986,41.633],[-87.0777,41.6394],[-87.0616,41.6447],[-87.0495,41.6489],[-87.0184,41.6601],[-86.9959,41.6686],[-86.9854,41.6731],[-86.9388,41.6941],[-86.9352,41.6964],[-86.9326,41.699],[-86.9314,41.7002],[-86.9268,41.7051],[-86.9251,41.706],[-86.9092,41.7092],[-86.907,41.7092],[-86.8977,41.7118],[-86.8938,41.713],[-86.8695,41.7133],[-86.8679,41.7133],[-86.8672,41.7133]]}},{"type":"Feature","properties":{"n":1,"a":"southshore"},"geometry":{"type":"LineString","coordinates":[[-86.8576,41.7126],[-86.8515,41.7121],[-86.8448,41.7115],[-86.8396,41.7117],[-86.8188,41.7166],[-86.8124,41.7181],[-86.8083,41.7184],[-86.6145,41.7169],[-86.6018,41.7168],[-86.5837,41.7165],[-86.5724,41.7132],[-86.5563,41.7121],[-86.5375,41.7095],[-86.525,41.7092],[-86.514,41.7097],[-86.5046,41.7077],[-86.4962,41.706],[-86.479,41.7041],[-86.4482,41.7004],[-86.4472,41.7003],[-86.4413,41.6996],[-86.4359,41.699],[-86.3829,41.693],[-86.3098,41.6834],[-86.3066,41.6845],[-86.2948,41.6847],[-86.2937,41.6852],[-86.2932,41.686],[-86.2934,41.7013],[-86.2941,41.7029],[-86.2957,41.7033],[-86.3033,41.7026],[-86.306,41.7011],[-86.3114,41.7008]]}},{"type":"Feature","properties":{"n":1,"a":"southshore"},"geometry":{"type":"LineString","coordinates":[[-86.8672,41.7133],[-86.8594,41.7128]]}},{"type":"Feature","properties":{"n":1,"a":"southshore"},"geometry":{"type":"LineString","coordinates":[[-86.8646,41.7135],[-86.8637,41.7138]]}},{"type":"Feature","properties":{"n":1,"a":"southshore"},"geometry":{"type":"LineString","coordinates":[[-86.8648,41.7135],[-86.8637,41.7138]]}},{"type":"Feature","properties":{"n":1,"a":"southshore"},"geometry":{"type":"LineString","coordinates":[[-86.8675,41.7133],[-86.8661,41.7133]]}},{"type":"Feature","properties":{"n":1,"a":"southshore"},"geometry":{"type":"LineString","coordinates":[[-86.8678,41.7134],[-86.8675,41.7133]]}},{"type":"Feature","properties":{"n":1,"a":"southshore"},"geometry":{"type":"LineString","coordinates":[[-86.8679,41.7134],[-86.8675,41.7133]]}},{"type":"Feature","properties":{"n":1,"a":"southshore"},"geometry":{"type":"LineString","coordinates":[[-86.8696,41.714],[-86.8678,41.7134]]}},{"type":"Feature","properties":{"n":1,"a":"southshore"},"geometry":{"type":"LineString","coordinates":[[-86.8695,41.714],[-86.8678,41.7134]]}},{"type":"Feature","properties":{"n":1,"a":"southshore"},"geometry":{"type":"LineString","coordinates":[[-86.8694,41.714],[-86.8679,41.7134]]}},{"type":"Feature","properties":{"n":1,"a":"southshore"},"geometry":{"type":"LineString","coordinates":[[-86.8695,41.7141],[-86.8679,41.7134]]}},{"type":"Feature","properties":{"n":1,"a":"southshore"},"geometry":{"type":"LineString","coordinates":[[-86.8594,41.7128],[-86.8576,41.7126]]}},{"type":"Feature","properties":{"n":1,"a":"southshore"},"geometry":{"type":"LineString","coordinates":[[-86.8599,41.713],[-86.8574,41.713]]}},{"type":"Feature","properties":{"n":1,"a":"southshore"},"geometry":{"type":"LineString","coordinates":[[-86.8624,41.7131],[-86.8576,41.7126]]}},{"type":"Feature","properties":{"n":1,"a":"southshore"},"geometry":{"type":"LineString","coordinates":[[-86.8672,41.7133],[-86.8656,41.7132]]}},{"type":"Feature","properties":{"n":1,"a":"southshore"},"geometry":{"type":"LineString","coordinates":[[-86.8661,41.7133],[-86.8656,41.7134]]}},{"type":"Feature","properties":{"n":1,"a":"southshore"},"geometry":{"type":"LineString","coordinates":[[-86.8656,41.7134],[-86.8653,41.7134]]}},{"type":"Feature","properties":{"n":1,"a":"southshore"},"geometry":{"type":"LineString","coordinates":[[-86.8653,41.7134],[-86.865,41.7134]]}},{"type":"Feature","properties":{"n":1,"a":"southshore"},"geometry":{"type":"LineString","coordinates":[[-86.865,41.7134],[-86.8646,41.7135]]}},{"type":"Feature","properties":{"n":1,"a":"southshore"},"geometry":{"type":"LineString","coordinates":[[-86.865,41.7135],[-86.8646,41.7135]]}},{"type":"Feature","properties":{"n":1,"a":"southshore"},"geometry":{"type":"LineString","coordinates":[[-86.8653,41.7135],[-86.8669,41.7135],[-86.865,41.7135]]}},{"type":"Feature","properties":{"n":1,"a":"southshore"},"geometry":{"type":"LineString","coordinates":[[-86.8653,41.7135],[-86.865,41.7135]]}},{"type":"Feature","properties":{"n":1,"a":"southshore"},"geometry":{"type":"LineString","coordinates":[[-86.8669,41.7136],[-86.8653,41.7135]]}},{"type":"Feature","properties":{"n":1,"a":"southshore"},"geometry":{"type":"LineString","coordinates":[[-86.867,41.7137],[-86.8652,41.7136]]}},{"type":"Feature","properties":{"n":1,"a":"southshore"},"geometry":{"type":"LineString","coordinates":[[-86.867,41.7136],[-86.8652,41.7136]]}},{"type":"Feature","properties":{"n":1,"a":"southshore"},"geometry":{"type":"LineString","coordinates":[[-86.8652,41.7136],[-86.8648,41.7135]]}},{"type":"Feature","properties":{"n":1,"a":"southshore"},"geometry":{"type":"LineString","coordinates":[[-86.8657,41.7138],[-86.8648,41.7135]]}},{"type":"Feature","properties":{"n":1,"a":"southshore"},"geometry":{"type":"LineString","coordinates":[[-86.8653,41.7134],[-86.8633,41.7133]]}},{"type":"Feature","properties":{"n":1,"a":"southshore"},"geometry":{"type":"LineString","coordinates":[[-86.8661,41.7133],[-86.8624,41.7131]]}},{"type":"Feature","properties":{"n":1,"a":"southshore"},"geometry":{"type":"LineString","coordinates":[[-86.8624,41.7131],[-86.8617,41.7131]]}},{"type":"Feature","properties":{"n":1,"a":"southshore"},"geometry":{"type":"LineString","coordinates":[[-86.8617,41.7131],[-86.861,41.7131]]}},{"type":"Feature","properties":{"n":1,"a":"southshore"},"geometry":{"type":"LineString","coordinates":[[-86.8656,41.7134],[-86.8617,41.7131]]}},{"type":"Feature","properties":{"n":1,"a":"southshore"},"geometry":{"type":"LineString","coordinates":[[-86.865,41.7134],[-86.862,41.7133]]}},{"type":"Feature","properties":{"n":1,"a":"southshore"},"geometry":{"type":"LineString","coordinates":[[-86.8633,41.7133],[-86.861,41.7131]]}},{"type":"Feature","properties":{"n":1,"a":"southshore"},"geometry":{"type":"LineString","coordinates":[[-86.8633,41.7133],[-86.8599,41.713]]}},{"type":"Feature","properties":{"n":1,"a":"southshore"},"geometry":{"type":"LineString","coordinates":[[-86.861,41.7131],[-86.8599,41.713]]}},{"type":"Feature","properties":{"n":1,"a":"southshore"},"geometry":{"type":"LineString","coordinates":[[-86.8603,41.7128],[-86.8594,41.7128]]}},{"type":"Feature","properties":{"n":1,"a":"southshore"},"geometry":{"type":"LineString","coordinates":[[-86.8656,41.7132],[-86.8603,41.7128]]}},{"type":"Feature","properties":{"n":1,"a":"southshore"},"geometry":{"type":"LineString","coordinates":[[-86.8656,41.7132],[-86.8603,41.7128]]}},{"type":"Feature","properties":{"n":1,"a":"southshore"},"geometry":{"type":"LineString","coordinates":[[-86.8646,41.7135],[-86.8613,41.7134]]}},{"type":"Feature","properties":{"n":1,"a":"northstar"},"geometry":{"type":"LineString","coordinates":[[-93.2763,44.9839],[-93.2742,44.9852],[-93.2706,44.9865],[-93.2619,44.9888],[-93.2487,44.9932],[-93.2467,44.9941],[-93.2461,44.995],[-93.2462,44.9962],[-93.2474,44.9988]]}},{"type":"Feature","properties":{"n":2,"a":"amtrak","b":"northstar"},"geometry":{"type":"LineString","coordinates":[[-93.7304,45.3299],[-93.7277,45.3296],[-93.7181,45.3287],[-93.7058,45.3276],[-93.5903,45.3164],[-93.5857,45.3149],[-93.5785,45.3105],[-93.5771,45.3096],[-93.5713,45.306],[-93.564,45.3031],[-93.5611,45.3013],[-93.5478,45.2874],[-93.5426,45.2829],[-93.5126,45.2564],[-93.5002,45.2455],[-93.4937,45.2418],[-93.4621,45.232],[-93.3841,45.2078],[-93.378,45.2058],[-93.3721,45.2035],[-93.3632,45.1982],[-93.3518,45.1912],[-93.3471,45.1881],[-93.3281,45.1732],[-93.3202,45.1672],[-93.2953,45.1522],[-93.2935,45.1508],[-93.2922,45.1487],[-93.2904,45.145],[-93.2873,45.1385],[-93.2834,45.1303],[-93.2705,45.1026],[-93.2696,45.0966],[-93.2705,45.083],[-93.2708,45.079],[-93.2716,45.069],[-93.2716,45.0683],[-93.2718,45.0625],[-93.2733,45.0474],[-93.2732,45.0465],[-93.2729,45.0458],[-93.2726,45.0427],[-93.2728,45.0418],[-93.273,45.0408],[-93.2729,45.0402],[-93.2724,45.0355],[-93.2717,45.0334],[-93.2713,45.0328],[-93.2711,45.0325],[-93.2707,45.0321],[-93.2705,45.0317],[-93.2702,45.0312],[-93.27,45.0302],[-93.2695,45.0294],[-93.2685,45.0279],[-93.2682,45.0268],[-93.2632,45.0201],[-93.2604,45.0162],[-93.2513,45.004],[-93.2485,45.0002],[-93.2474,44.9988]]}},{"type":"Feature","properties":{"n":3,"a":"amtrak","b":"texrail","c":"tre"},"geometry":{"type":"LineString","coordinates":[[-97.3226,32.757],[-97.3219,32.7574]]}},{"type":"Feature","properties":{"n":2,"a":"amtrak","b":"sounder"},"geometry":{"type":"LineString","coordinates":[[-122.3155,47.5494],[-122.3171,47.5509],[-122.3194,47.5531],[-122.3306,47.5624],[-122.3316,47.5638],[-122.3317,47.5662],[-122.3317,47.5691],[-122.3317,47.5717],[-122.3317,47.5723],[-122.332,47.5825],[-122.332,47.586],[-122.3308,47.5916],[-122.3306,47.5922],[-122.3304,47.5929],[-122.33,47.5944],[-122.3298,47.595],[-122.3296,47.5957],[-122.3294,47.5963],[-122.3293,47.5985],[-122.3293,47.5995],[-122.3293,47.6005],[-122.3299,47.6026],[-122.3347,47.6069],[-122.3449,47.61],[-122.3534,47.6144],[-122.3554,47.6156],[-122.3575,47.617],[-122.3762,47.6315],[-122.3771,47.6322],[-122.3787,47.6334],[-122.3805,47.6356],[-122.3806,47.6455],[-122.3806,47.6459],[-122.3809,47.6511],[-122.3825,47.6533],[-122.3858,47.656],[-122.3869,47.6569],[-122.389,47.6587],[-122.3929,47.6614],[-122.4007,47.6641],[-122.4021,47.6661],[-122.4025,47.6691],[-122.4052,47.6733],[-122.4054,47.6768],[-122.4044,47.6794],[-122.4037,47.6805],[-122.4024,47.6835],[-122.4022,47.686],[-122.4021,47.6902],[-122.4039,47.6949],[-122.4031,47.6967],[-122.3999,47.6987],[-122.3867,47.7038],[-122.3813,47.7075],[-122.3801,47.7089],[-122.3795,47.7122],[-122.3766,47.7158],[-122.3756,47.7178],[-122.3761,47.7216],[-122.3734,47.7262],[-122.373,47.7298],[-122.3738,47.7327],[-122.3769,47.7401],[-122.382,47.7475],[-122.3821,47.7492],[-122.3811,47.7532],[-122.3793,47.7573],[-122.3798,47.759],[-122.382,47.7613],[-122.3872,47.7665],[-122.392,47.7707],[-122.3934,47.7779],[-122.3935,47.7785],[-122.3933,47.7807],[-122.3904,47.7856],[-122.3906,47.789],[-122.3919,47.7967],[-122.3945,47.8021],[-122.3938,47.8039],[-122.39,47.8069],[-122.3845,47.8111],[-122.3813,47.8136],[-122.3746,47.8209],[-122.363,47.8309],[-122.3537,47.8398],[-122.3508,47.8414],[-122.3461,47.8423],[-122.3444,47.8431],[-122.3405,47.8458],[-122.3361,47.8509],[-122.3343,47.8553],[-122.3346,47.8615],[-122.3329,47.8648],[-122.3297,47.8679],[-122.329,47.8699],[-122.3296,47.8754],[-122.3324,47.8794],[-122.3326,47.8809],[-122.3296,47.8886],[-122.327,47.8937],[-122.3269,47.8985],[-122.3246,47.9048],[-122.3222,47.9079],[-122.3202,47.9144],[-122.3104,47.9245],[-122.3093,47.9265],[-122.309,47.9292],[-122.3103,47.9374],[-122.3093,47.9412],[-122.3068,47.9459],[-122.3051,47.9471],[-122.3018,47.9482],[-122.301,47.9484],[-122.2956,47.9498],[-122.2881,47.9521],[-122.2785,47.9559],[-122.2665,47.9572],[-122.2619,47.9581],[-122.2558,47.9583],[-122.2513,47.9588],[-122.2475,47.9601],[-122.2425,47.9628],[-122.2363,47.9664],[-122.231,47.9701],[-122.2275,47.9719],[-122.2273,47.972],[-122.2178,47.9792],[-122.215,47.9799],[-122.202,47.9798],[-122.1994,47.9794],[-122.1982,47.9775]]}},{"type":"Feature","properties":{"n":2,"a":"amtrak","b":"sounder"},"geometry":{"type":"LineString","coordinates":[[-122.549,47.1238],[-122.4995,47.153],[-122.4957,47.1553],[-122.4949,47.1576],[-122.4942,47.1617],[-122.4942,47.162],[-122.4937,47.1652],[-122.4934,47.167],[-122.4904,47.1759],[-122.4896,47.1782],[-122.4889,47.1801],[-122.4852,47.1914],[-122.4848,47.1953],[-122.4856,47.204],[-122.4857,47.2051],[-122.4861,47.2092],[-122.4864,47.2135],[-122.4865,47.214],[-122.4869,47.2203],[-122.4863,47.222],[-122.4851,47.2237],[-122.4831,47.2253],[-122.4813,47.2265],[-122.4752,47.2305],[-122.4715,47.232],[-122.4639,47.2335],[-122.4559,47.2328],[-122.4496,47.2318],[-122.4466,47.232],[-122.4413,47.2344],[-122.4362,47.2381],[-122.429,47.2393],[-122.4253,47.2397],[-122.4166,47.2407],[-122.4095,47.241],[-122.4089,47.2409],[-122.402,47.2402],[-122.4006,47.2399],[-122.3978,47.2392],[-122.3963,47.2381],[-122.395,47.2334],[-122.3937,47.2317],[-122.3918,47.2308],[-122.3881,47.2301],[-122.3858,47.2295],[-122.3845,47.2286],[-122.3823,47.2241],[-122.3812,47.2228],[-122.369,47.217],[-122.3489,47.2023],[-122.2957,47.1927],[-122.2861,47.191],[-122.2837,47.1906],[-122.2749,47.1891],[-122.272,47.1885],[-122.2703,47.1882],[-122.264,47.1878],[-122.2589,47.1894],[-122.2447,47.2014],[-122.2384,47.2069],[-122.2293,47.2149],[-122.2275,47.2183],[-122.2296,47.2576],[-122.2304,47.2726],[-122.2319,47.2983],[-122.2319,47.2991],[-122.2321,47.3026],[-122.2323,47.3052],[-122.2323,47.3065],[-122.2323,47.308],[-122.2324,47.3115],[-122.2328,47.3534],[-122.233,47.3791],[-122.2331,47.3846],[-122.2332,47.3898],[-122.2336,47.3973],[-122.235,47.4053],[-122.2385,47.4244],[-122.2386,47.425],[-122.241,47.4381],[-122.2407,47.4529],[-122.2405,47.4601],[-122.2406,47.4641],[-122.2435,47.4675],[-122.2466,47.4706]]}},{"type":"Feature","properties":{"n":2,"a":"amtrak","b":"sounder"},"geometry":{"type":"LineString","coordinates":[[-122.2868,47.5124],[-122.2843,47.5082],[-122.2825,47.506],[-122.2778,47.5014],[-122.2682,47.4934],[-122.2635,47.4871],[-122.2572,47.4828],[-122.2524,47.4764]]}},{"type":"Feature","properties":{"n":2,"a":"amtrak","b":"sounder"},"geometry":{"type":"LineString","coordinates":[[-122.2524,47.4764],[-122.2466,47.4706]]}},{"type":"Feature","properties":{"n":2,"a":"amtrak","b":"sounder"},"geometry":{"type":"LineString","coordinates":[[-122.3155,47.5494],[-122.2978,47.5338],[-122.2893,47.5166]]}},{"type":"Feature","properties":{"n":2,"a":"amtrak","b":"sounder"},"geometry":{"type":"LineString","coordinates":[[-122.3155,47.5494],[-122.3148,47.5489],[-122.314,47.5482],[-122.2982,47.5346],[-122.2968,47.5327],[-122.2943,47.5273],[-122.2907,47.5196],[-122.2896,47.5174]]}},{"type":"Feature","properties":{"n":2,"a":"amtrak","b":"sounder"},"geometry":{"type":"LineString","coordinates":[[-122.2857,47.5107],[-122.2822,47.5059],[-122.2764,47.5004],[-122.2685,47.4939],[-122.264,47.4878],[-122.26,47.4848],[-122.2571,47.4829],[-122.2548,47.4801],[-122.2546,47.4798],[-122.2522,47.4767],[-122.2469,47.471],[-122.2466,47.4706]]}},{"type":"Feature","properties":{"n":2,"a":"amtrak","b":"sounder"},"geometry":{"type":"LineString","coordinates":[[-122.2862,47.5115],[-122.2868,47.5124]]}},{"type":"Feature","properties":{"n":2,"a":"amtrak","b":"sounder"},"geometry":{"type":"LineString","coordinates":[[-122.2862,47.5115],[-122.2827,47.5063],[-122.2765,47.5003],[-122.2682,47.4936],[-122.2638,47.4875],[-122.2572,47.4829],[-122.2524,47.4764]]}},{"type":"Feature","properties":{"n":2,"a":"amtrak","b":"sounder"},"geometry":{"type":"LineString","coordinates":[[-122.2868,47.5124],[-122.2876,47.5138],[-122.2893,47.5166]]}},{"type":"Feature","properties":{"n":2,"a":"amtrak","b":"sounder"},"geometry":{"type":"LineString","coordinates":[[-122.2893,47.5166],[-122.2896,47.5174]]}},{"type":"Feature","properties":{"n":2,"a":"amtrak","b":"sounder"},"geometry":{"type":"LineString","coordinates":[[-122.2857,47.5107],[-122.2896,47.5174]]}},{"type":"Feature","properties":{"n":2,"a":"amtrak","b":"sounder"},"geometry":{"type":"LineString","coordinates":[[-122.2857,47.5107],[-122.2862,47.5115]]}},{"type":"Feature","properties":{"n":1,"a":"frontrunner"},"geometry":{"type":"LineString","coordinates":[[-111.9089,40.7523],[-111.9089,40.7529],[-111.9088,40.7547],[-111.9087,40.7597],[-111.9093,40.7627],[-111.9108,40.7663],[-111.9107,40.7678],[-111.9092,40.7689],[-111.9061,40.7699],[-111.9053,40.7707],[-111.9051,40.7717],[-111.905,40.7731],[-111.9053,40.7828],[-111.9054,40.7843],[-111.9054,40.7883],[-111.9059,40.7897],[-111.9099,40.7916],[-111.9128,40.7945],[-111.9176,40.7995],[-111.9184,40.8009],[-111.9194,40.8025],[-111.9197,40.8047],[-111.9186,40.8219],[-111.9183,40.8301],[-111.9172,40.8408],[-111.9064,40.8725],[-111.903,40.8808],[-111.8921,40.9034],[-111.8916,40.9643],[-111.8921,40.9663],[-111.8989,40.9834],[-111.9009,40.9856],[-111.9049,40.9881],[-111.9327,41.0054],[-111.9377,41.0095],[-111.9394,41.0119],[-111.9494,41.0332],[-111.9627,41.0546],[-111.9647,41.0567],[-112.0035,41.082],[-112.0066,41.085],[-112.014,41.095],[-112.0346,41.1223],[-112.0352,41.1253],[-112.0359,41.1483],[-112.0373,41.1527],[-112.0438,41.1694],[-112.0448,41.174],[-112.0448,41.1775],[-112.0437,41.1821],[-112.0421,41.1852],[-112.0392,41.1888],[-112.018,41.2067],[-112.0143,41.2089],[-112.0113,41.2099],[-112.0069,41.2106],[-111.9915,41.2102],[-111.9891,41.2105],[-111.9849,41.2126],[-111.981,41.2174],[-111.9803,41.2205],[-111.9803,41.2234],[-111.9807,41.2243],[-111.9817,41.2264],[-111.982,41.2267],[-111.9864,41.2306]]}},{"type":"Feature","properties":{"n":1,"a":"frontrunner"},"geometry":{"type":"LineString","coordinates":[[-111.9102,40.7643],[-111.9111,40.7669],[-111.9104,40.7684],[-111.9091,40.7691],[-111.9084,40.7693]]}},{"type":"Feature","properties":{"n":3,"a":"amtrak","b":"ace","c":"caltrain"},"geometry":{"type":"LineString","coordinates":[[-121.9143,37.3422],[-121.914,37.3421],[-121.9121,37.3412],[-121.9098,37.3402],[-121.908,37.3381],[-121.9055,37.3353],[-121.9046,37.3345],[-121.9035,37.3331],[-121.9033,37.3317],[-121.9029,37.3299]]}},{"type":"Feature","properties":{"n":3,"a":"amtrak","b":"ace","c":"caltrain"},"geometry":{"type":"LineString","coordinates":[[-121.9143,37.3422],[-121.9146,37.3424],[-121.933,37.3517],[-121.9359,37.3532],[-121.9395,37.3549],[-121.9143,37.3422]]}},{"type":"Feature","properties":{"n":2,"a":"amtrak","b":"frontrunner"},"geometry":{"type":"LineString","coordinates":[[-111.6627,40.2258],[-111.671,40.226],[-111.6749,40.2276],[-111.6993,40.2526],[-111.7051,40.2585],[-111.7195,40.273],[-111.7199,40.2733],[-111.7255,40.2804],[-111.7317,40.2887],[-111.7345,40.2923],[-111.7458,40.3072],[-111.75,40.3127],[-111.761,40.3288],[-111.7636,40.3319],[-111.7996,40.3681],[-111.8043,40.3711],[-111.8106,40.3728],[-111.8212,40.3751],[-111.841,40.3792],[-111.8519,40.3815],[-111.8539,40.3825],[-111.8551,40.3841],[-111.8555,40.3892],[-111.8567,40.3913],[-111.8884,40.418],[-111.8961,40.4251],[-111.9122,40.4398],[-111.9149,40.4408],[-111.9204,40.4416],[-111.922,40.4426],[-111.9227,40.4438],[-111.9223,40.4474],[-111.9225,40.4494],[-111.9236,40.4511],[-111.9307,40.4569],[-111.9327,40.4596],[-111.9332,40.4629],[-111.9321,40.4696],[-111.926,40.4802],[-111.9053,40.5093],[-111.9043,40.5114],[-111.9041,40.5139],[-111.9042,40.516],[-111.9043,40.5169],[-111.9047,40.5268],[-111.9006,40.563],[-111.9007,40.5667],[-111.904,40.573],[-111.9045,40.575],[-111.9027,40.5901],[-111.9066,40.6114],[-111.9066,40.616],[-111.9059,40.6189],[-111.903,40.6306],[-111.9007,40.6403],[-111.9,40.6498],[-111.8981,40.6557],[-111.8965,40.6601],[-111.8957,40.6639],[-111.8967,40.6745],[-111.8971,40.6788],[-111.8982,40.6822],[-111.9007,40.6896],[-111.9037,40.6985],[-111.9046,40.701],[-111.9083,40.7125],[-111.9084,40.7264],[-111.9084,40.7279],[-111.9084,40.7291],[-111.9084,40.7385],[-111.9086,40.7431],[-111.9089,40.747],[-111.9089,40.7523],[-111.909,40.7567],[-111.9098,40.7632],[-111.91,40.7638],[-111.9102,40.7643]]}},{"type":"Feature","properties":{"n":2,"a":"amtrak","b":"coaster"},"geometry":{"type":"LineString","coordinates":[[-117.1756,32.874],[-117.1747,32.8766],[-117.1745,32.8775],[-117.1742,32.8791],[-117.175,32.8816],[-117.1769,32.8832],[-117.1791,32.8841],[-117.182,32.8839],[-117.1847,32.8848],[-117.1866,32.8861],[-117.1918,32.8863],[-117.1934,32.8886],[-117.1945,32.8893],[-117.2032,32.8873],[-117.208,32.8872],[-117.2125,32.8897],[-117.2157,32.893],[-117.2251,32.9028],[-117.2266,32.9043],[-117.2384,32.9171],[-117.2488,32.9256],[-117.2612,32.9384],[-117.2677,32.9579],[-117.2678,32.9595],[-117.2668,32.9623],[-117.2655,32.9662],[-117.2662,32.9706],[-117.2701,32.9869],[-117.2716,32.9929],[-117.2751,33.002],[-117.2781,33.0121],[-117.2833,33.0214],[-117.2878,33.0285],[-117.2911,33.0349],[-117.2927,33.0439],[-117.2932,33.047],[-117.2942,33.0508],[-117.3011,33.062],[-117.3115,33.0921],[-117.3192,33.109],[-117.3315,33.1332]]}},{"type":"Feature","properties":{"n":2,"a":"amtrak","b":"coaster"},"geometry":{"type":"LineString","coordinates":[[-117.3759,33.1876],[-117.3689,33.1793],[-117.3632,33.1726],[-117.3592,33.1688],[-117.351,33.1608],[-117.3379,33.145],[-117.332,33.1343]]}},{"type":"Feature","properties":{"n":2,"a":"amtrak","b":"coaster"},"geometry":{"type":"LineString","coordinates":[[-117.1702,32.7178],[-117.1701,32.7203],[-117.1706,32.7247],[-117.1741,32.7325],[-117.1792,32.7382],[-117.1823,32.7404]]}},{"type":"Feature","properties":{"n":1,"a":"smart"},"geometry":{"type":"LineString","coordinates":[[-122.5126,37.9478],[-122.511,37.9502],[-122.5078,37.9533],[-122.5075,37.9546],[-122.5078,37.9563],[-122.5087,37.9575],[-122.52,37.9675],[-122.5214,37.9688],[-122.5229,37.9709],[-122.5228,37.9719],[-122.5212,37.9791],[-122.5214,37.9802],[-122.5238,37.9846],[-122.5323,37.9919],[-122.5341,37.9926],[-122.5391,37.9932],[-122.5405,37.9945],[-122.5405,37.9981],[-122.5373,38.0017],[-122.5315,38.0072],[-122.53,38.0098],[-122.5251,38.0207],[-122.5194,38.0396],[-122.5192,38.0417],[-122.5209,38.0511],[-122.5239,38.0563],[-122.5259,38.059],[-122.5342,38.0646],[-122.5367,38.0668],[-122.5431,38.0784],[-122.5449,38.0818],[-122.546,38.0838],[-122.5641,38.1056],[-122.5646,38.1062],[-122.5658,38.108],[-122.5662,38.1105],[-122.5662,38.1204],[-122.5632,38.1303],[-122.5647,38.1568],[-122.5741,38.1774],[-122.5799,38.1858],[-122.5833,38.1917],[-122.5846,38.1978],[-122.5847,38.2045],[-122.5854,38.2065],[-122.5863,38.2077],[-122.6055,38.2216],[-122.6113,38.225],[-122.6135,38.2274],[-122.6163,38.2319],[-122.6184,38.2331],[-122.6234,38.234],[-122.6314,38.2356],[-122.6348,38.2373],[-122.6408,38.2411],[-122.6419,38.2424],[-122.6423,38.2441],[-122.6431,38.2538],[-122.6443,38.2567],[-122.6627,38.2742],[-122.6649,38.2771],[-122.6654,38.28],[-122.6634,38.2922],[-122.664,38.2944],[-122.6677,38.2982],[-122.6716,38.3002],[-122.6772,38.3066],[-122.6787,38.3088],[-122.683,38.3182],[-122.6911,38.3313],[-122.7011,38.3473],[-122.7197,38.3772],[-122.7207,38.3794],[-122.7214,38.4343],[-122.7216,38.4375],[-122.7225,38.4392],[-122.7367,38.4555],[-122.7843,38.51],[-122.7855,38.5113]]}},{"type":"Feature","properties":{"n":2,"a":"coaster","b":"rtd"},"geometry":{"type":"LineString","coordinates":[[-117.38,33.1925],[-117.3759,33.1876]]}},{"type":"Feature","properties":{"n":3,"a":"amtrak","b":"mnr","c":"shoreline"},"geometry":{"type":"LineString","coordinates":[[-72.9296,41.2943],[-72.9273,41.2957],[-72.9239,41.2992],[-72.9231,41.3029]]}},{"type":"Feature","properties":{"n":3,"a":"amtrak","b":"mnr","c":"shoreline"},"geometry":{"type":"LineString","coordinates":[[-72.9296,41.2943],[-72.9246,41.2989],[-72.9236,41.3014]]}},{"type":"Feature","properties":{"n":3,"a":"amtrak","b":"mnr","c":"shoreline"},"geometry":{"type":"LineString","coordinates":[[-73.5299,41.0517],[-73.5233,41.0567],[-73.5224,41.0583],[-73.5205,41.0646],[-73.5182,41.068],[-73.5163,41.0692],[-73.5137,41.0701],[-73.5103,41.0704],[-73.4974,41.0689],[-73.4919,41.0688],[-73.4893,41.0695],[-73.4872,41.0707],[-73.4791,41.0756],[-73.4714,41.077],[-73.4698,41.0771],[-73.4643,41.0775],[-73.4498,41.0769],[-73.4443,41.0775],[-73.4388,41.0783],[-73.4348,41.0792],[-73.4315,41.0812],[-73.43,41.0831],[-73.4267,41.0902],[-73.4229,41.0945],[-73.4186,41.0991],[-73.4168,41.1001],[-73.4119,41.1012],[-73.4042,41.104],[-73.3994,41.1058],[-73.3786,41.1167],[-73.3746,41.1181],[-73.3701,41.119],[-73.3575,41.1215],[-73.3419,41.1228],[-73.3378,41.1225],[-73.3256,41.1199],[-73.3214,41.1203],[-73.3146,41.1224],[-73.3037,41.126],[-73.2999,41.1278],[-73.288,41.1353],[-73.2811,41.1396],[-73.2767,41.141],[-73.2644,41.1415],[-73.2584,41.1427],[-73.2554,41.144],[-73.2513,41.1467],[-73.2447,41.1532],[-73.2339,41.1612],[-73.2291,41.1647],[-73.2259,41.1659],[-73.22,41.1671],[-73.2037,41.1685],[-73.1908,41.1697],[-73.1874,41.1705],[-73.1865,41.1712],[-73.1859,41.1726],[-73.1863,41.1763],[-73.1867,41.1779],[-73.187,41.1798],[-73.1863,41.1825],[-73.1851,41.1841],[-73.1837,41.1851],[-73.1786,41.1859],[-73.1694,41.1856],[-73.1666,41.1855],[-73.1564,41.185],[-73.1484,41.1847],[-73.1431,41.1863],[-73.1309,41.1946],[-73.1198,41.2023],[-73.1096,41.2053],[-73.1078,41.2058],[-73.1031,41.2071],[-73.0822,41.2126],[-73.0759,41.2155],[-73.0672,41.2182],[-73.0602,41.2222],[-73.056,41.2236],[-73.038,41.2245],[-73.0339,41.2256],[-73.0284,41.2283],[-73.0233,41.2308],[-73.0053,41.2416],[-73.0007,41.2447],[-72.9723,41.267],[-72.969,41.2688],[-72.9638,41.2707],[-72.9587,41.273],[-72.9461,41.2839],[-72.936,41.2904],[-72.932,41.2929],[-72.9296,41.2943]]}},{"type":"Feature","properties":{"n":3,"a":"amtrak","b":"mnr","c":"shoreline"},"geometry":{"type":"LineString","coordinates":[[-72.9236,41.3014],[-72.9231,41.3029]]}},{"type":"Feature","properties":{"n":3,"a":"amtrak","b":"mnr","c":"shoreline"},"geometry":{"type":"LineString","coordinates":[[-72.9231,41.3029],[-72.9217,41.3052]]}},{"type":"Feature","properties":{"n":3,"a":"amtrak","b":"mnr","c":"shoreline"},"geometry":{"type":"LineString","coordinates":[[-72.9296,41.2943],[-72.9261,41.2974],[-72.9242,41.2997],[-72.9236,41.3014]]}},{"type":"Feature","properties":{"n":2,"a":"amtrak","b":"njt"},"geometry":{"type":"LineString","coordinates":[[-74.7137,40.2484],[-74.7131,40.2488],[-74.7125,40.2492],[-74.7112,40.2502],[-74.7099,40.2511],[-74.7037,40.2556],[-74.6828,40.2708],[-74.6689,40.2808],[-74.6236,40.3165],[-74.6226,40.3172],[-74.6208,40.3187],[-74.6188,40.3203],[-74.6138,40.3242],[-74.5453,40.3781],[-74.544,40.3791],[-74.5398,40.3824],[-74.5302,40.3904],[-74.5276,40.3936],[-74.5227,40.4018],[-74.5161,40.4112],[-74.4868,40.454],[-74.4781,40.4664],[-74.4676,40.4766],[-74.4648,40.4792],[-74.4628,40.4811],[-74.4464,40.4966],[-74.4368,40.5044],[-74.4329,40.507],[-74.4139,40.5175],[-74.4109,40.5193],[-74.4102,40.5197],[-74.3965,40.5281],[-74.394,40.5297],[-74.3923,40.5307],[-74.3824,40.5353],[-74.3753,40.5364],[-74.3686,40.5381],[-74.3667,40.5388],[-74.3604,40.5408],[-74.3533,40.5433],[-74.3496,40.5457],[-74.3468,40.5491],[-74.343,40.5561],[-74.3362,40.5617],[-74.3298,40.5683],[-74.3202,40.5736],[-74.2925,40.5927],[-74.2845,40.5995],[-74.2821,40.6016],[-74.2761,40.6068],[-74.2608,40.6208],[-74.2558,40.6257],[-74.2516,40.6297],[-74.2381,40.6425],[-74.2187,40.6611],[-74.2175,40.663],[-74.2162,40.6666],[-74.2155,40.6675],[-74.2064,40.6801],[-74.2026,40.6851],[-74.2015,40.6867],[-74.1988,40.6909],[-74.1961,40.6953],[-74.1907,40.7044],[-74.1859,40.7124],[-74.1843,40.7148],[-74.1821,40.7173],[-74.1708,40.728]]}},{"type":"Feature","properties":{"n":2,"a":"amtrak","b":"njt"},"geometry":{"type":"LineString","coordinates":[[-74.1708,40.728],[-74.1642,40.7345],[-74.1611,40.7365],[-74.1561,40.7391],[-74.1532,40.7408],[-74.1512,40.7413],[-74.1503,40.7414],[-74.1474,40.7417],[-74.1372,40.7426],[-74.1312,40.7431],[-74.123,40.7442],[-74.1172,40.7459],[-74.115,40.7467]]}},{"type":"Feature","properties":{"n":2,"a":"amtrak","b":"njt"},"geometry":{"type":"LineString","coordinates":[[-74.1708,40.728],[-74.1677,40.7309],[-74.1657,40.7328]]}},{"type":"Feature","properties":{"n":2,"a":"amtrak","b":"njt"},"geometry":{"type":"LineString","coordinates":[[-74.115,40.7467],[-74.087,40.7562],[-74.0535,40.7713],[-74.0492,40.7725],[-74.0467,40.7726],[-74.0433,40.7719],[-74.013,40.7588],[-74.0055,40.7556],[-74.002,40.7541]]}},{"type":"Feature","properties":{"n":2,"a":"amtrak","b":"njt"},"geometry":{"type":"LineString","coordinates":[[-74.1302,40.7435],[-74.1212,40.7448],[-74.115,40.7467]]}},{"type":"Feature","properties":{"n":3,"a":"amtrak","b":"njt","c":"septa"},"geometry":{"type":"LineString","coordinates":[[-74.7671,40.2082],[-74.7568,40.2161],[-74.7551,40.2175],[-74.7538,40.2185],[-74.7508,40.2211],[-74.7497,40.2221],[-74.7481,40.2234],[-74.7472,40.2241],[-74.7417,40.2281],[-74.7391,40.23],[-74.7279,40.2382],[-74.7137,40.2484]]}},{"type":"Feature","properties":{"n":3,"a":"amtrak","b":"njt","c":"septa"},"geometry":{"type":"LineString","coordinates":[[-75.183,39.9516],[-75.1814,39.9582],[-75.1818,39.9599],[-75.1827,39.9608],[-75.1831,39.9613],[-75.1836,39.9618],[-75.1841,39.9623],[-75.188,39.9664],[-75.1935,39.968],[-75.1966,39.9689],[-75.1983,39.9702],[-75.1986,39.9721],[-75.1972,39.9741],[-75.1928,39.9771],[-75.1912,39.9781],[-75.1856,39.9817],[-75.178,39.9867],[-75.1634,39.9941],[-75.1586,39.9959],[-75.1575,39.9963],[-75.1551,39.9973],[-75.1349,40.0047],[-75.1328,40.0051],[-75.1279,40.0051],[-75.1136,40.0035],[-75.0979,40.0015]]}},{"type":"Feature","properties":{"n":2,"a":"mnr","b":"njt"},"geometry":{"type":"LineString","coordinates":[[-74.6987,41.3786],[-74.6946,41.3747],[-74.6943,41.3745],[-74.6858,41.3645],[-74.6819,41.3615],[-74.6798,41.3612],[-74.6784,41.3616],[-74.6747,41.3647],[-74.6689,41.3684],[-74.6618,41.375],[-74.6555,41.3785],[-74.653,41.3791],[-74.6463,41.3782],[-74.6424,41.3802],[-74.6292,41.3916],[-74.6097,41.4111],[-74.6062,41.4139],[-74.6001,41.42],[-74.5963,41.4278],[-74.5848,41.4452],[-74.5794,41.4508],[-74.5738,41.4608],[-74.5688,41.4658],[-74.5661,41.4731],[-74.5638,41.4756],[-74.5594,41.4781],[-74.5563,41.4785],[-74.5294,41.4719],[-74.5177,41.4692],[-74.5141,41.4692],[-74.5098,41.4702],[-74.5057,41.4725],[-74.4887,41.4862],[-74.4855,41.4878],[-74.481,41.4887],[-74.4773,41.4886],[-74.4733,41.4876],[-74.4548,41.4807],[-74.4473,41.4764],[-74.4414,41.4731],[-74.4357,41.4719],[-74.4299,41.4726],[-74.4217,41.4767],[-74.4169,41.478],[-74.4115,41.4778],[-74.4057,41.4759],[-74.3944,41.4714],[-74.3835,41.4611],[-74.3807,41.4592],[-74.3757,41.4575],[-74.3707,41.4574],[-74.3619,41.4588],[-74.3608,41.459],[-74.3535,41.4602],[-74.3476,41.462],[-74.3285,41.4708],[-74.3239,41.4718],[-74.3186,41.4719],[-74.3051,41.47],[-74.3017,41.469],[-74.2698,41.4527],[-74.2665,41.451],[-74.2643,41.4501],[-74.2624,41.4497],[-74.2565,41.4495],[-74.2474,41.4523],[-74.2419,41.454],[-74.2376,41.4543],[-74.2233,41.4512],[-74.2116,41.448],[-74.2091,41.4466],[-74.2032,41.4413],[-74.2007,41.4399],[-74.1968,41.4387],[-74.193,41.4384],[-74.1893,41.4389],[-74.1226,41.4557],[-74.1163,41.4563],[-74.1105,41.4547],[-74.1083,41.4533],[-74.106,41.4511],[-74.1043,41.4475],[-74.1016,41.4367],[-74.0967,41.4248],[-74.0939,41.4205],[-74.0919,41.4134],[-74.0915,41.4108],[-74.0925,41.4004],[-74.0938,41.3977],[-74.1019,41.387],[-74.1084,41.3757],[-74.1086,41.3723],[-74.1057,41.3637],[-74.1062,41.3603],[-74.1128,41.3525],[-74.1184,41.348],[-74.1199,41.3455],[-74.1201,41.3428],[-74.1178,41.3287],[-74.121,41.3163],[-74.1239,41.312],[-74.1352,41.3012]]}},{"type":"Feature","properties":{"n":2,"a":"mnr","b":"njt"},"geometry":{"type":"LineString","coordinates":[[-74.1628,41.1257],[-74.1663,41.1313],[-74.1667,41.1335],[-74.1659,41.1364],[-74.1667,41.138],[-74.1695,41.1395],[-74.177,41.1407],[-74.1825,41.1423],[-74.186,41.1441],[-74.1879,41.1462],[-74.189,41.1481],[-74.1908,41.1531],[-74.1912,41.1572],[-74.1914,41.1679],[-74.1902,41.1712],[-74.1871,41.1757],[-74.1857,41.1788],[-74.1829,41.1856],[-74.1843,41.1942],[-74.1846,41.1969],[-74.1836,41.1998],[-74.1843,41.2025],[-74.1834,41.2048],[-74.1835,41.2077],[-74.1827,41.2114],[-74.1851,41.2179],[-74.1872,41.2214],[-74.1875,41.2231],[-74.1871,41.2247],[-74.1765,41.2387],[-74.1726,41.2464],[-74.1623,41.2574],[-74.1565,41.2659],[-74.1533,41.2721],[-74.1431,41.2838],[-74.142,41.286],[-74.1396,41.2941],[-74.1387,41.2971]]}},{"type":"Feature","properties":{"n":2,"a":"mnr","b":"njt"},"geometry":{"type":"LineString","coordinates":[[-74.0245,41.0518],[-74.0223,41.0581],[-74.0223,41.059],[-74.0251,41.0697],[-74.0249,41.0743],[-74.0231,41.0787],[-74.0152,41.0888],[-74.0147,41.0902],[-74.0153,41.0919],[-74.0172,41.0933],[-74.0183,41.0942],[-74.0191,41.0957],[-74.0182,41.1023],[-74.0185,41.1035],[-74.0195,41.1047],[-74.0219,41.1057],[-74.0361,41.1075],[-74.0384,41.1086],[-74.0413,41.111],[-74.0442,41.112],[-74.0461,41.112]]}},{"type":"Feature","properties":{"n":3,"a":"amtrak","b":"lirr","c":"njt"},"geometry":{"type":"LineString","coordinates":[[-74.002,40.7541],[-73.9973,40.7522]]}},{"type":"Feature","properties":{"n":2,"a":"amtrak","b":"lirr"},"geometry":{"type":"LineString","coordinates":[[-73.9314,40.7477],[-73.9289,40.7482],[-73.9258,40.7488],[-73.9229,40.7493],[-73.9159,40.7506],[-73.9122,40.7508],[-73.9093,40.7502]]}},{"type":"Feature","properties":{"n":2,"a":"amtrak","b":"lirr"},"geometry":{"type":"LineString","coordinates":[[-73.9973,40.7522],[-73.9936,40.7503],[-73.9757,40.7431],[-73.9719,40.7425],[-73.9614,40.7423],[-73.9479,40.7425],[-73.9435,40.744],[-73.9418,40.7447],[-73.9365,40.7467],[-73.9314,40.7477]]}},{"type":"Feature","properties":{"n":2,"a":"amtrak","b":"lirr"},"geometry":{"type":"LineString","coordinates":[[-73.9389,40.7455],[-73.9364,40.7464],[-73.9314,40.7477]]}},{"type":"Feature","properties":{"n":2,"a":"amtrak","b":"septa"},"geometry":{"type":"LineString","coordinates":[[-75.0979,40.0015],[-75.0942,40.0014],[-75.0915,40.003],[-75.0901,40.0042],[-75.0859,40.0067],[-75.0699,40.0107],[-75.0612,40.0128],[-75.056,40.0146],[-75.0391,40.0232],[-75.0377,40.024],[-75.032,40.0276],[-75.027,40.0307],[-75.0247,40.0321],[-75.0237,40.0327],[-75.0189,40.0355],[-75.0091,40.0396],[-74.9948,40.0481],[-74.9879,40.0514],[-74.9844,40.0545],[-74.984,40.055],[-74.9796,40.059],[-74.9667,40.065],[-74.9521,40.0718],[-74.9463,40.0751],[-74.9336,40.083],[-74.9321,40.084],[-74.9281,40.0865],[-74.9197,40.0912],[-74.9158,40.0922],[-74.9068,40.0935],[-74.8843,40.0967],[-74.8816,40.0971],[-74.8675,40.0995],[-74.8615,40.1016],[-74.8547,40.105],[-74.8487,40.1084],[-74.8442,40.1125],[-74.8398,40.1181],[-74.8384,40.12],[-74.834,40.1251],[-74.8268,40.1316],[-74.8171,40.1402],[-74.8051,40.1508],[-74.7989,40.1563],[-74.7961,40.1596],[-74.7881,40.175],[-74.7842,40.1858],[-74.7804,40.1954],[-74.7777,40.1994],[-74.7745,40.2026],[-74.769,40.2068],[-74.7671,40.2082]]}},{"type":"Feature","properties":{"n":2,"a":"amtrak","b":"septa"},"geometry":{"type":"LineString","coordinates":[[-75.7537,39.6699],[-75.7449,39.6726],[-75.7384,39.6746],[-75.7109,39.6831],[-75.6728,39.6946],[-75.6622,39.6982],[-75.6558,39.7012],[-75.6504,39.7041],[-75.6464,39.7054],[-75.6188,39.7105],[-75.6092,39.712],[-75.5999,39.7134],[-75.5842,39.7188],[-75.5786,39.7216],[-75.5729,39.7268],[-75.5624,39.7376],[-75.5607,39.7387],[-75.5568,39.739],[-75.5512,39.737],[-75.547,39.736],[-75.5431,39.7367],[-75.5312,39.7428],[-75.5285,39.7443],[-75.5267,39.7453],[-75.5254,39.746],[-75.5155,39.7504],[-75.4953,39.7547],[-75.491,39.7572],[-75.4884,39.7606],[-75.4827,39.7711],[-75.4783,39.7765],[-75.4687,39.7869],[-75.4523,39.7976],[-75.4498,39.8001],[-75.4393,39.8114],[-75.4368,39.8135],[-75.4346,39.8148],[-75.4196,39.8216],[-75.4155,39.8234],[-75.4068,39.8274],[-75.397,39.8319],[-75.393,39.8337],[-75.3836,39.8379],[-75.3752,39.8423],[-75.3662,39.8471],[-75.3602,39.8494],[-75.3459,39.8549],[-75.3418,39.8573],[-75.3404,39.8584],[-75.3373,39.8617],[-75.3317,39.8706],[-75.331,39.8717],[-75.3271,39.877],[-75.3219,39.8806],[-75.3091,39.8883],[-75.3014,39.8915],[-75.2904,39.8961],[-75.2796,39.9006],[-75.2712,39.9041],[-75.2676,39.906],[-75.2652,39.9079],[-75.26,39.9112],[-75.2548,39.9129],[-75.2474,39.9144],[-75.2424,39.917],[-75.2201,39.9327],[-75.2154,39.936],[-75.2041,39.9441],[-75.2016,39.9448],[-75.1955,39.9454],[-75.1928,39.9462],[-75.185,39.9494],[-75.183,39.9516]]}},{"type":"Feature","properties":{"n":2,"a":"amtrak","b":"septa"},"geometry":{"type":"LineString","coordinates":[[-75.771,39.9911],[-75.7627,39.9926],[-75.7452,39.9948],[-75.7383,39.9964],[-75.7346,39.9972],[-75.7204,39.9994],[-75.7104,40.0021],[-75.7001,40.0029],[-75.6951,40.003],[-75.6901,40.0035],[-75.6798,40.0069],[-75.6769,40.0074],[-75.674,40.0071],[-75.6683,40.005],[-75.6649,40.0051],[-75.6382,40.0147],[-75.6245,40.0186],[-75.6215,40.0195],[-75.5901,40.0282],[-75.5835,40.0297],[-75.5833,40.0297],[-75.5677,40.0329],[-75.5599,40.0339],[-75.5558,40.0344],[-75.5347,40.0373],[-75.5317,40.0371],[-75.5244,40.0355],[-75.5184,40.0358],[-75.5154,40.0365],[-75.5082,40.0385],[-75.4925,40.0428],[-75.486,40.043],[-75.4844,40.0429],[-75.473,40.0424],[-75.4606,40.0429],[-75.4603,40.0429],[-75.4497,40.045],[-75.4424,40.0481],[-75.4407,40.0487],[-75.4382,40.0488],[-75.4293,40.0464],[-75.4225,40.0474],[-75.4113,40.0494],[-75.4034,40.0496],[-75.3986,40.0489],[-75.3865,40.0457],[-75.3737,40.0441],[-75.3728,40.044],[-75.3688,40.0436],[-75.3628,40.0447],[-75.3591,40.0447],[-75.3519,40.0433],[-75.3415,40.0382],[-75.335,40.0346],[-75.3301,40.0315],[-75.3273,40.0282],[-75.3244,40.0258],[-75.3161,40.022],[-75.3043,40.0166],[-75.3004,40.0142],[-75.2998,40.0138],[-75.2904,40.0084],[-75.28,40.0034],[-75.276,40.0027],[-75.2721,40.0029],[-75.2613,40.0048],[-75.2574,40.0044],[-75.2542,40.0029],[-75.2522,40.0006],[-75.2515,39.9976],[-75.2513,39.9933],[-75.25,39.9901],[-75.2497,39.9896],[-75.247,39.9866],[-75.2419,39.9836],[-75.2219,39.9762],[-75.2129,39.9732],[-75.211,39.9727]]}},{"type":"Feature","properties":{"n":2,"a":"amtrak","b":"septa"},"geometry":{"type":"LineString","coordinates":[[-75.211,39.9727],[-75.2024,39.9704],[-75.1976,39.969],[-75.1935,39.968]]}},{"type":"Feature","properties":{"n":2,"a":"amtrak","b":"septa"},"geometry":{"type":"LineString","coordinates":[[-75.1907,39.967],[-75.1934,39.9676],[-75.1967,39.9693],[-75.198,39.9704],[-75.1984,39.9716],[-75.1981,39.9728],[-75.1972,39.9738],[-75.1912,39.9781]]}},{"type":"Feature","properties":{"n":2,"a":"amtrak","b":"septa"},"geometry":{"type":"LineString","coordinates":[[-75.211,39.9727],[-75.2023,39.9704],[-75.2003,39.9706],[-75.1986,39.9721]]}},{"type":"Feature","properties":{"n":2,"a":"njt","b":"septa"},"geometry":{"type":"LineString","coordinates":[[-75.033,39.8899],[-75.0346,39.8939],[-75.0382,39.8999],[-75.0415,39.9037]]}},{"type":"Feature","properties":{"n":2,"a":"amtrak","b":"tre"},"geometry":{"type":"LineString","coordinates":[[-97.3219,32.7574],[-97.3175,32.7582],[-97.3057,32.7605],[-97.2969,32.7653],[-97.2884,32.7704],[-97.2798,32.7755],[-97.2228,32.7998],[-97.2215,32.8004],[-97.2076,32.8062],[-97.2025,32.8075],[-97.1983,32.8076],[-97.1692,32.8056],[-97.1554,32.8046],[-97.1286,32.8027],[-97.1217,32.8036],[-97.0763,32.8142],[-97.0651,32.8167],[-97.055,32.8171],[-97.0533,32.817],[-97.0342,32.8167],[-97.0269,32.8165],[-97.0154,32.8163],[-97.0067,32.8161],[-96.9813,32.8156],[-96.9517,32.815],[-96.9496,32.815],[-96.9478,32.8149],[-96.9453,32.8149],[-96.9328,32.8147],[-96.9139,32.8143],[-96.9003,32.8141],[-96.8753,32.8135],[-96.8734,32.8134],[-96.8666,32.8133],[-96.8516,32.8129],[-96.8445,32.811],[-96.84,32.8093],[-96.8314,32.8061],[-96.8246,32.8046],[-96.8213,32.8039],[-96.8197,32.8029],[-96.815,32.7966],[-96.8141,32.7941],[-96.8127,32.7897],[-96.8099,32.7805]]}},{"type":"Feature","properties":{"n":2,"a":"amtrak","b":"tre"},"geometry":{"type":"LineString","coordinates":[[-96.8081,32.7758],[-96.8085,32.7772],[-96.8097,32.7786]]}},{"type":"Feature","properties":{"n":2,"a":"amtrak","b":"railrunner"},"geometry":{"type":"LineString","coordinates":[[-106.6986,34.9072],[-106.6764,34.9358],[-106.6748,34.9391],[-106.6733,34.9468],[-106.6652,34.9889],[-106.6643,34.9941],[-106.6635,34.9983],[-106.6626,35.003],[-106.6611,35.0105],[-106.6597,35.0181],[-106.6574,35.0301],[-106.6564,35.0354],[-106.655,35.0426],[-106.6549,35.043],[-106.6537,35.0495],[-106.6515,35.0609],[-106.6485,35.0765],[-106.6469,35.0855],[-106.6464,35.0875],[-106.6441,35.0995],[-106.6429,35.1059],[-106.6417,35.1115],[-106.6354,35.1288],[-106.6325,35.1368],[-106.6294,35.1452],[-106.62,35.1707],[-106.6177,35.1756],[-106.6173,35.1762],[-106.6159,35.1787],[-106.5975,35.2105],[-106.5933,35.2179],[-106.5815,35.2385],[-106.5723,35.266],[-106.5525,35.2955],[-106.5494,35.3],[-106.5469,35.3036],[-106.5462,35.3046],[-106.5406,35.3129],[-106.5386,35.3159],[-106.532,35.3229],[-106.5294,35.3277],[-106.5283,35.3306],[-106.526,35.3352],[-106.501,35.3662],[-106.4837,35.3798],[-106.4802,35.3816],[-106.4718,35.384],[-106.4694,35.3855],[-106.467,35.3876],[-106.4596,35.3972],[-106.455,35.4062],[-106.4463,35.4237],[-106.4453,35.4261],[-106.4443,35.4319],[-106.4434,35.434],[-106.4352,35.4436],[-106.4069,35.4635],[-106.3974,35.4709],[-106.3891,35.481],[-106.3858,35.4877],[-106.3842,35.4897],[-106.3762,35.4957],[-106.3712,35.5024],[-106.3642,35.5077],[-106.3586,35.5126],[-106.3544,35.5147],[-106.3494,35.5153],[-106.3329,35.512],[-106.3219,35.511],[-106.3146,35.5104],[-106.2863,35.5081],[-106.2573,35.5086],[-106.2536,35.5079],[-106.2488,35.5062],[-106.2446,35.5044],[-106.2384,35.5016],[-106.227,35.499],[-106.2198,35.4967],[-106.2027,35.4881]]}},{"type":"Feature","properties":{"n":1,"a":"capmetro"},"geometry":{"type":"LineString","coordinates":[[-97.7395,30.265],[-97.7272,30.2621],[-97.7187,30.2592],[-97.7172,30.2593],[-97.7164,30.2602],[-97.7141,30.2619],[-97.7131,30.2636],[-97.7134,30.2654],[-97.7152,30.2677],[-97.7152,30.2691],[-97.7123,30.272],[-97.7089,30.2802],[-97.7088,30.2855],[-97.7096,30.2866],[-97.7145,30.2902],[-97.7165,30.2954],[-97.7168,30.2974],[-97.7155,30.3144],[-97.7162,30.3285],[-97.7163,30.3318],[-97.7198,30.3386],[-97.7206,30.3409],[-97.7226,30.3512],[-97.7218,30.3583],[-97.7236,30.3634],[-97.7239,30.3713],[-97.7235,30.373],[-97.7197,30.3798],[-97.7189,30.3829],[-97.7164,30.3928],[-97.7155,30.3964],[-97.7136,30.4001],[-97.7102,30.4041],[-97.7101,30.4081],[-97.7107,30.4113],[-97.7103,30.4156],[-97.7043,30.4225],[-97.7004,30.4345],[-97.7001,30.4371],[-97.7007,30.4388],[-97.7029,30.4411],[-97.7055,30.4423],[-97.7116,30.4447],[-97.7169,30.4477],[-97.7212,30.4537],[-97.7211,30.4567],[-97.7198,30.47],[-97.7206,30.4726],[-97.7225,30.4746],[-97.7243,30.4755],[-97.7307,30.4769],[-97.7342,30.4768],[-97.7378,30.4765],[-97.7437,30.4747],[-97.7506,30.474],[-97.753,30.4745],[-97.7668,30.4793],[-97.7696,30.4795],[-97.7768,30.4791],[-97.7816,30.4788],[-97.7846,30.4795],[-97.7865,30.481],[-97.7876,30.4829],[-97.787,30.4904],[-97.7871,30.4985],[-97.7864,30.5008],[-97.784,30.5045],[-97.7844,30.5065],[-97.7864,30.5072],[-97.794,30.507],[-97.7988,30.5054],[-97.8029,30.5028],[-97.8062,30.5027],[-97.8166,30.5043],[-97.819,30.5055],[-97.8209,30.5079],[-97.8241,30.5126],[-97.8264,30.5187],[-97.8276,30.522],[-97.8287,30.525],[-97.8319,30.534],[-97.8442,30.5586],[-97.8487,30.5696],[-97.8558,30.5866],[-97.8628,30.6026],[-97.8658,30.6046],[-97.8705,30.6052],[-97.8722,30.6067],[-97.8733,30.6128],[-97.8724,30.6173],[-97.8763,30.6225],[-97.8767,30.6269],[-97.8801,30.6376],[-97.8819,30.6407]]}},{"type":"Feature","properties":{"n":2,"a":"amtrak","b":"trirail"},"geometry":{"type":"LineString","coordinates":[[-80.26,25.8702],[-80.26,25.8707],[-80.2606,25.8905],[-80.2603,25.8935],[-80.2591,25.8959],[-80.2568,25.898],[-80.2531,25.8999],[-80.2284,25.9121],[-80.2171,25.9215],[-80.2107,25.9268],[-80.2036,25.9327],[-80.1946,25.9403],[-80.1925,25.942],[-80.1872,25.9465],[-80.1677,25.9623],[-80.1663,25.9657],[-80.1665,25.9737],[-80.1669,25.985],[-80.1677,26.012],[-80.1681,26.0319],[-80.1683,26.0431],[-80.1669,26.0532],[-80.1657,26.0617],[-80.1655,26.0652],[-80.1664,26.0688],[-80.1686,26.0737],[-80.1702,26.0797],[-80.1704,26.0821],[-80.1692,26.0901],[-80.1698,26.1188],[-80.1698,26.1196],[-80.1702,26.1377],[-80.1703,26.1453],[-80.1698,26.1481],[-80.1569,26.1773],[-80.1542,26.1838],[-80.1502,26.202],[-80.1483,26.2104],[-80.1466,26.2183],[-80.1457,26.2221],[-80.1442,26.2289],[-80.1424,26.2374],[-80.1423,26.2378],[-80.1383,26.2563],[-80.1358,26.2676],[-80.1347,26.2726],[-80.1304,26.2919],[-80.1227,26.3159],[-80.1213,26.3204],[-80.121,26.3212],[-80.1203,26.3239],[-80.1201,26.3276],[-80.1207,26.3638],[-80.1207,26.3702],[-80.1191,26.3741],[-80.0993,26.3924],[-80.0926,26.3986],[-80.0907,26.4028],[-80.0909,26.4541],[-80.0908,26.4681],[-80.0735,26.5167],[-80.0733,26.5197],[-80.074,26.5254],[-80.0743,26.535],[-80.0726,26.5432],[-80.0709,26.55],[-80.0706,26.5536],[-80.0699,26.5875],[-80.0691,26.6167],[-80.0683,26.6293],[-80.0697,26.6424],[-80.0689,26.6489],[-80.0702,26.6539],[-80.0717,26.6632],[-80.0707,26.6774],[-80.0706,26.6893],[-80.0694,26.6922],[-80.0636,26.6975],[-80.0624,26.6994],[-80.0618,26.7043],[-80.0624,26.7125],[-80.0621,26.7185],[-80.0646,26.7371],[-80.0648,26.7404],[-80.0653,26.7482],[-80.0664,26.7509],[-80.0686,26.7532],[-80.0764,26.7584]]}},{"type":"Feature","properties":{"n":2,"a":"amtrak","b":"sunrail"},"geometry":{"type":"LineString","coordinates":[[-81.4865,28.2589],[-81.4843,28.2588],[-81.467,28.2582],[-81.4642,28.2587],[-81.4604,28.2607],[-81.4153,28.2858],[-81.4087,28.2896],[-81.404,28.2938],[-81.402,28.2964],[-81.4005,28.3],[-81.3914,28.3374],[-81.39,28.3433],[-81.3889,28.3479],[-81.3871,28.3519],[-81.3738,28.3669],[-81.3729,28.3697],[-81.3731,28.3746],[-81.374,28.3863],[-81.3747,28.3957],[-81.3756,28.4066],[-81.3757,28.4081],[-81.3758,28.4109],[-81.3752,28.4137],[-81.3742,28.4167],[-81.373,28.4207],[-81.3729,28.4209],[-81.3689,28.4341],[-81.3674,28.4389],[-81.3672,28.4397],[-81.367,28.4414],[-81.3669,28.4438],[-81.3669,28.4468],[-81.3669,28.45],[-81.367,28.4517],[-81.367,28.4532],[-81.367,28.4586],[-81.3673,28.4627],[-81.3699,28.4719],[-81.3769,28.4982],[-81.378,28.5027],[-81.3796,28.5092],[-81.3808,28.5144],[-81.3813,28.5198],[-81.3819,28.5261],[-81.3822,28.5291],[-81.3827,28.5346],[-81.3811,28.5372],[-81.3808,28.5391],[-81.3808,28.5447],[-81.3808,28.5486],[-81.3809,28.5539],[-81.3805,28.5558],[-81.3789,28.5579],[-81.3762,28.5594],[-81.3737,28.5609],[-81.3727,28.5624],[-81.3725,28.5674],[-81.3715,28.5731],[-81.3713,28.5783],[-81.3703,28.581],[-81.3627,28.5858],[-81.3575,28.5916],[-81.3526,28.5949],[-81.3516,28.597],[-81.3517,28.5977],[-81.3524,28.6004],[-81.3629,28.6088],[-81.3671,28.615],[-81.3674,28.621],[-81.3656,28.6252],[-81.3654,28.6275],[-81.3652,28.6289],[-81.3622,28.6348],[-81.3578,28.6394],[-81.3571,28.6407],[-81.3568,28.6425],[-81.3586,28.6559],[-81.3579,28.6602],[-81.357,28.663],[-81.3565,28.664],[-81.3542,28.6681],[-81.3506,28.6727],[-81.3494,28.6757],[-81.3492,28.6773],[-81.3502,28.6887],[-81.3501,28.692],[-81.3491,28.695],[-81.3456,28.7009],[-81.3452,28.7015],[-81.3435,28.7051],[-81.3386,28.7107],[-81.337,28.7137],[-81.3365,28.716],[-81.3365,28.7244],[-81.3354,28.7277],[-81.3309,28.734],[-81.3227,28.7429],[-81.3215,28.7448],[-81.3209,28.7473],[-81.3212,28.7558],[-81.3203,28.7574],[-81.3184,28.7586],[-81.3177,28.7589],[-81.3112,28.7625],[-81.3093,28.7651],[-81.3074,28.7694],[-81.2936,28.7828],[-81.292,28.7861],[-81.2918,28.7913],[-81.2918,28.8032],[-81.292,28.8079],[-81.2939,28.8107],[-81.2943,28.811],[-81.2954,28.8117],[-81.2984,28.8137],[-81.3056,28.8181],[-81.3172,28.8259],[-81.3213,28.8278],[-81.322,28.8283],[-81.3248,28.8301],[-81.326,28.8317],[-81.326,28.8337],[-81.3247,28.8376],[-81.3233,28.8418],[-81.3232,28.8453],[-81.3234,28.8555],[-81.3236,28.8587],[-81.3247,28.8606],[-81.3356,28.8714]]}},{"type":"Feature","properties":{"n":1,"a":"trirail"},"geometry":{"type":"LineString","coordinates":[[-80.2584,25.7971],[-80.2585,25.8006],[-80.2585,25.8051],[-80.2586,25.8082],[-80.2587,25.8112],[-80.2588,25.8157],[-80.2589,25.8198],[-80.2589,25.821],[-80.2592,25.8284],[-80.2592,25.8294],[-80.2592,25.8306],[-80.2596,25.8461],[-80.2597,25.8486],[-80.2599,25.8561],[-80.26,25.8702]]}},{"type":"Feature","properties":{"n":1,"a":"texrail"},"geometry":{"type":"LineString","coordinates":[[-97.0413,32.9067],[-97.0412,32.9114],[-97.0421,32.9187],[-97.0459,32.9226],[-97.0479,32.9272],[-97.0541,32.9338],[-97.0565,32.936],[-97.0599,32.9361]]}},{"type":"Feature","properties":{"n":1,"a":"brightline"},"geometry":{"type":"LineString","coordinates":[[-80.14,26.0832],[-80.1393,26.082],[-80.1351,26.0811],[-80.1318,26.0812],[-80.13,26.082],[-80.1293,26.0831],[-80.1293,26.0852]]}},{"type":"Feature","properties":{"n":1,"a":"brightline"},"geometry":{"type":"LineString","coordinates":[[-80.2407,27.2219],[-80.2277,27.2263],[-80.2249,27.2285],[-80.2239,27.2307],[-80.2237,27.233],[-80.2269,27.2424],[-80.2309,27.2554],[-80.2369,27.263],[-80.2396,27.2665],[-80.2423,27.2717],[-80.2451,27.2755],[-80.2568,27.2987],[-80.2696,27.3248],[-80.272,27.3307],[-80.2808,27.3459],[-80.2938,27.3749],[-80.2994,27.3884],[-80.3097,27.405],[-80.3132,27.4129],[-80.3141,27.417],[-80.3144,27.4184],[-80.3149,27.4201],[-80.3175,27.4263],[-80.3212,27.4374],[-80.3221,27.4396],[-80.3239,27.4444],[-80.324,27.445],[-80.3263,27.4511],[-80.3265,27.4541],[-80.3283,27.4589]]}},{"type":"Feature","properties":{"n":1,"a":"brightline"},"geometry":{"type":"LineString","coordinates":[[-80.2407,27.2219],[-80.2386,27.2231]]}},{"type":"Feature","properties":{"n":1,"a":"brightline"},"geometry":{"type":"LineString","coordinates":[[-80.233,27.176],[-80.2309,27.1755]]}},{"type":"Feature","properties":{"n":1,"a":"brightline"},"geometry":{"type":"LineString","coordinates":[[-80.2315,27.1762],[-80.2324,27.1775],[-80.2322,27.179]]}},{"type":"Feature","properties":{"n":1,"a":"brightline"},"geometry":{"type":"LineString","coordinates":[[-80.2225,27.1671],[-80.2154,27.16]]}},{"type":"Feature","properties":{"n":1,"a":"brightline"},"geometry":{"type":"LineString","coordinates":[[-80.4259,27.7266],[-80.4275,27.7299]]}},{"type":"Feature","properties":{"n":1,"a":"brightline"},"geometry":{"type":"LineString","coordinates":[[-80.4226,27.7107],[-80.4209,27.7105],[-80.4201,27.7096]]}},{"type":"Feature","properties":{"n":1,"a":"brightline"},"geometry":{"type":"LineString","coordinates":[[-80.413,27.6861],[-80.4142,27.6894]]}},{"type":"Feature","properties":{"n":1,"a":"brightline"},"geometry":{"type":"LineString","coordinates":[[-80.3901,27.6192],[-80.3911,27.6215]]}},{"type":"Feature","properties":{"n":1,"a":"brightline"},"geometry":{"type":"LineString","coordinates":[[-80.3606,27.5388],[-80.3661,27.5525]]}},{"type":"Feature","properties":{"n":1,"a":"brightline"},"geometry":{"type":"LineString","coordinates":[[-80.3092,25.8356],[-80.3091,25.8369],[-80.3097,25.839]]}},{"type":"Feature","properties":{"n":1,"a":"brightline"},"geometry":{"type":"LineString","coordinates":[[-80.3127,25.8423],[-80.3109,25.8412],[-80.3097,25.839]]}},{"type":"Feature","properties":{"n":1,"a":"brightline"},"geometry":{"type":"LineString","coordinates":[[-80.3494,25.868],[-80.3469,25.8662]]}},{"type":"Feature","properties":{"n":1,"a":"brightline"},"geometry":{"type":"LineString","coordinates":[[-80.3469,25.8662],[-80.3433,25.8664]]}},{"type":"Feature","properties":{"n":1,"a":"brightline"},"geometry":{"type":"LineString","coordinates":[[-80.1429,26.098],[-80.1431,26.0989]]}},{"type":"Feature","properties":{"n":1,"a":"brightline"},"geometry":{"type":"LineString","coordinates":[[-80.1413,26.0849],[-80.1419,26.0878],[-80.1415,26.0895]]}},{"type":"Feature","properties":{"n":1,"a":"brightline"},"geometry":{"type":"LineString","coordinates":[[-80.1492,26.0247],[-80.1496,26.0271]]}},{"type":"Feature","properties":{"n":1,"a":"brightline"},"geometry":{"type":"LineString","coordinates":[[-80.1741,25.7753],[-80.1836,25.7799],[-80.1892,25.7805],[-80.1948,25.7805],[-80.1961,25.7818],[-80.1962,25.7882],[-80.1927,25.8031],[-80.1876,25.8255],[-80.1882,25.8367]]}},{"type":"Feature","properties":{"n":1,"a":"brightline"},"geometry":{"type":"LineString","coordinates":[[-80.0825,26.7625],[-80.0832,26.7633],[-80.0833,26.7643],[-80.0827,26.765],[-80.0816,26.7652]]}},{"type":"Feature","properties":{"n":1,"a":"brightline"},"geometry":{"type":"LineString","coordinates":[[-80.1409,26.2383],[-80.1408,26.2396],[-80.1397,26.2408]]}},{"type":"Feature","properties":{"n":1,"a":"brightline"},"geometry":{"type":"LineString","coordinates":[[-80.1394,26.2414],[-80.1394,26.2425]]}},{"type":"Feature","properties":{"n":1,"a":"brightline"},"geometry":{"type":"LineString","coordinates":[[-80.7601,28.4096],[-80.7597,28.41]]}},{"type":"Feature","properties":{"n":1,"a":"brightline"},"geometry":{"type":"LineString","coordinates":[[-80.7597,28.41],[-80.7584,28.4109],[-80.7583,28.4118]]}},{"type":"Feature","properties":{"n":1,"a":"brightline"},"geometry":{"type":"LineString","coordinates":[[-80.7576,28.4035],[-80.7599,28.4034],[-80.7611,28.4041],[-80.7613,28.4081],[-80.7607,28.4091]]}},{"type":"Feature","properties":{"n":1,"a":"brightline"},"geometry":{"type":"LineString","coordinates":[[-80.7576,28.4035],[-80.7592,28.4041],[-80.7608,28.4079],[-80.7608,28.4088],[-80.7601,28.4096]]}},{"type":"Feature","properties":{"n":1,"a":"brightline"},"geometry":{"type":"LineString","coordinates":[[-80.329,27.4631],[-80.3282,27.4617],[-80.3272,27.4614],[-80.3225,27.4629]]}},{"type":"Feature","properties":{"n":1,"a":"brightline"},"geometry":{"type":"LineString","coordinates":[[-80.3111,25.7843],[-80.318,25.7846],[-80.319,25.7855],[-80.3189,25.7869],[-80.3181,25.788],[-80.3164,25.7888],[-80.309,25.7891],[-80.3081,25.7905],[-80.3082,25.7979],[-80.3099,25.7959]]}},{"type":"Feature","properties":{"n":1,"a":"brightline"},"geometry":{"type":"LineString","coordinates":[[-80.0692,26.7759],[-80.0681,26.7766],[-80.0652,26.7765],[-80.0638,26.7755]]}},{"type":"Feature","properties":{"n":1,"a":"brightline"},"geometry":{"type":"LineString","coordinates":[[-80.0878,26.766],[-80.0866,26.7655],[-80.0829,26.7653]]}},{"type":"Feature","properties":{"n":1,"a":"brightline"},"geometry":{"type":"LineString","coordinates":[[-80.1394,26.2425],[-80.1386,26.2436],[-80.1375,26.244],[-80.1235,26.2443],[-80.1219,26.2456]]}},{"type":"Feature","properties":{"n":1,"a":"brightline"},"geometry":{"type":"LineString","coordinates":[[-80.1398,26.2374],[-80.1397,26.2408]]}},{"type":"Feature","properties":{"n":1,"a":"brightline"},"geometry":{"type":"LineString","coordinates":[[-80.1394,26.2369],[-80.1394,26.2414]]}},{"type":"Feature","properties":{"n":1,"a":"brightline"},"geometry":{"type":"LineString","coordinates":[[-80.403,25.8984],[-80.3837,25.8919]]}},{"type":"Feature","properties":{"n":1,"a":"brightline"},"geometry":{"type":"LineString","coordinates":[[-80.3627,25.878],[-80.3572,25.8739]]}},{"type":"Feature","properties":{"n":1,"a":"brightline"},"geometry":{"type":"LineString","coordinates":[[-80.3494,25.868],[-80.3486,25.8677],[-80.3456,25.8677]]}},{"type":"Feature","properties":{"n":1,"a":"brightline"},"geometry":{"type":"LineString","coordinates":[[-80.3867,25.8771],[-80.3752,25.8766],[-80.3708,25.8772]]}},{"type":"Feature","properties":{"n":1,"a":"brightline"},"geometry":{"type":"LineString","coordinates":[[-80.3439,25.864],[-80.3348,25.8573]]}},{"type":"Feature","properties":{"n":1,"a":"brightline"},"geometry":{"type":"LineString","coordinates":[[-80.3271,25.8515],[-80.3258,25.8506],[-80.3212,25.8472],[-80.3127,25.8423]]}},{"type":"Feature","properties":{"n":1,"a":"brightline"},"geometry":{"type":"LineString","coordinates":[[-80.0823,26.7654],[-80.0805,26.7653]]}},{"type":"Feature","properties":{"n":1,"a":"brightline"},"geometry":{"type":"LineString","coordinates":[[-80.7583,28.4118],[-80.7661,28.4313]]}},{"type":"Feature","properties":{"n":1,"a":"brightline"},"geometry":{"type":"LineString","coordinates":[[-80.7533,28.4005],[-80.7573,28.4093]]}},{"type":"Feature","properties":{"n":1,"a":"brightline"},"geometry":{"type":"LineString","coordinates":[[-80.3094,25.8023],[-80.3097,25.8072],[-80.3105,25.8077],[-80.3129,25.8077]]}},{"type":"Feature","properties":{"n":1,"a":"brightline"},"geometry":{"type":"LineString","coordinates":[[-80.3128,25.8028],[-80.3102,25.8029],[-80.3094,25.8016]]}},{"type":"Feature","properties":{"n":1,"a":"brightline"},"geometry":{"type":"LineString","coordinates":[[-80.3099,25.7959],[-80.3093,25.7969],[-80.3094,25.7999]]}},{"type":"Feature","properties":{"n":1,"a":"brightline"},"geometry":{"type":"LineString","coordinates":[[-80.3103,25.7957],[-80.3099,25.7959]]}},{"type":"Feature","properties":{"n":1,"a":"brightline"},"geometry":{"type":"LineString","coordinates":[[-80.3116,25.7893],[-80.3117,25.7943],[-80.3103,25.7957]]}},{"type":"Feature","properties":{"n":1,"a":"brightline"},"geometry":{"type":"LineString","coordinates":[[-80.2566,25.8347],[-80.2569,25.8409],[-80.2563,25.8418],[-80.2553,25.8422]]}},{"type":"Feature","properties":{"n":1,"a":"brightline"},"geometry":{"type":"LineString","coordinates":[[-80.256,25.8402],[-80.2558,25.8412],[-80.2544,25.8421]]}},{"type":"Feature","properties":{"n":1,"a":"brightline"},"geometry":{"type":"LineString","coordinates":[[-80.2542,25.8332],[-80.2545,25.8406],[-80.2529,25.842]]}},{"type":"Feature","properties":{"n":1,"a":"brightline"},"geometry":{"type":"LineString","coordinates":[[-80.3283,27.4589],[-80.3279,27.4581],[-80.3269,27.4576]]}},{"type":"Feature","properties":{"n":1,"a":"brightline"},"geometry":{"type":"LineString","coordinates":[[-80.2447,27.189],[-80.2426,27.1873]]}},{"type":"Feature","properties":{"n":1,"a":"brightline"},"geometry":{"type":"LineString","coordinates":[[-80.0568,26.7675],[-80.0552,26.7676],[-80.0532,26.7674]]}},{"type":"Feature","properties":{"n":1,"a":"brightline"},"geometry":{"type":"LineString","coordinates":[[-80.0609,26.7689],[-80.0642,26.7765]]}},{"type":"Feature","properties":{"n":1,"a":"brightline"},"geometry":{"type":"LineString","coordinates":[[-80.0555,26.767],[-80.0531,26.7664]]}},{"type":"Feature","properties":{"n":1,"a":"brightline"},"geometry":{"type":"LineString","coordinates":[[-80.057,26.7284],[-80.0578,26.7331]]}},{"type":"Feature","properties":{"n":1,"a":"brightline"},"geometry":{"type":"LineString","coordinates":[[-80.3097,25.839],[-80.3089,25.8381],[-80.308,25.8379],[-80.3058,25.8389],[-80.3029,25.8406],[-80.2994,25.8409],[-80.2886,25.8412],[-80.2877,25.8413]]}},{"type":"Feature","properties":{"n":1,"a":"brightline"},"geometry":{"type":"LineString","coordinates":[[-80.315,25.8425],[-80.3127,25.8423]]}},{"type":"Feature","properties":{"n":1,"a":"brightline"},"geometry":{"type":"LineString","coordinates":[[-80.0829,26.7653],[-80.0816,26.7652]]}},{"type":"Feature","properties":{"n":1,"a":"brightline"},"geometry":{"type":"LineString","coordinates":[[-80.0816,26.7652],[-80.0812,26.7652]]}},{"type":"Feature","properties":{"n":1,"a":"brightline"},"geometry":{"type":"LineString","coordinates":[[-80.0812,26.7652],[-80.0792,26.7655],[-80.0784,26.767]]}},{"type":"Feature","properties":{"n":1,"a":"brightline"},"geometry":{"type":"LineString","coordinates":[[-80.0829,26.7653],[-80.0823,26.7654]]}},{"type":"Feature","properties":{"n":1,"a":"brightline"},"geometry":{"type":"LineString","coordinates":[[-80.0823,26.7654],[-80.0817,26.7662],[-80.0816,26.7682]]}},{"type":"Feature","properties":{"n":1,"a":"brightline"},"geometry":{"type":"LineString","coordinates":[[-80.3085,25.7974],[-80.3086,25.7998]]}},{"type":"Feature","properties":{"n":1,"a":"brightline"},"geometry":{"type":"LineString","coordinates":[[-80.3126,25.7953],[-80.3103,25.7957]]}},{"type":"Feature","properties":{"n":1,"a":"brightline"},"geometry":{"type":"LineString","coordinates":[[-80.3126,25.7988],[-80.3101,25.799],[-80.3094,25.7999]]}},{"type":"Feature","properties":{"n":1,"a":"brightline"},"geometry":{"type":"LineString","coordinates":[[-80.3094,25.8016],[-80.3094,25.8023]]}},{"type":"Feature","properties":{"n":1,"a":"brightline"},"geometry":{"type":"LineString","coordinates":[[-80.2877,25.8413],[-80.2888,25.8416],[-80.2894,25.8425],[-80.2896,25.8473]]}},{"type":"Feature","properties":{"n":1,"a":"brightline"},"geometry":{"type":"LineString","coordinates":[[-80.3708,25.8772],[-80.3668,25.88],[-80.3653,25.8798]]}},{"type":"Feature","properties":{"n":1,"a":"brightline"},"geometry":{"type":"LineString","coordinates":[[-80.371,25.877],[-80.3708,25.8772]]}},{"type":"Feature","properties":{"n":1,"a":"brightline"},"geometry":{"type":"LineString","coordinates":[[-80.3715,25.8746],[-80.371,25.877]]}},{"type":"Feature","properties":{"n":1,"a":"brightline"},"geometry":{"type":"LineString","coordinates":[[-80.3732,25.8765],[-80.371,25.877]]}},{"type":"Feature","properties":{"n":1,"a":"brightline"},"geometry":{"type":"LineString","coordinates":[[-80.3742,25.8707],[-80.3749,25.8715],[-80.375,25.8754],[-80.3742,25.8763],[-80.3732,25.8765]]}},{"type":"Feature","properties":{"n":1,"a":"brightline"},"geometry":{"type":"LineString","coordinates":[[-80.3747,25.8732],[-80.3747,25.8756],[-80.3732,25.8765]]}},{"type":"Feature","properties":{"n":1,"a":"brightline"},"geometry":{"type":"LineString","coordinates":[[-80.0805,26.7653],[-80.0793,26.7656],[-80.0786,26.7667]]}},{"type":"Feature","properties":{"n":1,"a":"brightline"},"geometry":{"type":"LineString","coordinates":[[-80.0812,26.7652],[-80.0805,26.7653]]}},{"type":"Feature","properties":{"n":1,"a":"brightline"},"geometry":{"type":"LineString","coordinates":[[-80.0782,26.7648],[-80.0784,26.767]]}},{"type":"Feature","properties":{"n":1,"a":"brightline"},"geometry":{"type":"LineString","coordinates":[[-80.0789,26.7614],[-80.078,26.7639],[-80.0782,26.7648]]}},{"type":"Feature","properties":{"n":1,"a":"brightline"},"geometry":{"type":"LineString","coordinates":[[-80.0789,26.7616],[-80.0782,26.7648]]}},{"type":"Feature","properties":{"n":1,"a":"brightline"},"geometry":{"type":"LineString","coordinates":[[-80.0784,26.767],[-80.0777,26.7742]]}},{"type":"Feature","properties":{"n":1,"a":"brightline"},"geometry":{"type":"LineString","coordinates":[[-80.0777,26.7742],[-80.0774,26.7774]]}},{"type":"Feature","properties":{"n":1,"a":"brightline"},"geometry":{"type":"LineString","coordinates":[[-80.0777,26.7742],[-80.0764,26.7748],[-80.0736,26.7748]]}},{"type":"Feature","properties":{"n":1,"a":"brightline"},"geometry":{"type":"LineString","coordinates":[[-80.0736,26.7748],[-80.07,26.775]]}},{"type":"Feature","properties":{"n":1,"a":"brightline"},"geometry":{"type":"LineString","coordinates":[[-80.07,26.775],[-80.0692,26.7759]]}},{"type":"Feature","properties":{"n":1,"a":"brightline"},"geometry":{"type":"LineString","coordinates":[[-80.0736,26.7748],[-80.0724,26.7752],[-80.072,26.7766]]}},{"type":"Feature","properties":{"n":1,"a":"brightline"},"geometry":{"type":"LineString","coordinates":[[-80.072,26.7766],[-80.072,26.7773]]}},{"type":"Feature","properties":{"n":1,"a":"brightline"},"geometry":{"type":"LineString","coordinates":[[-80.072,26.7766],[-80.0718,26.7775]]}},{"type":"Feature","properties":{"n":1,"a":"brightline"},"geometry":{"type":"LineString","coordinates":[[-80.072,26.7773],[-80.0718,26.7786]]}},{"type":"Feature","properties":{"n":1,"a":"brightline"},"geometry":{"type":"LineString","coordinates":[[-80.07,26.775],[-80.0682,26.775]]}},{"type":"Feature","properties":{"n":1,"a":"brightline"},"geometry":{"type":"LineString","coordinates":[[-80.072,26.7773],[-80.0718,26.7802]]}},{"type":"Feature","properties":{"n":1,"a":"brightline"},"geometry":{"type":"LineString","coordinates":[[-80.0692,26.7759],[-80.069,26.7775],[-80.0696,26.7805]]}},{"type":"Feature","properties":{"n":1,"a":"brightline"},"geometry":{"type":"LineString","coordinates":[[-80.0609,26.7689],[-80.0607,26.7686],[-80.0602,26.7679],[-80.0591,26.7676],[-80.0568,26.7675]]}},{"type":"Feature","properties":{"n":1,"a":"brightline"},"geometry":{"type":"LineString","coordinates":[[-80.0609,26.7689],[-80.0597,26.7672],[-80.0572,26.7669]]}},{"type":"Feature","properties":{"n":1,"a":"brightline"},"geometry":{"type":"LineString","coordinates":[[-80.0568,26.7675],[-80.0555,26.767]]}},{"type":"Feature","properties":{"n":1,"a":"brightline"},"geometry":{"type":"LineString","coordinates":[[-80.0555,26.767],[-80.0512,26.7668]]}},{"type":"Feature","properties":{"n":1,"a":"brightline"},"geometry":{"type":"LineString","coordinates":[[-80.0534,26.5934],[-80.0541,26.5949]]}},{"type":"Feature","properties":{"n":1,"a":"brightline"},"geometry":{"type":"LineString","coordinates":[[-80.0541,26.594],[-80.0541,26.5949]]}},{"type":"Feature","properties":{"n":1,"a":"brightline"},"geometry":{"type":"LineString","coordinates":[[-80.082,26.3881],[-80.0818,26.3909]]}},{"type":"Feature","properties":{"n":1,"a":"brightline"},"geometry":{"type":"LineString","coordinates":[[-80.7573,28.4093],[-80.7583,28.4118]]}},{"type":"Feature","properties":{"n":1,"a":"brightline"},"geometry":{"type":"LineString","coordinates":[[-80.7597,28.41],[-80.7583,28.4101],[-80.7573,28.4093]]}},{"type":"Feature","properties":{"n":1,"a":"brightline"},"geometry":{"type":"LineString","coordinates":[[-80.7638,28.4089],[-80.7607,28.4091]]}},{"type":"Feature","properties":{"n":1,"a":"brightline"},"geometry":{"type":"LineString","coordinates":[[-80.7607,28.4091],[-80.7601,28.4096]]}},{"type":"Feature","properties":{"n":1,"a":"brightline"},"geometry":{"type":"LineString","coordinates":[[-80.3271,25.8515],[-80.3274,25.8542]]}},{"type":"Feature","properties":{"n":1,"a":"brightline"},"geometry":{"type":"LineString","coordinates":[[-80.3346,25.8571],[-80.3271,25.8515]]}},{"type":"Feature","properties":{"n":1,"a":"brightline"},"geometry":{"type":"LineString","coordinates":[[-80.3348,25.8573],[-80.3346,25.8571]]}},{"type":"Feature","properties":{"n":1,"a":"brightline"},"geometry":{"type":"LineString","coordinates":[[-80.3348,25.8573],[-80.3328,25.8571]]}},{"type":"Feature","properties":{"n":1,"a":"brightline"},"geometry":{"type":"LineString","coordinates":[[-80.3346,25.8571],[-80.3328,25.8568]]}},{"type":"Feature","properties":{"n":1,"a":"brightline"},"geometry":{"type":"LineString","coordinates":[[-80.3469,25.8662],[-80.3455,25.8652]]}},{"type":"Feature","properties":{"n":1,"a":"brightline"},"geometry":{"type":"LineString","coordinates":[[-80.3455,25.8652],[-80.3445,25.8644]]}},{"type":"Feature","properties":{"n":1,"a":"brightline"},"geometry":{"type":"LineString","coordinates":[[-80.3445,25.8644],[-80.3439,25.864]]}},{"type":"Feature","properties":{"n":1,"a":"brightline"},"geometry":{"type":"LineString","coordinates":[[-80.3459,25.8633],[-80.345,25.864],[-80.3439,25.864]]}},{"type":"Feature","properties":{"n":1,"a":"brightline"},"geometry":{"type":"LineString","coordinates":[[-80.3468,25.8642],[-80.3458,25.8648],[-80.3445,25.8644]]}},{"type":"Feature","properties":{"n":1,"a":"brightline"},"geometry":{"type":"LineString","coordinates":[[-80.3507,25.8655],[-80.3455,25.8652]]}},{"type":"Feature","properties":{"n":1,"a":"brightline"},"geometry":{"type":"LineString","coordinates":[[-80.3506,25.864],[-80.3468,25.8642]]}},{"type":"Feature","properties":{"n":1,"a":"brightline"},"geometry":{"type":"LineString","coordinates":[[-80.3506,25.8627],[-80.3485,25.8628],[-80.3468,25.8642]]}},{"type":"Feature","properties":{"n":1,"a":"brightline"},"geometry":{"type":"LineString","coordinates":[[-80.3511,25.8693],[-80.3494,25.868]]}},{"type":"Feature","properties":{"n":1,"a":"brightline"},"geometry":{"type":"LineString","coordinates":[[-80.3511,25.8693],[-80.3498,25.869],[-80.3447,25.869]]}},{"type":"Feature","properties":{"n":1,"a":"brightline"},"geometry":{"type":"LineString","coordinates":[[-80.3572,25.8739],[-80.3518,25.8699]]}},{"type":"Feature","properties":{"n":1,"a":"brightline"},"geometry":{"type":"LineString","coordinates":[[-80.3518,25.8699],[-80.3511,25.8693]]}},{"type":"Feature","properties":{"n":1,"a":"brightline"},"geometry":{"type":"LineString","coordinates":[[-80.3569,25.8734],[-80.3518,25.8699]]}},{"type":"Feature","properties":{"n":1,"a":"brightline"},"geometry":{"type":"LineString","coordinates":[[-80.7576,28.4035],[-80.7561,28.4032],[-80.7533,28.4005]]}},{"type":"Feature","properties":{"n":1,"a":"brightline"},"geometry":{"type":"LineString","coordinates":[[-80.716,28.3173],[-80.7132,28.3162],[-80.7125,28.3154]]}},{"type":"Feature","properties":{"n":1,"a":"brightline"},"geometry":{"type":"LineString","coordinates":[[-80.6964,28.2757],[-80.6944,28.2757],[-80.6935,28.275]]}},{"type":"Feature","properties":{"n":1,"a":"brightline"},"geometry":{"type":"LineString","coordinates":[[-80.6966,28.2741],[-80.6935,28.2739],[-80.6926,28.2724]]}},{"type":"Feature","properties":{"n":1,"a":"brightline"},"geometry":{"type":"LineString","coordinates":[[-80.6649,28.2009],[-80.6657,28.2021]]}},{"type":"Feature","properties":{"n":1,"a":"brightline"},"geometry":{"type":"LineString","coordinates":[[-80.5403,27.9487],[-80.5412,27.9497],[-80.5411,27.9521],[-80.5395,27.9529],[-80.5383,27.9522]]}},{"type":"Feature","properties":{"n":1,"a":"brightline"},"geometry":{"type":"LineString","coordinates":[[-80.4475,27.767],[-80.4546,27.7806]]}},{"type":"Feature","properties":{"n":1,"a":"brightline"},"geometry":{"type":"LineString","coordinates":[[-80.4393,27.7519],[-80.4413,27.7555]]}},{"type":"Feature","properties":{"n":1,"a":"brightline"},"geometry":{"type":"LineString","coordinates":[[-80.1128,26.2775],[-80.1127,26.2778]]}},{"type":"Feature","properties":{"n":1,"a":"brightline"},"geometry":{"type":"LineString","coordinates":[[-80.1127,26.2778],[-80.1112,26.2787]]}},{"type":"Feature","properties":{"n":1,"a":"brightline"},"geometry":{"type":"LineString","coordinates":[[-80.1127,26.2778],[-80.112,26.2801]]}},{"type":"Feature","properties":{"n":1,"a":"brightline"},"geometry":{"type":"LineString","coordinates":[[-80.112,26.2801],[-80.1112,26.2808],[-80.1097,26.2808]]}},{"type":"Feature","properties":{"n":1,"a":"brightline"},"geometry":{"type":"LineString","coordinates":[[-80.112,26.2801],[-80.1117,26.2811]]}},{"type":"Feature","properties":{"n":1,"a":"brightline"},"geometry":{"type":"LineString","coordinates":[[-80.1141,26.2724],[-80.1139,26.2737]]}},{"type":"Feature","properties":{"n":1,"a":"brightline"},"geometry":{"type":"LineString","coordinates":[[-80.1397,26.2408],[-80.1394,26.2414]]}},{"type":"Feature","properties":{"n":1,"a":"brightline"},"geometry":{"type":"LineString","coordinates":[[-80.1394,26.2425],[-80.1394,26.2461],[-80.1399,26.2481]]}},{"type":"Feature","properties":{"n":1,"a":"brightline"},"geometry":{"type":"LineString","coordinates":[[-80.1399,26.2481],[-80.1394,26.247],[-80.1376,26.2469]]}},{"type":"Feature","properties":{"n":1,"a":"brightline"},"geometry":{"type":"LineString","coordinates":[[-80.1399,26.2481],[-80.1382,26.2561]]}},{"type":"Feature","properties":{"n":1,"a":"brightline"},"geometry":{"type":"LineString","coordinates":[[-80.1382,26.2561],[-80.1377,26.2581]]}},{"type":"Feature","properties":{"n":1,"a":"brightline"},"geometry":{"type":"LineString","coordinates":[[-80.1387,26.2535],[-80.1382,26.2561]]}},{"type":"Feature","properties":{"n":1,"a":"brightline"},"geometry":{"type":"LineString","coordinates":[[-80.1434,26.0997],[-80.1436,26.1001]]}},{"type":"Feature","properties":{"n":1,"a":"brightline"},"geometry":{"type":"LineString","coordinates":[[-80.1427,26.0965],[-80.1434,26.0997]]}},{"type":"Feature","properties":{"n":1,"a":"brightline"},"geometry":{"type":"LineString","coordinates":[[-80.1431,26.0989],[-80.1434,26.0997]]}},{"type":"Feature","properties":{"n":1,"a":"brightline"},"geometry":{"type":"LineString","coordinates":[[-80.1431,26.0989],[-80.1433,26.1001]]}},{"type":"Feature","properties":{"n":1,"a":"brightline"},"geometry":{"type":"LineString","coordinates":[[-80.3613,25.8716],[-80.3591,25.8741],[-80.3572,25.8739]]}},{"type":"Feature","properties":{"n":1,"a":"brightline"},"geometry":{"type":"LineString","coordinates":[[-80.3645,25.8792],[-80.3627,25.878]]}},{"type":"Feature","properties":{"n":1,"a":"brightline"},"geometry":{"type":"LineString","coordinates":[[-80.3627,25.878],[-80.3635,25.879],[-80.3632,25.8802]]}},{"type":"Feature","properties":{"n":1,"a":"brightline"},"geometry":{"type":"LineString","coordinates":[[-80.3614,25.8758],[-80.3627,25.878]]}},{"type":"Feature","properties":{"n":1,"a":"brightline"},"geometry":{"type":"LineString","coordinates":[[-80.3653,25.8798],[-80.3645,25.8792]]}},{"type":"Feature","properties":{"n":1,"a":"brightline"},"geometry":{"type":"LineString","coordinates":[[-80.3675,25.8814],[-80.3653,25.8798]]}},{"type":"Feature","properties":{"n":1,"a":"brightline"},"geometry":{"type":"LineString","coordinates":[[-80.366,25.8804],[-80.3645,25.8792]]}},{"type":"Feature","properties":{"n":1,"a":"brightline"},"geometry":{"type":"LineString","coordinates":[[-80.3708,25.884],[-80.366,25.8804]]}},{"type":"Feature","properties":{"n":1,"a":"brightline"},"geometry":{"type":"LineString","coordinates":[[-80.3708,25.884],[-80.367,25.8816],[-80.366,25.8804]]}},{"type":"Feature","properties":{"n":1,"a":"brightline"},"geometry":{"type":"LineString","coordinates":[[-80.3769,25.8883],[-80.3675,25.8814]]}},{"type":"Feature","properties":{"n":1,"a":"brightline"},"geometry":{"type":"LineString","coordinates":[[-80.3837,25.8919],[-80.3798,25.8905],[-80.3675,25.8814]]}},{"type":"Feature","properties":{"n":1,"a":"brightline"},"geometry":{"type":"LineString","coordinates":[[-80.3837,25.8919],[-80.3796,25.8905],[-80.3708,25.884]]}},{"type":"Feature","properties":{"n":1,"a":"brightline"},"geometry":{"type":"LineString","coordinates":[[-80.3837,25.8919],[-80.3801,25.8906],[-80.3769,25.8883]]}},{"type":"Feature","properties":{"n":1,"a":"brightline"},"geometry":{"type":"LineString","coordinates":[[-80.3803,25.8876],[-80.3789,25.8889],[-80.3772,25.8884]]}},{"type":"Feature","properties":{"n":1,"a":"brightline"},"geometry":{"type":"LineString","coordinates":[[-80.3772,25.8884],[-80.3769,25.8883]]}},{"type":"Feature","properties":{"n":1,"a":"brightline"},"geometry":{"type":"LineString","coordinates":[[-80.3781,25.8888],[-80.3772,25.8884]]}},{"type":"Feature","properties":{"n":1,"a":"brightline"},"geometry":{"type":"LineString","coordinates":[[-80.3094,25.8023],[-80.3095,25.8035]]}},{"type":"Feature","properties":{"n":1,"a":"brightline"},"geometry":{"type":"LineString","coordinates":[[-80.6966,28.2688],[-80.6955,28.2698],[-80.6951,28.2714],[-80.6939,28.2718]]}},{"type":"Feature","properties":{"n":1,"a":"brightline"},"geometry":{"type":"LineString","coordinates":[[-80.6971,28.2728],[-80.6963,28.272],[-80.6939,28.2718]]}},{"type":"Feature","properties":{"n":1,"a":"brightline"},"geometry":{"type":"LineString","coordinates":[[-80.6928,28.2685],[-80.6915,28.2684],[-80.6908,28.2677]]}},{"type":"Feature","properties":{"n":1,"a":"brightline"},"geometry":{"type":"LineString","coordinates":[[-80.678,28.2301],[-80.6771,28.2306],[-80.677,28.2316]]}},{"type":"Feature","properties":{"n":1,"a":"brightline"},"geometry":{"type":"LineString","coordinates":[[-80.6939,28.2718],[-80.6928,28.2716],[-80.6919,28.2706]]}},{"type":"Feature","properties":{"n":1,"a":"brightline"},"geometry":{"type":"LineString","coordinates":[[-80.3094,25.7999],[-80.3094,25.8016]]}},{"type":"Feature","properties":{"n":1,"a":"brightline"},"geometry":{"type":"LineString","coordinates":[[-80.2455,25.8415],[-80.2427,25.8418]]}},{"type":"Feature","properties":{"n":1,"a":"brightline"},"geometry":{"type":"LineString","coordinates":[[-80.248,25.8417],[-80.2464,25.8418]]}},{"type":"Feature","properties":{"n":1,"a":"brightline"},"geometry":{"type":"LineString","coordinates":[[-80.2541,25.8317],[-80.2542,25.8332]]}},{"type":"Feature","properties":{"n":1,"a":"brightline"},"geometry":{"type":"LineString","coordinates":[[-80.2564,25.831],[-80.2566,25.8341]]}},{"type":"Feature","properties":{"n":1,"a":"brightline"},"geometry":{"type":"LineString","coordinates":[[-80.2566,25.8341],[-80.2566,25.8347]]}},{"type":"Feature","properties":{"n":1,"a":"brightline"},"geometry":{"type":"LineString","coordinates":[[-80.2542,25.8332],[-80.253,25.8322],[-80.2497,25.8322]]}},{"type":"Feature","properties":{"n":1,"a":"brightline"},"geometry":{"type":"LineString","coordinates":[[-80.2564,25.8341],[-80.2566,25.8347]]}},{"type":"Feature","properties":{"n":1,"a":"brightline"},"geometry":{"type":"LineString","coordinates":[[-80.2562,25.8311],[-80.2566,25.8341]]}},{"type":"Feature","properties":{"n":1,"a":"brightline"},"geometry":{"type":"LineString","coordinates":[[-80.256,25.8311],[-80.2564,25.8341]]}},{"type":"Feature","properties":{"n":1,"a":"brightline"},"geometry":{"type":"LineString","coordinates":[[-80.2562,25.8338],[-80.2564,25.8341]]}},{"type":"Feature","properties":{"n":1,"a":"brightline"},"geometry":{"type":"LineString","coordinates":[[-80.2558,25.8312],[-80.2562,25.8338]]}},{"type":"Feature","properties":{"n":1,"a":"brightline"},"geometry":{"type":"LineString","coordinates":[[-80.2557,25.8317],[-80.2562,25.8338]]}},{"type":"Feature","properties":{"n":1,"a":"brightline"},"geometry":{"type":"LineString","coordinates":[[-80.082,26.3881],[-80.0783,26.4116],[-80.073,26.4446],[-80.0618,26.5146],[-80.0544,26.5607],[-80.0539,26.572],[-80.0536,26.5778],[-80.0523,26.5831],[-80.0523,26.5901],[-80.0528,26.5926],[-80.0543,26.5953]]}},{"type":"Feature","properties":{"n":1,"a":"brightline"},"geometry":{"type":"LineString","coordinates":[[-80.0543,26.5953],[-80.0595,26.6055],[-80.0595,26.614],[-80.058,26.6759],[-80.0562,26.6821],[-80.056,26.6859],[-80.0552,26.7155],[-80.0567,26.726],[-80.0569,26.7273]]}},{"type":"Feature","properties":{"n":1,"a":"brightline"},"geometry":{"type":"LineString","coordinates":[[-80.2309,27.1755],[-80.2225,27.1671]]}},{"type":"Feature","properties":{"n":1,"a":"brightline"},"geometry":{"type":"LineString","coordinates":[[-80.2315,27.1762],[-80.2309,27.1755]]}},{"type":"Feature","properties":{"n":1,"a":"brightline"},"geometry":{"type":"LineString","coordinates":[[-80.4201,27.7096],[-80.4229,27.719],[-80.4247,27.7246],[-80.4275,27.7299]]}},{"type":"Feature","properties":{"n":1,"a":"brightline"},"geometry":{"type":"LineString","coordinates":[[-80.3901,27.6192],[-80.3995,27.6451],[-80.4011,27.651],[-80.4022,27.655],[-80.407,27.6664],[-80.4119,27.6824],[-80.413,27.6861]]}},{"type":"Feature","properties":{"n":1,"a":"brightline"},"geometry":{"type":"LineString","coordinates":[[-80.3661,27.5525],[-80.368,27.5573],[-80.3793,27.5867],[-80.3805,27.5945],[-80.3833,27.6063],[-80.3852,27.61],[-80.3887,27.6158],[-80.3901,27.6192]]}},{"type":"Feature","properties":{"n":1,"a":"brightline"},"geometry":{"type":"LineString","coordinates":[[-80.14,26.0832],[-80.1403,26.0842],[-80.1416,26.0904],[-80.1417,26.0908],[-80.1436,26.1001]]}},{"type":"Feature","properties":{"n":1,"a":"brightline"},"geometry":{"type":"LineString","coordinates":[[-80.1887,25.8464],[-80.1886,25.852],[-80.1723,25.8872],[-80.1689,25.8944],[-80.1596,25.9044],[-80.1589,25.9066],[-80.1574,25.916],[-80.1479,25.9462],[-80.147,25.95],[-80.1478,25.9745],[-80.1482,25.9856],[-80.1496,26.0261],[-80.1496,26.0271]]}},{"type":"Feature","properties":{"n":1,"a":"brightline"},"geometry":{"type":"LineString","coordinates":[[-80.1958,25.8418],[-80.1917,25.8419]]}},{"type":"Feature","properties":{"n":1,"a":"brightline"},"geometry":{"type":"LineString","coordinates":[[-80.1958,25.8418],[-80.1938,25.842]]}},{"type":"Feature","properties":{"n":1,"a":"brightline"},"geometry":{"type":"LineString","coordinates":[[-80.2877,25.8413],[-80.2553,25.8422]]}},{"type":"Feature","properties":{"n":1,"a":"brightline"},"geometry":{"type":"LineString","coordinates":[[-80.1496,26.0271],[-80.1498,26.0383],[-80.1455,26.0554],[-80.1431,26.0632],[-80.1372,26.0689],[-80.1356,26.0719],[-80.1358,26.0759],[-80.1387,26.08],[-80.1398,26.0824],[-80.14,26.0832]]}},{"type":"Feature","properties":{"n":1,"a":"brightline"},"geometry":{"type":"LineString","coordinates":[[-80.1128,26.2775],[-80.1019,26.3161],[-80.1006,26.3201],[-80.0988,26.3228],[-80.0918,26.3315],[-80.0908,26.3336],[-80.0866,26.3591],[-80.082,26.3881]]}},{"type":"Feature","properties":{"n":1,"a":"brightline"},"geometry":{"type":"LineString","coordinates":[[-80.4546,27.7806],[-80.467,27.8086],[-80.469,27.8132],[-80.4706,27.8168],[-80.4738,27.8217],[-80.4774,27.8252],[-80.4971,27.8385],[-80.5002,27.841],[-80.5013,27.8434],[-80.5027,27.8753],[-80.5037,27.8794],[-80.5272,27.929],[-80.5383,27.9522]]}},{"type":"Feature","properties":{"n":1,"a":"brightline"},"geometry":{"type":"LineString","coordinates":[[-80.329,27.4631],[-80.3295,27.4652],[-80.3398,27.4897],[-80.3529,27.5213],[-80.3606,27.5388]]}},{"type":"Feature","properties":{"n":1,"a":"brightline"},"geometry":{"type":"LineString","coordinates":[[-80.5383,27.9522],[-80.5461,27.9685],[-80.5576,27.9854],[-80.5661,28.0036],[-80.571,28.0139],[-80.5774,28.0231],[-80.5889,28.045],[-80.6014,28.0695],[-80.6025,28.074],[-80.6055,28.0801],[-80.6103,28.0887],[-80.6315,28.1104],[-80.6328,28.1122],[-80.6334,28.1144],[-80.6348,28.1419],[-80.6358,28.1442],[-80.6408,28.151],[-80.6512,28.1726],[-80.6591,28.1848],[-80.6657,28.2021]]}},{"type":"Feature","properties":{"n":1,"a":"brightline"},"geometry":{"type":"LineString","coordinates":[[-80.7125,28.3154],[-80.7145,28.3206],[-80.7257,28.3339],[-80.7297,28.3447],[-80.73,28.3454],[-80.7313,28.3491],[-80.7315,28.3497],[-80.737,28.3653],[-80.7374,28.3736],[-80.7379,28.3758],[-80.7476,28.3907],[-80.7517,28.3978],[-80.7533,28.4005]]}},{"type":"Feature","properties":{"n":1,"a":"brightline"},"geometry":{"type":"LineString","coordinates":[[-80.1436,26.1001],[-80.145,26.107],[-80.1455,26.1283],[-80.1438,26.1317],[-80.1321,26.1439],[-80.1309,26.1469],[-80.1309,26.1503],[-80.1315,26.1741],[-80.1324,26.2083],[-80.1219,26.2456]]}},{"type":"Feature","properties":{"n":1,"a":"brightline"},"geometry":{"type":"LineString","coordinates":[[-80.2426,27.1873],[-80.2315,27.1762]]}},{"type":"Feature","properties":{"n":1,"a":"brightline"},"geometry":{"type":"LineString","coordinates":[[-80.1882,25.8367],[-80.1887,25.8464]]}},{"type":"Feature","properties":{"n":1,"a":"brightline"},"geometry":{"type":"LineString","coordinates":[[-80.1882,25.8367],[-80.1888,25.8402],[-80.19,25.8414],[-80.1917,25.8419]]}},{"type":"Feature","properties":{"n":1,"a":"brightline"},"geometry":{"type":"LineString","coordinates":[[-80.2553,25.8422],[-80.2544,25.8421]]}},{"type":"Feature","properties":{"n":1,"a":"brightline"},"geometry":{"type":"LineString","coordinates":[[-80.058,26.7347],[-80.0582,26.7363],[-80.0603,26.7513],[-80.0594,26.7646],[-80.0638,26.7755]]}},{"type":"Feature","properties":{"n":1,"a":"brightline"},"geometry":{"type":"LineString","coordinates":[[-80.0642,26.7765],[-80.0735,26.7989],[-80.0793,26.8128],[-80.0809,26.816],[-80.0899,26.826],[-80.0911,26.8279],[-80.0967,26.8486],[-80.0939,26.9343],[-80.0934,26.9436],[-80.0878,26.9507],[-80.0869,26.9535],[-80.0874,26.9557],[-80.0943,26.9707],[-80.0992,26.9815],[-80.1041,26.9897],[-80.1178,27.0225],[-80.1175,27.0456],[-80.1209,27.0512],[-80.1279,27.059],[-80.136,27.0683],[-80.1491,27.0983],[-80.1709,27.1316],[-80.1728,27.133],[-80.1871,27.138],[-80.1991,27.1467],[-80.21,27.1545],[-80.2154,27.16]]}},{"type":"Feature","properties":{"n":1,"a":"brightline"},"geometry":{"type":"LineString","coordinates":[[-80.2544,25.8421],[-80.2529,25.842]]}},{"type":"Feature","properties":{"n":1,"a":"brightline"},"geometry":{"type":"LineString","coordinates":[[-80.2455,25.8415],[-80.2382,25.8411],[-80.2314,25.8407],[-80.2154,25.8412],[-80.1958,25.8418]]}},{"type":"Feature","properties":{"n":1,"a":"brightline"},"geometry":{"type":"LineString","coordinates":[[-80.1917,25.8419],[-80.1901,25.8423],[-80.189,25.8433],[-80.1887,25.8464]]}},{"type":"Feature","properties":{"n":1,"a":"brightline"},"geometry":{"type":"LineString","coordinates":[[-80.2426,27.1873],[-80.2455,27.1902],[-80.2512,27.1959],[-80.2617,27.2053],[-80.2618,27.2065],[-80.2596,27.2128],[-80.2579,27.2151],[-80.2556,27.2168],[-80.2407,27.2219]]}},{"type":"Feature","properties":{"n":1,"a":"brightline"},"geometry":{"type":"LineString","coordinates":[[-80.4475,27.767],[-80.4546,27.7806]]}},{"type":"Feature","properties":{"n":1,"a":"brightline"},"geometry":{"type":"LineString","coordinates":[[-80.4413,27.7555],[-80.4475,27.767]]}},{"type":"Feature","properties":{"n":1,"a":"brightline"},"geometry":{"type":"LineString","coordinates":[[-80.6935,28.275],[-80.7021,28.2982],[-80.7079,28.3085],[-80.7115,28.3134],[-80.7125,28.3154]]}},{"type":"Feature","properties":{"n":1,"a":"brightline"},"geometry":{"type":"LineString","coordinates":[[-80.677,28.2316],[-80.6908,28.2677]]}},{"type":"Feature","properties":{"n":1,"a":"brightline"},"geometry":{"type":"LineString","coordinates":[[-80.4275,27.7299],[-80.4393,27.7519]]}},{"type":"Feature","properties":{"n":1,"a":"brightline"},"geometry":{"type":"LineString","coordinates":[[-80.4393,27.7519],[-80.4413,27.7555]]}},{"type":"Feature","properties":{"n":1,"a":"brightline"},"geometry":{"type":"LineString","coordinates":[[-80.413,27.6861],[-80.4201,27.7096]]}},{"type":"Feature","properties":{"n":1,"a":"brightline"},"geometry":{"type":"LineString","coordinates":[[-80.3606,27.5388],[-80.3661,27.5525]]}},{"type":"Feature","properties":{"n":1,"a":"brightline"},"geometry":{"type":"LineString","coordinates":[[-80.3283,27.4589],[-80.329,27.4631]]}},{"type":"Feature","properties":{"n":1,"a":"brightline"},"geometry":{"type":"LineString","coordinates":[[-80.2225,27.1671],[-80.2154,27.16]]}},{"type":"Feature","properties":{"n":1,"a":"brightline"},"geometry":{"type":"LineString","coordinates":[[-80.0638,26.7755],[-80.0642,26.7765]]}},{"type":"Feature","properties":{"n":1,"a":"brightline"},"geometry":{"type":"LineString","coordinates":[[-80.0541,26.5949],[-80.0543,26.5953]]}},{"type":"Feature","properties":{"n":1,"a":"brightline"},"geometry":{"type":"LineString","coordinates":[[-80.6926,28.2724],[-80.6935,28.275]]}},{"type":"Feature","properties":{"n":1,"a":"brightline"},"geometry":{"type":"LineString","coordinates":[[-80.6919,28.2706],[-80.6926,28.2724]]}},{"type":"Feature","properties":{"n":1,"a":"brightline"},"geometry":{"type":"LineString","coordinates":[[-80.1219,26.2456],[-80.1139,26.2737]]}},{"type":"Feature","properties":{"n":1,"a":"brightline"},"geometry":{"type":"LineString","coordinates":[[-80.1139,26.2737],[-80.1128,26.2775]]}},{"type":"Feature","properties":{"n":1,"a":"brightline"},"geometry":{"type":"LineString","coordinates":[[-80.6908,28.2677],[-80.6919,28.2706]]}},{"type":"Feature","properties":{"n":1,"a":"brightline"},"geometry":{"type":"LineString","coordinates":[[-80.6657,28.2021],[-80.677,28.2316]]}},{"type":"Feature","properties":{"n":1,"a":"brightline"},"geometry":{"type":"LineString","coordinates":[[-80.2529,25.842],[-80.248,25.8417]]}},{"type":"Feature","properties":{"n":1,"a":"brightline"},"geometry":{"type":"LineString","coordinates":[[-80.248,25.8417],[-80.2455,25.8415]]}}]}